{
    "train_loss": [
        0.6678325533866882,
        0.5793091654777527,
        0.34742785351616995,
        0.40405404567718506,
        0.30635078251361847,
        0.3035304184470858,
        0.19560216260807856,
        0.1061972337109702,
        0.07540844327637128,
        0.06765202313129391,
        0.055403818642454486,
        0.03183662419074348,
        0.006817896018869111,
        0.03211117552460304,
        0.05849904487175601,
        0.1992540368810296,
        0.06793394924274512,
        0.022114173908318793,
        0.007221554954802352,
        0.03490326987645988,
        0.050212455115148,
        0.0927932688168117
    ],
    "val_loss": [
        0.6616884171962738,
        0.571484349668026,
        0.4646632894873619,
        0.343441441655159,
        0.6813742518424988,
        0.401738777756691,
        0.36554133892059326,
        0.42503269389271736,
        0.34552744030952454,
        0.422785434871912,
        0.3140204846858978,
        0.14191573485732079,
        0.5948111638426781,
        0.9620002964511514,
        0.38048146665096283,
        0.625610526651144,
        0.7221353650093079,
        0.8449105098843575,
        1.0455681718885899,
        1.4020557701587677,
        1.6789368618046865,
        0.470028817653656
    ],
    "val_auc": [
        0.8271889400921659,
        0.8755760368663594,
        0.9562211981566819,
        0.9331797235023042,
        0.9308755760368663,
        0.9447004608294931,
        0.9423963133640554,
        0.9539170506912442,
        0.9516129032258065,
        0.9516129032258064,
        0.9769585253456221,
        0.988479262672811,
        0.9585253456221199,
        0.9516129032258065,
        0.9493087557603687,
        0.9078341013824884,
        0.9078341013824884,
        0.9331797235023043,
        0.9493087557603687,
        0.9377880184331797,
        0.9470046082949308,
        0.9400921658986174
    ],
    "val_accuracy": [
        0.6888888888888889,
        0.8444444444444444,
        0.8888888888888888,
        0.7555555555555555,
        0.8222222222222222,
        0.9111111111111111,
        0.8444444444444444,
        0.8888888888888888,
        0.8666666666666667,
        0.8222222222222222,
        0.8888888888888888,
        0.9333333333333333,
        0.8666666666666667,
        0.9111111111111111,
        0.8444444444444444,
        0.8888888888888888,
        0.8666666666666667,
        0.8666666666666667,
        0.8666666666666667,
        0.8,
        0.8,
        0.8222222222222222
    ],
    "val_precision": [
        0.0,
        0.8888888888888888,
        0.9090909090909091,
        0.5714285714285714,
        1.0,
        1.0,
        0.7333333333333333,
        0.9090909090909091,
        0.7222222222222222,
        0.6363636363636364,
        0.8461538461538461,
        0.8666666666666667,
        0.9,
        1.0,
        0.7058823529411765,
        0.9090909090909091,
        0.8333333333333334,
        0.9,
        0.9,
        0.8571428571428571,
        1.0,
        0.6875
    ],
    "val_recall": [
        0.0,
        0.5714285714285714,
        0.7142857142857143,
        0.8571428571428571,
        0.42857142857142855,
        0.7142857142857143,
        0.7857142857142857,
        0.7142857142857143,
        0.9285714285714286,
        1.0,
        0.7857142857142857,
        0.9285714285714286,
        0.6428571428571429,
        0.7142857142857143,
        0.8571428571428571,
        0.7142857142857143,
        0.7142857142857143,
        0.6428571428571429,
        0.6428571428571429,
        0.42857142857142855,
        0.35714285714285715,
        0.7857142857142857
    ],
    "val_f1_score": [
        0.0,
        0.6956521739130435,
        0.8,
        0.6857142857142857,
        0.6,
        0.8333333333333334,
        0.7586206896551724,
        0.8,
        0.8125,
        0.7777777777777778,
        0.8148148148148148,
        0.896551724137931,
        0.75,
        0.8333333333333334,
        0.7741935483870968,
        0.8,
        0.7692307692307693,
        0.75,
        0.75,
        0.5714285714285714,
        0.5263157894736842,
        0.7333333333333333
    ]
}