{
    "labels": [
        0,
        0,
        0,
        0,
        0,
        0,
        0,
        0,
        0,
        0,
        0,
        0,
        0,
        0,
        0,
        0,
        0,
        0,
        0,
        0,
        0,
        0,
        0,
        0,
        0,
        0,
        0,
        0,
        0,
        0,
        0,
        0,
        0,
        0,
        0,
        0,
        0,
        0,
        0,
        1,
        1,
        1,
        1,
        1,
        1,
        1,
        1,
        1,
        1,
        1,
        1,
        1,
        1,
        1,
        1,
        1,
        1,
        1,
        1,
        1,
        1,
        1,
        1,
        1
    ],
    "preds": [
        1,
        1,
        0,
        0,
        0,
        0,
        0,
        0,
        0,
        0,
        0,
        0,
        0,
        0,
        0,
        0,
        0,
        0,
        0,
        0,
        0,
        0,
        0,
        0,
        0,
        0,
        0,
        0,
        0,
        0,
        0,
        0,
        1,
        0,
        0,
        0,
        1,
        0,
        0,
        0,
        1,
        1,
        1,
        1,
        1,
        0,
        0,
        1,
        0,
        0,
        1,
        0,
        1,
        1,
        1,
        1,
        1,
        0,
        0,
        1,
        1,
        0,
        1,
        1
    ],
    "probs": [
        0.9948891401290894,
        0.9563876390457153,
        0.0005524065345525742,
        0.0011882653925567865,
        0.00043152415310032666,
        0.00044478062773123384,
        0.0005501761916093528,
        0.0009688617428764701,
        0.00046677509089931846,
        0.00035642433795146644,
        0.0007979460060596466,
        0.48887568712234497,
        0.0004832954437006265,
        0.0003186590038239956,
        0.06070053577423096,
        0.010318662971258163,
        0.00042433489579707384,
        0.00022958482441026717,
        0.0003478237777017057,
        0.0012612122809514403,
        0.00038541675894521177,
        0.0009224358946084976,
        0.00029502742108888924,
        0.0005258066230453551,
        0.001118371495977044,
        0.00048764905659481883,
        0.0015144497156143188,
        0.0004775897250510752,
        0.00039943159208633006,
        0.0006894230027683079,
        0.02811063639819622,
        0.0052840872667729855,
        0.9852185845375061,
        0.0028854538686573505,
        0.0006957394652999938,
        0.0022769493516534567,
        0.9860427975654602,
        0.0024398318491876125,
        0.002329801907762885,
        0.0029271021485328674,
        0.9969075322151184,
        0.9980302453041077,
        0.9913627505302429,
        0.9981698989868164,
        0.9982074499130249,
        0.0004572328762151301,
        0.005283626262098551,
        0.9844983220100403,
        0.3649632930755615,
        0.00022849012748338282,
        0.9979376792907715,
        0.12107792496681213,
        0.996401309967041,
        0.769059419631958,
        0.9789036512374878,
        0.9009665846824646,
        0.9983605742454529,
        0.013768434524536133,
        0.0016320095164701343,
        0.9982497096061707,
        0.8698119521141052,
        0.001129746437072754,
        0.9983338713645935,
        0.99769526720047
    ]
}