{
    "train_loss": [
        0.6877446174621582,
        0.6397172808647156,
        0.4689012403999056,
        0.5543993732758931,
        0.38906275800296236,
        0.2619074801249163,
        0.17927250558776514,
        0.1881299420659031,
        0.11342004473720278,
        0.1152066517887371,
        0.09340703380959374,
        0.09871095212708626,
        0.08497535357517856,
        0.0616949096854244,
        0.042727785550856164,
        0.04555576467620475,
        0.015452237741556019,
        0.0023458730179949532,
        0.002681464175111614,
        0.0020749602117575705,
        0.0009088064211287669,
        0.0005287730372011927,
        0.0004499369263482679,
        0.0005126732669720825,
        0.0002846437678921835,
        0.0004759686323398325,
        0.0004196094741928391,
        0.0004769687251869722
    ],
    "val_loss": [
        0.6682936350504557,
        0.5966208577156067,
        0.6706783870855967,
        0.5683473994334539,
        0.35647034645080566,
        0.5032221774260203,
        0.41240255037943524,
        0.32257113854090375,
        0.3579125131169955,
        0.46861568341652554,
        0.2532789409160614,
        0.4337211474776268,
        0.22965608971814314,
        0.18381490123768648,
        0.3379162326455116,
        0.1168041688700517,
        0.47770579357165843,
        0.04397881294911107,
        0.961956392013235,
        0.5530168144614436,
        0.5101961668697186,
        0.5877458393806592,
        0.6162984398300372,
        0.6353644680445237,
        0.6480926031751247,
        0.6629527811795318,
        0.6793750467137821,
        0.6908094075042754
    ],
    "val_auc": [
        0.711764705882353,
        0.807843137254902,
        0.911764705882353,
        0.9176470588235295,
        0.9549019607843138,
        0.9725490196078432,
        0.9176470588235295,
        0.9568627450980391,
        0.9647058823529411,
        0.9392156862745098,
        0.9882352941176471,
        0.9666666666666668,
        0.9725490196078432,
        0.9764705882352941,
        0.9725490196078431,
        0.996078431372549,
        0.9980392156862745,
        0.9980392156862745,
        0.9901960784313726,
        1.0,
        1.0,
        0.9980392156862745,
        0.9980392156862745,
        0.996078431372549,
        0.996078431372549,
        0.996078431372549,
        0.996078431372549,
        0.996078431372549
    ],
    "val_accuracy": [
        0.6382978723404256,
        0.7446808510638298,
        0.723404255319149,
        0.7021276595744681,
        0.8723404255319149,
        0.7872340425531915,
        0.8085106382978723,
        0.851063829787234,
        0.8723404255319149,
        0.851063829787234,
        0.8723404255319149,
        0.9148936170212766,
        0.9148936170212766,
        0.9361702127659575,
        0.9148936170212766,
        0.9574468085106383,
        0.8936170212765957,
        0.9574468085106383,
        0.8297872340425532,
        0.9148936170212766,
        0.9148936170212766,
        0.9148936170212766,
        0.9148936170212766,
        0.9148936170212766,
        0.9148936170212766,
        0.9148936170212766,
        0.9148936170212766,
        0.9148936170212766
    ],
    "val_precision": [
        0.0,
        0.8571428571428571,
        0.5666666666666667,
        0.5517241379310345,
        0.7894736842105263,
        1.0,
        0.7857142857142857,
        0.75,
        0.9230769230769231,
        0.9166666666666666,
        0.7391304347826086,
        1.0,
        0.9333333333333333,
        1.0,
        0.8095238095238095,
        0.8947368421052632,
        1.0,
        0.9411764705882353,
        1.0,
        1.0,
        1.0,
        1.0,
        1.0,
        1.0,
        1.0,
        1.0,
        1.0,
        1.0
    ],
    "val_recall": [
        0.0,
        0.35294117647058826,
        1.0,
        0.9411764705882353,
        0.8823529411764706,
        0.4117647058823529,
        0.6470588235294118,
        0.8823529411764706,
        0.7058823529411765,
        0.6470588235294118,
        1.0,
        0.7647058823529411,
        0.8235294117647058,
        0.8235294117647058,
        1.0,
        1.0,
        0.7058823529411765,
        0.9411764705882353,
        0.5294117647058824,
        0.7647058823529411,
        0.7647058823529411,
        0.7647058823529411,
        0.7647058823529411,
        0.7647058823529411,
        0.7647058823529411,
        0.7647058823529411,
        0.7647058823529411,
        0.7647058823529411
    ],
    "val_f1_score": [
        0.0,
        0.5,
        0.723404255319149,
        0.6956521739130435,
        0.8333333333333334,
        0.5833333333333334,
        0.7096774193548387,
        0.8108108108108109,
        0.8,
        0.7586206896551724,
        0.85,
        0.8666666666666667,
        0.875,
        0.9032258064516129,
        0.8947368421052632,
        0.9444444444444444,
        0.8275862068965517,
        0.9411764705882353,
        0.6923076923076923,
        0.8666666666666667,
        0.8666666666666667,
        0.8666666666666667,
        0.8666666666666667,
        0.8666666666666667,
        0.8666666666666667,
        0.8666666666666667,
        0.8666666666666667,
        0.8666666666666667
    ]
}