{
    "labels": [
        0,
        0,
        0,
        0,
        0,
        0,
        0,
        0,
        0,
        0,
        0,
        0,
        0,
        0,
        0,
        0,
        0,
        0,
        0,
        0,
        0,
        0,
        0,
        0,
        0,
        0,
        0,
        0,
        0,
        0,
        0,
        0,
        0,
        0,
        0,
        0,
        0,
        0,
        0,
        1,
        1,
        1,
        1,
        1,
        1,
        1,
        1,
        1,
        1,
        1,
        1,
        1,
        1,
        1,
        1,
        1,
        1,
        1,
        1,
        1,
        1,
        1,
        1,
        1
    ],
    "preds": [
        1,
        1,
        0,
        0,
        0,
        0,
        0,
        0,
        0,
        0,
        0,
        0,
        0,
        0,
        0,
        0,
        0,
        0,
        0,
        0,
        0,
        0,
        0,
        0,
        0,
        0,
        0,
        0,
        0,
        0,
        1,
        0,
        1,
        0,
        0,
        0,
        1,
        1,
        0,
        0,
        1,
        1,
        1,
        1,
        1,
        0,
        0,
        1,
        1,
        0,
        1,
        1,
        1,
        1,
        1,
        1,
        1,
        1,
        1,
        1,
        1,
        1,
        1,
        1
    ],
    "probs": [
        0.9996088147163391,
        0.9981258511543274,
        0.0007769105723127723,
        0.0011711043771356344,
        0.007730357348918915,
        0.0005252592964097857,
        0.0007078005000948906,
        0.002100450685247779,
        0.0014418248319998384,
        0.0005804008687846363,
        0.0006763479905202985,
        0.030029185116291046,
        0.0013390183448791504,
        0.0005314843729138374,
        0.001144218840636313,
        0.006494482047855854,
        0.0014102195855230093,
        0.0005096112145110965,
        0.0017061284743249416,
        0.0008789804414846003,
        0.0005750590935349464,
        0.008755777962505817,
        0.0005336279864422977,
        0.0006182303186506033,
        0.002186540514230728,
        0.0005904987920075655,
        0.0007851480622775853,
        0.0014407363487407565,
        0.0006059070583432913,
        0.0128307044506073,
        0.9283363819122314,
        0.0005858754739165306,
        0.9995208978652954,
        0.0032258681021630764,
        0.0007906709797680378,
        0.0005950754275545478,
        0.9985193610191345,
        0.5376543998718262,
        0.018086683005094528,
        0.0795104056596756,
        0.9996833801269531,
        0.9997753500938416,
        0.9995061159133911,
        0.9998401403427124,
        0.999845027923584,
        0.0006461662705987692,
        0.0009304051636718214,
        0.9989051818847656,
        0.9997321963310242,
        0.0005529032787308097,
        0.9998108744621277,
        0.9980059266090393,
        0.9997807145118713,
        0.9996185302734375,
        0.9996182918548584,
        0.9031988978385925,
        0.9929566383361816,
        0.9922351241111755,
        0.999803364276886,
        0.9997891783714294,
        0.99949049949646,
        0.9889060258865356,
        0.9998329877853394,
        0.999775230884552
    ]
}