{
    "train_loss": [
        0.68790336449941,
        0.591335525115331,
        0.5546223719914755,
        0.6584205230077108,
        0.4708258310953776,
        0.4161243538061778,
        0.3075283964474996,
        0.3587782333294551,
        0.19233169655005136,
        0.2322075366973877,
        0.23048071563243866,
        0.2129990557829539,
        0.25911953548590344,
        0.16320458551247916,
        0.07686760773261388,
        0.055332539758334555,
        0.05134317201251785,
        0.5491512169440588
    ],
    "val_loss": [
        0.6552098989486694,
        0.5841414928436279,
        0.8453171849250793,
        0.6662644147872925,
        0.5910459160804749,
        0.6117876768112183,
        0.7972968220710754,
        0.5766782164573669,
        0.7167757153511047,
        0.9906486868858337,
        0.9723318219184875,
        0.8085675835609436,
        1.0379372835159302,
        0.65057772397995,
        1.0071223974227905,
        1.0129729509353638,
        1.6433985233306885,
        1.184182047843933
    ],
    "val_auc": [
        0.6645161290322581,
        0.7580645161290323,
        0.6564516129032257,
        0.7322580645161291,
        0.7661290322580645,
        0.7596774193548387,
        0.7612903225806451,
        0.7903225806451614,
        0.7693548387096775,
        0.8225806451612904,
        0.785483870967742,
        0.8209677419354839,
        0.782258064516129,
        0.8483870967741934,
        0.8225806451612904,
        0.8403225806451613,
        0.7870967741935484,
        0.8129032258064517
    ],
    "val_accuracy": [
        0.6078431372549019,
        0.7254901960784313,
        0.39215686274509803,
        0.7058823529411765,
        0.7843137254901961,
        0.7647058823529411,
        0.6666666666666666,
        0.803921568627451,
        0.803921568627451,
        0.7058823529411765,
        0.7450980392156863,
        0.6862745098039216,
        0.803921568627451,
        0.8235294117647058,
        0.8431372549019608,
        0.7647058823529411,
        0.7647058823529411,
        0.7843137254901961
    ],
    "val_precision": [
        0.0,
        0.7142857142857143,
        0.39215686274509803,
        1.0,
        0.8,
        0.7222222222222222,
        0.5517241379310345,
        0.8125,
        1.0,
        0.5862068965517241,
        1.0,
        0.5714285714285714,
        1.0,
        0.7391304347826086,
        1.0,
        0.6666666666666666,
        1.0,
        1.0
    ],
    "val_recall": [
        0.0,
        0.5,
        1.0,
        0.25,
        0.6,
        0.65,
        0.8,
        0.65,
        0.5,
        0.85,
        0.35,
        0.8,
        0.5,
        0.85,
        0.6,
        0.8,
        0.4,
        0.45
    ],
    "val_f1_score": [
        0.0,
        0.5882352941176471,
        0.5633802816901409,
        0.4,
        0.6857142857142857,
        0.6842105263157895,
        0.6530612244897959,
        0.7222222222222222,
        0.6666666666666666,
        0.6938775510204082,
        0.5185185185185185,
        0.6666666666666666,
        0.6666666666666666,
        0.7906976744186046,
        0.75,
        0.7272727272727273,
        0.5714285714285714,
        0.6206896551724138
    ]
}