{
    "labels": [
        0,
        0,
        0,
        0,
        0,
        0,
        0,
        0,
        0,
        0,
        0,
        0,
        0,
        0,
        0,
        0,
        0,
        0,
        0,
        0,
        0,
        0,
        0,
        0,
        0,
        0,
        0,
        0,
        0,
        0,
        0,
        0,
        0,
        0,
        0,
        0,
        0,
        0,
        0,
        1,
        1,
        1,
        1,
        1,
        1,
        1,
        1,
        1,
        1,
        1,
        1,
        1,
        1,
        1,
        1,
        1,
        1,
        1,
        1,
        1,
        1,
        1,
        1,
        1
    ],
    "preds": [
        1,
        1,
        0,
        0,
        0,
        0,
        0,
        1,
        0,
        0,
        0,
        0,
        0,
        0,
        0,
        0,
        0,
        0,
        0,
        0,
        0,
        0,
        0,
        0,
        0,
        0,
        0,
        0,
        0,
        0,
        1,
        0,
        1,
        0,
        0,
        0,
        1,
        0,
        0,
        0,
        1,
        1,
        1,
        1,
        1,
        0,
        0,
        0,
        1,
        0,
        1,
        1,
        1,
        0,
        1,
        1,
        1,
        1,
        1,
        1,
        1,
        0,
        1,
        1
    ],
    "probs": [
        0.8415799736976624,
        0.689388632774353,
        0.010315989144146442,
        0.3162285387516022,
        0.034754056483507156,
        0.06000234931707382,
        0.010296685621142387,
        0.5608801245689392,
        0.03521134704351425,
        0.009907867759466171,
        0.011511973105370998,
        0.02030649222433567,
        0.013086301274597645,
        0.009562510065734386,
        0.192738339304924,
        0.038855671882629395,
        0.011028382927179337,
        0.009733419865369797,
        0.01145325880497694,
        0.04788981005549431,
        0.011770513840019703,
        0.04328145086765289,
        0.010389446280896664,
        0.01082240417599678,
        0.021164076402783394,
        0.011462824419140816,
        0.25172722339630127,
        0.03378291800618172,
        0.02473282255232334,
        0.01384290587157011,
        0.7771004438400269,
        0.0521014928817749,
        0.5621145367622375,
        0.047210972756147385,
        0.02524767629802227,
        0.04520464316010475,
        0.7439431548118591,
        0.0224626325070858,
        0.05370960384607315,
        0.379482626914978,
        0.9666919708251953,
        0.9276307225227356,
        0.7606328129768372,
        0.9682439565658569,
        0.956034243106842,
        0.012901822105050087,
        0.02033485658466816,
        0.08955087512731552,
        0.9448804259300232,
        0.010523399338126183,
        0.9548115730285645,
        0.5645036101341248,
        0.9235094785690308,
        0.2526289224624634,
        0.929697573184967,
        0.6967037320137024,
        0.9211196303367615,
        0.7561252117156982,
        0.960933268070221,
        0.9100624322891235,
        0.6765428185462952,
        0.04701220244169235,
        0.9154765009880066,
        0.9012635946273804
    ]
}