{
  "source_experiment": "exp_36",
  "seed": 42,
  "num_epochs": 60,
  "patience": 10,
  "model_config": {
    "hidden_size": 128,
    "num_layers": 3,
    "bidirectional": false,
    "dropout_fc": 0.21361465717102748,
    "lr": 0.000677420834459195,
    "weight_decay": 0.0001267082373673688,
    "batch_size": 64,
    "input_size": 512
  },
  "original_test_metrics": {
    "loss": 0.5282727479934692,
    "accuracy": 0.765625,
    "precision": 0.75,
    "recall": 0.6,
    "f1_score": 0.6666666666666666,
    "auc": 0.8533333333333333
  },
  "manifest_features": "experiments\\exp_36\\results\\tables\\manifest_features.csv"
}