{
  "source_experiment": "exp_34",
  "seed": 42,
  "num_epochs": 60,
  "patience": 10,
  "model_config": {
    "hidden_size": 192,
    "num_layers": 3,
    "bidirectional": false,
    "dropout_fc": 0.4416649180712715,
    "lr": 0.0005786701827856834,
    "weight_decay": 4.037512126845391e-05,
    "batch_size": 64,
    "input_size": 512
  },
  "original_test_metrics": {
    "loss": 0.44090723991394043,
    "accuracy": 0.828125,
    "precision": 0.7916666666666666,
    "recall": 0.76,
    "f1_score": 0.7755102040816326,
    "auc": 0.8758974358974358
  },
  "manifest_features": "experiments\\exp_34\\results\\tables\\manifest_features.csv"
}