clip_id,mean_loss,max_loss,conf_error,error_freq,cls,split,video_id,rule_high_loss,rule_conf_error,rule_error_freq,n_rules_triggered,decision
Robbery_069,2.2315483976293495,3.764204978942871,1.0,0.25925925925925924,Robbery,val,Robbery_069,True,True,False,2,filter
Normal_177,1.5440645419337131,3.3187246322631836,1.0,0.25925925925925924,Normal,val,Normal_177,True,True,False,2,filter
Robbery_007,1.509492440632096,2.916327953338623,1.0,0.25925925925925924,Robbery,val,Robbery_007,True,True,False,2,filter
Robbery_137,1.460362299448914,2.9202611446380615,1.0,0.25925925925925924,Robbery,val,Robbery_137,True,True,False,2,filter
Normal_046,1.3714634958240721,3.5483651161193848,1.0,0.25925925925925924,Normal,val,Normal_046,True,True,False,2,filter
Normal_948,1.0749166638210967,3.214235305786133,1.0,0.25925925925925924,Normal,val,Normal_948,True,True,False,2,filter
Robbery_085,1.0371108146177397,3.002009868621826,1.0,0.25925925925925924,Robbery,val,Robbery_085,True,True,False,2,filter
Normal_028,0.9760826420452859,2.9250879287719727,1.0,0.25925925925925924,Normal,val,Normal_028,True,True,False,2,filter
Robbery_146,0.9464434556387089,2.956587553024292,1.0,0.25925925925925924,Robbery,val,Robbery_146,True,True,False,2,filter
