{
    "train_loss": [
        0.6744867414236069,
        0.5697813779115677,
        0.6326116174459457,
        0.4804166927933693,
        0.46747156977653503,
        0.4166083410382271,
        0.37449631094932556,
        0.2543153949081898,
        0.1938716508448124,
        0.22181464731693268,
        0.1086688470095396,
        0.08412760123610497,
        0.3098514061421156,
        0.25318168103694916,
        0.23149005696177483,
        0.1905936263501644,
        0.10420454666018486,
        0.05573839438147843,
        0.029765963088721037,
        0.04529414197895676,
        0.008514481480233371,
        0.09846663102507591,
        0.08086300548166037,
        0.06664734124206007,
        0.08363182633183897,
        0.07955770241096616,
        0.12849263660609722,
        0.07452319003641605,
        0.04244931082939729,
        0.016772769740782678,
        0.0041329907544422895,
        0.0007732995291007683,
        0.00020793036674149334
    ],
    "val_loss": [
        0.6138076782226562,
        0.696385383605957,
        0.6230136156082153,
        0.5091866254806519,
        0.48353326320648193,
        0.39481380581855774,
        0.36758559942245483,
        0.4037853479385376,
        0.5275357961654663,
        0.34555697441101074,
        0.3150731325149536,
        1.2130407094955444,
        0.3843314051628113,
        0.39064204692840576,
        0.2845756709575653,
        0.26447463035583496,
        0.34407490491867065,
        0.3611273169517517,
        0.4269592761993408,
        0.4927683174610138,
        0.82746422290802,
        0.2695883512496948,
        0.15725679695606232,
        0.24574249982833862,
        0.2741429805755615,
        0.6122807264328003,
        0.682429850101471,
        0.5320548415184021,
        0.37094372510910034,
        0.35520103573799133,
        0.7241772413253784,
        0.5899915099143982,
        0.6899333596229553
    ],
    "val_auc": [
        0.7306034482758621,
        0.7629310344827586,
        0.7370689655172413,
        0.8405172413793104,
        0.834051724137931,
        0.8620689655172413,
        0.8771551724137931,
        0.9288793103448276,
        0.959051724137931,
        0.9439655172413793,
        0.9439655172413793,
        0.9245689655172414,
        0.915948275862069,
        0.9396551724137931,
        0.9525862068965518,
        0.959051724137931,
        0.9525862068965517,
        0.9504310344827587,
        0.9525862068965517,
        0.9461206896551724,
        0.9375,
        0.9719827586206897,
        0.9806034482758621,
        0.9806034482758621,
        0.9870689655172413,
        0.9719827586206897,
        0.9439655172413793,
        0.9504310344827587,
        0.959051724137931,
        0.9719827586206896,
        0.9568965517241379,
        0.959051724137931,
        0.9633620689655173
    ],
    "val_accuracy": [
        0.7333333333333333,
        0.6,
        0.6888888888888889,
        0.7555555555555555,
        0.8222222222222222,
        0.8444444444444444,
        0.8666666666666667,
        0.8444444444444444,
        0.7333333333333333,
        0.8666666666666667,
        0.9111111111111111,
        0.6888888888888889,
        0.8444444444444444,
        0.8444444444444444,
        0.8666666666666667,
        0.9111111111111111,
        0.8888888888888888,
        0.9111111111111111,
        0.9111111111111111,
        0.9111111111111111,
        0.8,
        0.8888888888888888,
        0.9111111111111111,
        0.9111111111111111,
        0.9111111111111111,
        0.8222222222222222,
        0.7777777777777778,
        0.8444444444444444,
        0.8888888888888888,
        0.8888888888888888,
        0.8888888888888888,
        0.9111111111111111,
        0.8888888888888888
    ],
    "val_precision": [
        0.8333333333333334,
        0.4666666666666667,
        1.0,
        0.6470588235294118,
        1.0,
        1.0,
        1.0,
        1.0,
        0.5769230769230769,
        0.8125,
        0.875,
        0.5384615384615384,
        0.7368421052631579,
        1.0,
        0.8571428571428571,
        0.9285714285714286,
        0.9230769230769231,
        0.9285714285714286,
        0.9285714285714286,
        0.9285714285714286,
        1.0,
        0.8666666666666667,
        0.9285714285714286,
        1.0,
        0.8,
        1.0,
        0.625,
        1.0,
        0.8666666666666667,
        0.8235294117647058,
        1.0,
        1.0,
        0.8235294117647058
    ],
    "val_recall": [
        0.3125,
        0.875,
        0.125,
        0.6875,
        0.5,
        0.5625,
        0.625,
        0.5625,
        0.9375,
        0.8125,
        0.875,
        0.875,
        0.875,
        0.5625,
        0.75,
        0.8125,
        0.75,
        0.8125,
        0.8125,
        0.8125,
        0.4375,
        0.8125,
        0.8125,
        0.75,
        1.0,
        0.5,
        0.9375,
        0.5625,
        0.8125,
        0.875,
        0.6875,
        0.75,
        0.875
    ],
    "val_f1_score": [
        0.45454545454545453,
        0.6086956521739131,
        0.2222222222222222,
        0.6666666666666666,
        0.6666666666666666,
        0.72,
        0.7692307692307693,
        0.72,
        0.7142857142857143,
        0.8125,
        0.875,
        0.6666666666666666,
        0.8,
        0.72,
        0.8,
        0.8666666666666667,
        0.8275862068965517,
        0.8666666666666667,
        0.8666666666666667,
        0.8666666666666667,
        0.6086956521739131,
        0.8387096774193549,
        0.8666666666666667,
        0.8571428571428571,
        0.8888888888888888,
        0.6666666666666666,
        0.75,
        0.72,
        0.8387096774193549,
        0.8484848484848485,
        0.8148148148148148,
        0.8571428571428571,
        0.8484848484848485
    ]
}