{
    "labels": [
        0,
        0,
        0,
        0,
        0,
        0,
        0,
        0,
        0,
        0,
        0,
        0,
        0,
        0,
        0,
        0,
        0,
        0,
        0,
        0,
        0,
        0,
        0,
        0,
        0,
        0,
        0,
        0,
        0,
        0,
        0,
        0,
        0,
        0,
        0,
        0,
        0,
        0,
        0,
        1,
        1,
        1,
        1,
        1,
        1,
        1,
        1,
        1,
        1,
        1,
        1,
        1,
        1,
        1,
        1,
        1,
        1,
        1,
        1,
        1,
        1,
        1,
        1,
        1
    ],
    "preds": [
        1,
        1,
        0,
        0,
        0,
        0,
        0,
        0,
        0,
        0,
        0,
        0,
        0,
        0,
        0,
        0,
        0,
        0,
        0,
        0,
        0,
        0,
        0,
        0,
        0,
        0,
        0,
        0,
        0,
        0,
        0,
        0,
        1,
        1,
        0,
        0,
        0,
        1,
        0,
        0,
        1,
        1,
        1,
        1,
        1,
        0,
        0,
        0,
        1,
        0,
        1,
        0,
        1,
        1,
        1,
        0,
        1,
        0,
        1,
        1,
        0,
        0,
        1,
        1
    ],
    "probs": [
        0.7531952261924744,
        0.976452648639679,
        0.005515505559742451,
        0.0024529218208044767,
        0.003485235618427396,
        0.0024196370504796505,
        0.003279955592006445,
        0.0026485349517315626,
        0.044174470007419586,
        0.01193698588758707,
        0.033541809767484665,
        0.06599963456392288,
        0.002591196447610855,
        0.001400497741997242,
        0.22617411613464355,
        0.059106066823005676,
        0.00515324342995882,
        0.00249486044049263,
        0.00819554552435875,
        0.002986793639138341,
        0.005695998668670654,
        0.002870930591598153,
        0.005266160238534212,
        0.011849289759993553,
        0.03199373185634613,
        0.0052566686645150185,
        0.002260383917018771,
        0.059634510427713394,
        0.0023529261816293,
        0.008509702049195766,
        0.034500014036893845,
        0.004620658233761787,
        0.9986874461174011,
        0.6126350164413452,
        0.0032974176574498415,
        0.004702595062553883,
        0.023632371798157692,
        0.9848746657371521,
        0.004301885142922401,
        0.0035880114883184433,
        0.9979329109191895,
        0.9986646175384521,
        0.9984148740768433,
        0.9996209144592285,
        0.9996387958526611,
        0.05857499688863754,
        0.016187168657779694,
        0.2779529094696045,
        0.9976919889450073,
        0.007485940121114254,
        0.9988287091255188,
        0.03700452670454979,
        0.9994632601737976,
        0.9921253323554993,
        0.7887402176856995,
        0.24816451966762543,
        0.9801140427589417,
        0.4053892493247986,
        0.9995149374008179,
        0.9686638712882996,
        0.38730913400650024,
        0.10109187662601471,
        0.9994378685951233,
        0.9966879487037659
    ]
}