{
    "best_hyperparameters": {
        "hidden_size": 128,
        "num_layers": 3,
        "bidirectional": true,
        "lr": 0.001530211827917327,
        "weight_decay": 1.1272409278847976e-05,
        "batch_size": 64,
        "dropout_fc": 0.26878468399379435
    },
    "best_validation_loss": 0.15725679695606232,
    "best_validation_auc": 0.9806034482758621,
    "best_epoch": 23,
    "test_metrics": {
        "loss": 0.7120044231414795,
        "accuracy": 0.765625,
        "precision": 0.75,
        "recall": 0.6,
        "f1_score": 0.6666666666666666,
        "auc": 0.88
    },
    "features_manifest": "..\\experiments\\exp_55\\results\\tables\\manifest_features.csv"
}