{
    "train_loss": [
        0.6767360142299107,
        0.572163564818246,
        0.467499030487878,
        0.34119148765291485,
        0.2674972840717861,
        0.6677216717175075,
        0.3650493196078709,
        0.22316413266318186,
        0.25445011258125305,
        0.33615049719810486,
        0.21316172182559967,
        0.15263402249131883,
        0.1139599611716611,
        0.0874703090105738,
        0.08259595238736697,
        0.08058393227734736
    ],
    "val_loss": [
        0.6851256489753723,
        0.5449974685907364,
        0.5733254551887512,
        0.5963660776615143,
        1.1878509745001793,
        0.5393240451812744,
        0.5647089779376984,
        0.7783427536487579,
        0.6555936634540558,
        0.5950352251529694,
        0.6707315742969513,
        0.7907087206840515,
        0.6684782803058624,
        0.8445884883403778,
        0.9659657776355743,
        0.8352401256561279
    ],
    "val_auc": [
        0.7419354838709677,
        0.8089330024813896,
        0.8101736972704715,
        0.7990074441687345,
        0.7679900744416874,
        0.8622828784119106,
        0.792803970223325,
        0.7754342431761787,
        0.847394540942928,
        0.8498759305210919,
        0.7853598014888337,
        0.8014888337468983,
        0.8287841191066997,
        0.8560794044665012,
        0.8002481389578162,
        0.8622828784119108
    ],
    "val_accuracy": [
        0.543859649122807,
        0.7017543859649122,
        0.7192982456140351,
        0.7719298245614035,
        0.5789473684210527,
        0.7368421052631579,
        0.7543859649122807,
        0.7719298245614035,
        0.7192982456140351,
        0.7192982456140351,
        0.7719298245614035,
        0.8245614035087719,
        0.8070175438596491,
        0.7192982456140351,
        0.8070175438596491,
        0.7543859649122807
    ],
    "val_precision": [
        0.0,
        0.6216216216216216,
        0.6388888888888888,
        0.782608695652174,
        1.0,
        0.6486486486486487,
        0.75,
        0.8421052631578947,
        0.6785714285714286,
        0.65625,
        0.8421052631578947,
        0.9444444444444444,
        0.8571428571428571,
        0.6785714285714286,
        0.8571428571428571,
        0.7307692307692307
    ],
    "val_recall": [
        0.0,
        0.8846153846153846,
        0.8846153846153846,
        0.6923076923076923,
        0.07692307692307693,
        0.9230769230769231,
        0.6923076923076923,
        0.6153846153846154,
        0.7307692307692307,
        0.8076923076923077,
        0.6153846153846154,
        0.6538461538461539,
        0.6923076923076923,
        0.7307692307692307,
        0.6923076923076923,
        0.7307692307692307
    ],
    "val_f1_score": [
        0.0,
        0.7301587301587301,
        0.7419354838709677,
        0.7346938775510204,
        0.14285714285714285,
        0.7619047619047619,
        0.72,
        0.7111111111111111,
        0.7037037037037037,
        0.7241379310344828,
        0.7111111111111111,
        0.7727272727272727,
        0.7659574468085106,
        0.7037037037037037,
        0.7659574468085106,
        0.7307692307692307
    ]
}