{
    "labels": [
        0,
        0,
        0,
        0,
        0,
        0,
        0,
        0,
        0,
        0,
        0,
        0,
        0,
        0,
        0,
        0,
        0,
        0,
        0,
        0,
        0,
        0,
        0,
        0,
        0,
        0,
        0,
        0,
        0,
        0,
        0,
        0,
        0,
        0,
        0,
        0,
        0,
        0,
        0,
        1,
        1,
        1,
        1,
        1,
        1,
        1,
        1,
        1,
        1,
        1,
        1,
        1,
        1,
        1,
        1,
        1,
        1,
        1,
        1,
        1,
        1,
        1,
        1,
        1,
        1,
        1,
        1,
        1,
        1,
        1,
        1
    ],
    "preds": [
        1,
        1,
        0,
        0,
        0,
        0,
        0,
        0,
        0,
        0,
        1,
        1,
        1,
        0,
        0,
        0,
        0,
        0,
        0,
        0,
        0,
        1,
        0,
        0,
        0,
        0,
        0,
        0,
        1,
        1,
        0,
        0,
        1,
        1,
        0,
        1,
        1,
        1,
        0,
        1,
        1,
        1,
        1,
        1,
        1,
        1,
        1,
        1,
        1,
        0,
        1,
        1,
        1,
        1,
        1,
        1,
        1,
        1,
        1,
        1,
        1,
        1,
        1,
        1,
        1,
        1,
        1,
        1,
        1,
        1,
        1
    ],
    "probs": [
        0.6337984800338745,
        0.675578236579895,
        0.40653905272483826,
        0.37917444109916687,
        0.3564102351665497,
        0.355813205242157,
        0.4348796606063843,
        0.37729284167289734,
        0.4245007336139679,
        0.3427461087703705,
        0.5548285245895386,
        0.8049049377441406,
        0.6215691566467285,
        0.340322881937027,
        0.3599206805229187,
        0.3395636975765228,
        0.4240809679031372,
        0.40178343653678894,
        0.3554435074329376,
        0.48208966851234436,
        0.3101957142353058,
        0.72538822889328,
        0.3003530502319336,
        0.46013039350509644,
        0.48146161437034607,
        0.4169732928276062,
        0.42081624269485474,
        0.43472352623939514,
        0.6981246471405029,
        0.6541833281517029,
        0.3715135455131531,
        0.38271668553352356,
        0.6045264005661011,
        0.8414439558982849,
        0.3571988046169281,
        0.6081932187080383,
        0.7996135354042053,
        0.7531343102455139,
        0.36627355217933655,
        0.9696921706199646,
        0.8956234455108643,
        0.7518576383590698,
        0.8938849568367004,
        0.6165125966072083,
        0.6358233094215393,
        0.9113393425941467,
        0.9572179317474365,
        0.6632878184318542,
        0.9309333562850952,
        0.49928826093673706,
        0.5090155601501465,
        0.8227736949920654,
        0.8170344829559326,
        0.8010268807411194,
        0.8320695161819458,
        0.8079665899276733,
        0.6367891430854797,
        0.9059197902679443,
        0.6086738109588623,
        0.6995102167129517,
        0.9370774030685425,
        0.6171032786369324,
        0.9563254117965698,
        0.6350250840187073,
        0.715269148349762,
        0.5547401905059814,
        0.9393213987350464,
        0.7122217416763306,
        0.9057049751281738,
        0.5980728268623352,
        0.9078934788703918
    ]
}