{
    "train_loss": [
        0.6885350793600082,
        0.6876949220895767,
        0.6783178746700287,
        0.6632362455129623,
        0.6406096071004868,
        0.606011301279068,
        0.55118228495121,
        0.47340037673711777,
        0.38676033914089203,
        0.2878609709441662,
        0.2635253071784973,
        0.2443961352109909,
        0.2193944714963436,
        0.24056413024663925,
        0.2208804301917553,
        0.1578010506927967,
        0.12873751670122147,
        0.2713744379580021,
        0.21295561641454697,
        0.19654577039182186,
        0.1737537793815136,
        0.1719081997871399,
        0.1417375709861517,
        0.1238026600331068,
        0.09248665068298578,
        0.0839486662298441,
        0.07743641082197428,
        0.042869945988059044,
        0.029464630875736475
    ],
    "val_loss": [
        0.6840317249298096,
        0.6795260906219482,
        0.6758186221122742,
        0.6646583676338196,
        0.644318699836731,
        0.6197775602340698,
        0.5829724073410034,
        0.5488216280937195,
        0.5250690579414368,
        0.49046027660369873,
        0.5235037207603455,
        0.6684380769729614,
        0.6572484970092773,
        0.7162950038909912,
        0.55326247215271,
        0.7001979351043701,
        0.7002162933349609,
        0.8470372557640076,
        0.40746039152145386,
        0.5321643948554993,
        0.5119448304176331,
        0.5269479155540466,
        0.5448656678199768,
        0.5142279267311096,
        0.5815343856811523,
        0.5975802540779114,
        0.6753008961677551,
        0.6862671971321106,
        0.7118726372718811
    ],
    "val_auc": [
        0.6790322580645162,
        0.6645161290322581,
        0.7258064516129031,
        0.735483870967742,
        0.7870967741935484,
        0.7870967741935484,
        0.7935483870967742,
        0.8032258064516129,
        0.814516129032258,
        0.8387096774193548,
        0.832258064516129,
        0.8032258064516129,
        0.8370967741935484,
        0.7967741935483872,
        0.8516129032258064,
        0.7967741935483872,
        0.8677419354838709,
        0.7887096774193548,
        0.8951612903225806,
        0.853225806451613,
        0.85,
        0.853225806451613,
        0.8435483870967742,
        0.864516129032258,
        0.8693548387096774,
        0.853225806451613,
        0.8516129032258064,
        0.8516129032258064,
        0.853225806451613
    ],
    "val_accuracy": [
        0.6078431372549019,
        0.6078431372549019,
        0.6078431372549019,
        0.6274509803921569,
        0.7058823529411765,
        0.7058823529411765,
        0.7254901960784313,
        0.7254901960784313,
        0.7647058823529411,
        0.803921568627451,
        0.803921568627451,
        0.7450980392156863,
        0.7647058823529411,
        0.7254901960784313,
        0.7450980392156863,
        0.7450980392156863,
        0.7647058823529411,
        0.6862745098039216,
        0.8627450980392157,
        0.8235294117647058,
        0.7843137254901961,
        0.7254901960784313,
        0.8235294117647058,
        0.7843137254901961,
        0.8235294117647058,
        0.8235294117647058,
        0.803921568627451,
        0.8235294117647058,
        0.8235294117647058
    ],
    "val_precision": [
        0.0,
        0.0,
        0.5,
        0.6666666666666666,
        0.8571428571428571,
        0.8571428571428571,
        0.8,
        0.75,
        0.7857142857142857,
        0.8125,
        0.9166666666666666,
        0.8888888888888888,
        0.6538461538461539,
        0.8,
        0.6842105263157895,
        0.8181818181818182,
        0.6538461538461539,
        0.75,
        0.8421052631578947,
        0.7391304347826086,
        0.7142857142857143,
        0.75,
        0.7619047619047619,
        0.7142857142857143,
        0.8666666666666667,
        0.8235294117647058,
        0.75,
        0.7894736842105263,
        0.7894736842105263
    ],
    "val_recall": [
        0.0,
        0.0,
        0.05,
        0.1,
        0.3,
        0.3,
        0.4,
        0.45,
        0.55,
        0.65,
        0.55,
        0.4,
        0.85,
        0.4,
        0.65,
        0.45,
        0.85,
        0.3,
        0.8,
        0.85,
        0.75,
        0.45,
        0.8,
        0.75,
        0.65,
        0.7,
        0.75,
        0.75,
        0.75
    ],
    "val_f1_score": [
        0.0,
        0.0,
        0.09090909090909091,
        0.17391304347826086,
        0.4444444444444444,
        0.4444444444444444,
        0.5333333333333333,
        0.5625,
        0.6470588235294118,
        0.7222222222222222,
        0.6875,
        0.5517241379310345,
        0.7391304347826086,
        0.5333333333333333,
        0.6666666666666666,
        0.5806451612903226,
        0.7391304347826086,
        0.42857142857142855,
        0.8205128205128205,
        0.7906976744186046,
        0.7317073170731707,
        0.5625,
        0.7804878048780488,
        0.7317073170731707,
        0.7428571428571429,
        0.7567567567567568,
        0.75,
        0.7692307692307693,
        0.7692307692307693
    ]
}