{
    "labels": [
        0,
        0,
        0,
        0,
        0,
        0,
        0,
        0,
        0,
        0,
        0,
        0,
        0,
        0,
        0,
        0,
        0,
        0,
        0,
        0,
        0,
        0,
        0,
        0,
        0,
        0,
        0,
        0,
        0,
        0,
        0,
        0,
        0,
        0,
        0,
        0,
        0,
        0,
        0,
        1,
        1,
        1,
        1,
        1,
        1,
        1,
        1,
        1,
        1,
        1,
        1,
        1,
        1,
        1,
        1,
        1,
        1,
        1,
        1,
        1,
        1,
        1,
        1,
        1
    ],
    "preds": [
        0,
        0,
        0,
        0,
        0,
        0,
        0,
        0,
        0,
        0,
        1,
        0,
        0,
        0,
        0,
        0,
        0,
        0,
        0,
        0,
        0,
        0,
        0,
        0,
        0,
        0,
        0,
        0,
        0,
        0,
        0,
        0,
        0,
        0,
        0,
        0,
        1,
        0,
        0,
        0,
        1,
        1,
        1,
        1,
        1,
        0,
        0,
        0,
        1,
        0,
        1,
        0,
        1,
        1,
        0,
        1,
        1,
        1,
        1,
        1,
        0,
        0,
        1,
        1
    ],
    "probs": [
        0.44502580165863037,
        0.38630059361457825,
        0.015632735565304756,
        0.14134103059768677,
        0.028674274682998657,
        0.15139232575893402,
        0.014820602722465992,
        0.25800082087516785,
        0.04232324659824371,
        0.028427081182599068,
        0.9091776013374329,
        0.4519485533237457,
        0.015937412157654762,
        0.016357028856873512,
        0.051106441766023636,
        0.04723638296127319,
        0.01595275104045868,
        0.015194064937531948,
        0.030698686838150024,
        0.2321840226650238,
        0.01302679069340229,
        0.03679434955120087,
        0.015362809412181377,
        0.02231338806450367,
        0.012877075001597404,
        0.027341321110725403,
        0.14331890642642975,
        0.040267959237098694,
        0.14577971398830414,
        0.045904550701379776,
        0.041031476110219955,
        0.04288114979863167,
        0.061566658318042755,
        0.3568107783794403,
        0.04260134696960449,
        0.051037050783634186,
        0.5190328359603882,
        0.03279738500714302,
        0.06889235973358154,
        0.07065040618181229,
        0.9884461164474487,
        0.8908753395080566,
        0.682206392288208,
        0.9819530844688416,
        0.9505895972251892,
        0.014131598174571991,
        0.011543025262653828,
        0.3730277717113495,
        0.9868087768554688,
        0.014556358568370342,
        0.986984372138977,
        0.45504218339920044,
        0.9235534071922302,
        0.9744217991828918,
        0.3616292178630829,
        0.6705962419509888,
        0.9404400587081909,
        0.5678991675376892,
        0.9786367416381836,
        0.9104088544845581,
        0.1829548180103302,
        0.04909370094537735,
        0.8740861415863037,
        0.9490119814872742
    ]
}