{
  "source_experiment": "exp_21",
  "seed": 42,
  "num_epochs": 60,
  "patience": 10,
  "model_config": {
    "hidden_size": 128,
    "num_layers": 2,
    "bidirectional": false,
    "dropout_fc": 0.21423497348209186,
    "lr": 0.001943283694176315,
    "weight_decay": 1.933291062238922e-05,
    "batch_size": 64,
    "input_size": 512
  },
  "original_test_metrics": {
    "loss": 0.5664997100830078,
    "accuracy": 0.765625,
    "precision": 0.6923076923076923,
    "recall": 0.72,
    "f1_score": 0.7058823529411765,
    "auc": 0.8317948717948718
  },
  "manifest_features": "experiments\\exp_21\\results\\tables\\manifest_features.csv"
}