{
    "labels": [
        0,
        0,
        0,
        0,
        0,
        0,
        0,
        0,
        0,
        0,
        0,
        0,
        0,
        0,
        0,
        0,
        0,
        0,
        0,
        0,
        0,
        0,
        0,
        0,
        0,
        0,
        0,
        0,
        0,
        0,
        0,
        0,
        0,
        0,
        0,
        0,
        0,
        0,
        0,
        1,
        1,
        1,
        1,
        1,
        1,
        1,
        1,
        1,
        1,
        1,
        1,
        1,
        1,
        1,
        1,
        1,
        1,
        1,
        1,
        1,
        1,
        1,
        1,
        1
    ],
    "preds": [
        1,
        1,
        0,
        0,
        0,
        0,
        0,
        0,
        0,
        0,
        0,
        0,
        0,
        0,
        0,
        0,
        0,
        0,
        0,
        0,
        0,
        0,
        0,
        0,
        0,
        0,
        0,
        0,
        0,
        0,
        0,
        0,
        1,
        0,
        0,
        0,
        1,
        0,
        0,
        0,
        1,
        1,
        1,
        1,
        1,
        0,
        0,
        1,
        1,
        0,
        1,
        0,
        1,
        1,
        1,
        1,
        1,
        1,
        1,
        1,
        1,
        0,
        1,
        1
    ],
    "probs": [
        0.8348060846328735,
        0.9551702737808228,
        0.003776200581341982,
        0.018867280334234238,
        0.004308344330638647,
        0.0027661339845508337,
        0.003284918377175927,
        0.08557405322790146,
        0.011666505597531796,
        0.005709268152713776,
        0.017954956740140915,
        0.11885781586170197,
        0.008327134884893894,
        0.0035765008069574833,
        0.18312637507915497,
        0.009345117025077343,
        0.006592312827706337,
        0.0026618922129273415,
        0.004844531416893005,
        0.03039306402206421,
        0.0023120895493775606,
        0.01461169496178627,
        0.002612869953736663,
        0.005026696715503931,
        0.01345930714160204,
        0.008810780011117458,
        0.018317196518182755,
        0.011049429886043072,
        0.0062941331416368484,
        0.04928262531757355,
        0.0072376723401248455,
        0.019347066059708595,
        0.6744414567947388,
        0.4094155728816986,
        0.0030760085210204124,
        0.010964436456561089,
        0.9760096669197083,
        0.4512961506843567,
        0.017706358805298805,
        0.01926128938794136,
        0.9246952533721924,
        0.9922307133674622,
        0.8407648205757141,
        0.9966771602630615,
        0.9971874356269836,
        0.0036718284245580435,
        0.004989922512322664,
        0.7790055871009827,
        0.9890636801719666,
        0.005891174543648958,
        0.9848949313163757,
        0.08594536036252975,
        0.9846619367599487,
        0.9739885926246643,
        0.8026883602142334,
        0.675142228603363,
        0.9518570899963379,
        0.8340740203857422,
        0.9941473007202148,
        0.9936916828155518,
        0.922842800617218,
        0.22021177411079407,
        0.9945270419120789,
        0.9858742952346802
    ]
}