{
    "best_hyperparameters": {
        "hidden_size": 96,
        "num_layers": 1,
        "bidirectional": false,
        "lr": 0.001844208532004795,
        "weight_decay": 8.505256919251342e-05,
        "batch_size": 64,
        "dropout_fc": 0.25828446184238935
    },
    "best_validation_loss": 0.18790553510189056,
    "best_validation_auc": 0.9798387096774193,
    "best_epoch": 17,
    "test_metrics": {
        "loss": 0.5801248550415039,
        "accuracy": 0.84375,
        "precision": 0.8260869565217391,
        "recall": 0.76,
        "f1_score": 0.7916666666666666,
        "auc": 0.8615384615384615
    },
    "features_manifest": "..\\experiments\\exp_67\\results\\tables\\manifest_features.csv"
}