{
    "train_loss": [
        0.6645049750804901,
        0.6232752650976181,
        0.5029034316539764,
        0.43882350623607635,
        0.396670363843441,
        0.5053120478987694,
        0.40319616347551346,
        0.36313390731811523,
        0.3717186227440834,
        0.284485824406147,
        0.2683645263314247,
        0.17463554814457893,
        0.16774611920118332,
        0.14185833651572466,
        0.10115654673427343,
        0.18338708952069283,
        0.11002194322645664,
        0.08556536305695772,
        0.06175562646239996,
        0.047016800846904516,
        0.04288349382113665,
        0.03475380386225879,
        0.03213124501053244,
        0.0729588225367479,
        0.1643085740506649,
        0.1467347191646695,
        0.16358283907175064
    ],
    "val_loss": [
        0.6187828183174133,
        0.579849362373352,
        0.5056731104850769,
        0.5186346769332886,
        0.6361708045005798,
        0.523852527141571,
        0.42517736554145813,
        0.3537082076072693,
        0.37413525581359863,
        0.3351878523826599,
        0.29995277523994446,
        0.32098448276519775,
        0.2522399425506592,
        0.31145423650741577,
        0.30603694915771484,
        0.35767102241516113,
        0.18790553510189056,
        0.2078360766172409,
        0.2787095308303833,
        0.4731285274028778,
        0.34576237201690674,
        0.5531005263328552,
        0.5693153738975525,
        0.766628086566925,
        0.2918107509613037,
        0.44460734724998474,
        0.5671488046646118
    ],
    "val_auc": [
        0.7762096774193549,
        0.7681451612903226,
        0.8548387096774194,
        0.8669354838709677,
        0.8608870967741935,
        0.8790322580645161,
        0.8770161290322581,
        0.9294354838709677,
        0.9213709677419355,
        0.935483870967742,
        0.939516129032258,
        0.9516129032258064,
        0.9596774193548386,
        0.9516129032258065,
        0.9596774193548387,
        0.9415322580645161,
        0.9798387096774193,
        0.971774193548387,
        0.9536290322580645,
        0.9637096774193548,
        0.9657258064516129,
        0.9657258064516129,
        0.9717741935483871,
        0.9637096774193549,
        0.9516129032258064,
        0.9213709677419355,
        0.909274193548387
    ],
    "val_accuracy": [
        0.6595744680851063,
        0.6595744680851063,
        0.7872340425531915,
        0.7021276595744681,
        0.6808510638297872,
        0.6595744680851063,
        0.8085106382978723,
        0.8297872340425532,
        0.8297872340425532,
        0.8297872340425532,
        0.8936170212765957,
        0.8723404255319149,
        0.8723404255319149,
        0.8723404255319149,
        0.851063829787234,
        0.851063829787234,
        0.9148936170212766,
        0.8936170212765957,
        0.8936170212765957,
        0.8723404255319149,
        0.8936170212765957,
        0.851063829787234,
        0.7659574468085106,
        0.8085106382978723,
        0.9361702127659575,
        0.851063829787234,
        0.851063829787234
    ],
    "val_precision": [
        0.0,
        0.5,
        0.6666666666666666,
        0.5416666666666666,
        1.0,
        0.5,
        0.8888888888888888,
        0.75,
        0.6818181818181818,
        0.7222222222222222,
        0.9230769230769231,
        0.9166666666666666,
        0.8125,
        1.0,
        0.7142857142857143,
        0.8461538461538461,
        0.875,
        0.8235294117647058,
        0.8235294117647058,
        1.0,
        0.7894736842105263,
        1.0,
        0.5925925925925926,
        1.0,
        0.9333333333333333,
        0.9090909090909091,
        1.0
    ],
    "val_recall": [
        0.0,
        0.0625,
        0.75,
        0.8125,
        0.0625,
        0.9375,
        0.5,
        0.75,
        0.9375,
        0.8125,
        0.75,
        0.6875,
        0.8125,
        0.625,
        0.9375,
        0.6875,
        0.875,
        0.875,
        0.875,
        0.625,
        0.9375,
        0.5625,
        1.0,
        0.4375,
        0.875,
        0.625,
        0.5625
    ],
    "val_f1_score": [
        0.0,
        0.1111111111111111,
        0.7058823529411765,
        0.65,
        0.11764705882352941,
        0.6521739130434783,
        0.64,
        0.75,
        0.7894736842105263,
        0.7647058823529411,
        0.8275862068965517,
        0.7857142857142857,
        0.8125,
        0.7692307692307693,
        0.8108108108108109,
        0.7586206896551724,
        0.875,
        0.8484848484848485,
        0.8484848484848485,
        0.7692307692307693,
        0.8571428571428571,
        0.72,
        0.7441860465116279,
        0.6086956521739131,
        0.9032258064516129,
        0.7407407407407407,
        0.72
    ]
}