{
    "labels": [
        0,
        0,
        0,
        0,
        0,
        0,
        0,
        0,
        0,
        0,
        0,
        0,
        0,
        0,
        0,
        0,
        0,
        0,
        0,
        0,
        0,
        0,
        0,
        0,
        0,
        0,
        0,
        0,
        0,
        0,
        0,
        0,
        0,
        0,
        0,
        0,
        0,
        0,
        0,
        1,
        1,
        1,
        1,
        1,
        1,
        1,
        1,
        1,
        1,
        1,
        1,
        1,
        1,
        1,
        1,
        1,
        1,
        1,
        1,
        1,
        1,
        1,
        1,
        1
    ],
    "preds": [
        1,
        1,
        0,
        0,
        0,
        0,
        0,
        0,
        0,
        0,
        0,
        0,
        0,
        0,
        0,
        0,
        0,
        0,
        0,
        0,
        0,
        0,
        0,
        0,
        0,
        0,
        0,
        0,
        0,
        0,
        0,
        0,
        0,
        0,
        0,
        0,
        0,
        0,
        0,
        0,
        1,
        1,
        1,
        1,
        1,
        0,
        0,
        0,
        1,
        0,
        1,
        0,
        1,
        0,
        1,
        1,
        1,
        0,
        1,
        1,
        0,
        0,
        1,
        1
    ],
    "probs": [
        0.911288857460022,
        0.9056997299194336,
        0.0732215866446495,
        0.07923153787851334,
        0.06297507137060165,
        0.08692575246095657,
        0.057031262665987015,
        0.08113917708396912,
        0.06551072001457214,
        0.06038481369614601,
        0.0911816880106926,
        0.14285708963871002,
        0.07503727823495865,
        0.06455010175704956,
        0.09267210215330124,
        0.1002628356218338,
        0.05857614427804947,
        0.06058206781744957,
        0.05845937505364418,
        0.098358154296875,
        0.06738202273845673,
        0.13486458361148834,
        0.05888953432440758,
        0.0925600528717041,
        0.08576261252164841,
        0.06486731767654419,
        0.0918949693441391,
        0.06497128307819366,
        0.09987706691026688,
        0.07203115522861481,
        0.10559705644845963,
        0.09739132225513458,
        0.09842365235090256,
        0.16193075478076935,
        0.07914953678846359,
        0.06377454102039337,
        0.3066258728504181,
        0.14547663927078247,
        0.07721605151891708,
        0.08237099647521973,
        0.9189795255661011,
        0.9134750962257385,
        0.9097320437431335,
        0.9193357825279236,
        0.915995717048645,
        0.06610748171806335,
        0.07225840538740158,
        0.08490602672100067,
        0.8941323757171631,
        0.06547636538743973,
        0.9160360097885132,
        0.09006047248840332,
        0.913744330406189,
        0.142796128988266,
        0.9074419140815735,
        0.9022724032402039,
        0.9035099148750305,
        0.25344961881637573,
        0.744071364402771,
        0.9145864844322205,
        0.10773193836212158,
        0.09610763937234879,
        0.8986209034919739,
        0.8730930089950562
    ]
}