{
    "train_loss": [
        0.652714627129691,
        0.6831075783286776,
        0.5923665080751691,
        0.5815094602959496,
        0.41229571402072906,
        0.7390646359750203,
        0.6088060715368816,
        0.6803370416164398,
        0.5347888107810702,
        0.4453146202223642,
        0.3225541412830353,
        0.38461879960128237,
        0.4232587420514652,
        0.2843765786715916,
        0.2801267887864794,
        0.3320260409797941,
        0.28158648524965557,
        0.2873950432986021,
        0.23580158927610942,
        0.17017512795116221,
        0.1562937947788409
    ],
    "val_loss": [
        0.5617093245188395,
        0.6841076215108236,
        0.5703895290692648,
        0.5141763587792715,
        0.4139999846617381,
        0.742516279220581,
        0.6862287918726603,
        0.6622085769971212,
        0.5598285496234894,
        0.4931277434031169,
        0.3654598395029704,
        0.7481614152590433,
        0.5088786482810974,
        0.5746866663297018,
        0.5043380881349245,
        0.5730453977982203,
        0.6425189400712649,
        0.5517173210779825,
        0.3956166058778763,
        0.47156775494416553,
        0.6683023379494747
    ],
    "val_auc": [
        0.775,
        0.7333333333333334,
        0.7916666666666666,
        0.8250000000000001,
        0.8729166666666668,
        0.7979166666666666,
        0.8145833333333333,
        0.7791666666666667,
        0.8229166666666666,
        0.8791666666666667,
        0.8979166666666667,
        0.8604166666666666,
        0.8604166666666668,
        0.8645833333333333,
        0.88125,
        0.8520833333333333,
        0.8500000000000001,
        0.8645833333333334,
        0.8833333333333333,
        0.88125,
        0.8729166666666668
    ],
    "val_accuracy": [
        0.717391304347826,
        0.43478260869565216,
        0.7391304347826086,
        0.7608695652173914,
        0.8043478260869565,
        0.3695652173913043,
        0.4782608695652174,
        0.7608695652173914,
        0.6304347826086957,
        0.8260869565217391,
        0.8695652173913043,
        0.717391304347826,
        0.782608695652174,
        0.782608695652174,
        0.9130434782608695,
        0.7391304347826086,
        0.8260869565217391,
        0.8043478260869565,
        0.8478260869565217,
        0.8695652173913043,
        0.8478260869565217
    ],
    "val_precision": [
        0.5882352941176471,
        0.3611111111111111,
        0.6111111111111112,
        0.6190476190476191,
        0.6666666666666666,
        0.3488372093023256,
        0.39473684210526316,
        0.7777777777777778,
        0.4827586206896552,
        0.9,
        0.9166666666666666,
        0.5555555555555556,
        0.6875,
        0.65,
        1.0,
        0.8333333333333334,
        0.9,
        0.6842105263157895,
        0.7647058823529411,
        0.8571428571428571,
        0.9090909090909091
    ],
    "val_recall": [
        0.625,
        0.8125,
        0.6875,
        0.8125,
        0.875,
        0.9375,
        0.9375,
        0.4375,
        0.875,
        0.5625,
        0.6875,
        0.9375,
        0.6875,
        0.8125,
        0.75,
        0.3125,
        0.5625,
        0.8125,
        0.8125,
        0.75,
        0.625
    ],
    "val_f1_score": [
        0.6060606060606061,
        0.5,
        0.6470588235294118,
        0.7027027027027027,
        0.7567567567567568,
        0.5084745762711864,
        0.5555555555555556,
        0.56,
        0.6222222222222222,
        0.6923076923076923,
        0.7857142857142857,
        0.6976744186046512,
        0.6875,
        0.7222222222222222,
        0.8571428571428571,
        0.45454545454545453,
        0.6923076923076923,
        0.7428571428571429,
        0.7878787878787878,
        0.8,
        0.7407407407407407
    ]
}