{
    "labels": [
        0,
        0,
        0,
        0,
        0,
        0,
        0,
        0,
        0,
        0,
        0,
        0,
        0,
        0,
        0,
        0,
        0,
        0,
        0,
        0,
        0,
        0,
        0,
        0,
        0,
        0,
        0,
        0,
        0,
        0,
        0,
        0,
        0,
        0,
        0,
        0,
        0,
        0,
        0,
        1,
        1,
        1,
        1,
        1,
        1,
        1,
        1,
        1,
        1,
        1,
        1,
        1,
        1,
        1,
        1,
        1,
        1,
        1,
        1,
        1,
        1,
        1,
        1,
        1
    ],
    "preds": [
        1,
        1,
        0,
        0,
        0,
        0,
        0,
        0,
        0,
        0,
        0,
        0,
        0,
        0,
        0,
        0,
        0,
        0,
        0,
        0,
        0,
        0,
        0,
        0,
        0,
        0,
        0,
        0,
        0,
        0,
        0,
        0,
        1,
        0,
        0,
        0,
        1,
        0,
        0,
        0,
        1,
        1,
        1,
        1,
        1,
        0,
        0,
        1,
        1,
        0,
        1,
        1,
        1,
        1,
        1,
        1,
        1,
        1,
        1,
        1,
        1,
        0,
        1,
        1
    ],
    "probs": [
        0.6285742521286011,
        0.746537983417511,
        0.027205241844058037,
        0.01896958239376545,
        0.07415508478879929,
        0.007447254844009876,
        0.0027812530752271414,
        0.18143099546432495,
        0.017168564721941948,
        0.0102518480271101,
        0.045061103999614716,
        0.08654990047216415,
        0.003615298541262746,
        0.0012667870614677668,
        0.24862328171730042,
        0.009406673721969128,
        0.0027270358987152576,
        0.002876667771488428,
        0.011010931804776192,
        0.04116857424378395,
        0.002415815368294716,
        0.034756895154714584,
        0.0015381857519969344,
        0.003489254042506218,
        0.0037920717149972916,
        0.015915628522634506,
        0.060460012406110764,
        0.01742204837501049,
        0.00677521014586091,
        0.07255034893751144,
        0.1269751340150833,
        0.005578827578574419,
        0.8635146021842957,
        0.4836219251155853,
        0.008317441679537296,
        0.00812480878084898,
        0.8322710394859314,
        0.4480713903903961,
        0.17493747174739838,
        0.30733442306518555,
        0.9736425280570984,
        0.9875493049621582,
        0.7862993478775024,
        0.9877538084983826,
        0.9928576946258545,
        0.008520253002643585,
        0.005560762714594603,
        0.5623771548271179,
        0.9389147758483887,
        0.0038543473929166794,
        0.9820589423179626,
        0.6950336694717407,
        0.9766262173652649,
        0.916015625,
        0.9009929299354553,
        0.8353053331375122,
        0.9353191256523132,
        0.7432887554168701,
        0.9894000887870789,
        0.9853175282478333,
        0.9358698129653931,
        0.022913476452231407,
        0.9900392889976501,
        0.9807327389717102
    ]
}