{
    "train_loss": [
        0.6944102793931961,
        0.6190465539693832,
        0.494620181620121,
        0.38084761798381805,
        0.2573627792298794,
        0.31317397207021713,
        0.1939705591648817,
        0.15372699033468962,
        0.13453425280749798,
        0.2250228486955166,
        0.224530516192317,
        0.3652523420751095,
        0.1884235441684723,
        0.06401630211621523,
        0.07893321895971894,
        0.19051354727707803,
        0.1414006722625345,
        0.12549210526049137,
        0.10290312580764294,
        0.061564101837575436,
        0.03127790614962578,
        0.01308515266282484,
        0.002747161139268428,
        0.037525699444813654,
        0.05915269983233884,
        0.024579725868534297,
        0.014412462594918907,
        0.007376518449746072
    ],
    "val_loss": [
        0.6670169234275818,
        0.7125935554504395,
        0.5872779488563538,
        0.48154646158218384,
        0.6030322909355164,
        0.46030449867248535,
        0.6318203210830688,
        0.45330220460891724,
        0.3034052550792694,
        0.37743493914604187,
        0.7407366037368774,
        0.4561441242694855,
        0.4641665518283844,
        0.3046286404132843,
        0.5667250156402588,
        0.9029231667518616,
        0.21924151480197906,
        0.18225239217281342,
        0.2964398264884949,
        0.5379664897918701,
        0.5877614617347717,
        0.680095911026001,
        0.5057291388511658,
        0.966927707195282,
        0.6159734129905701,
        0.5295186638832092,
        0.48165908455848694,
        0.4853198230266571
    ],
    "val_auc": [
        0.7568627450980392,
        0.7313725490196078,
        0.7764705882352941,
        0.8490196078431372,
        0.8980392156862745,
        0.8921568627450981,
        0.9058823529411765,
        0.9490196078431372,
        0.9549019607843138,
        0.9509803921568627,
        0.9058823529411765,
        0.9509803921568627,
        0.9098039215686274,
        0.9352941176470588,
        0.9372549019607843,
        0.9333333333333333,
        0.9568627450980393,
        0.9764705882352942,
        0.9450980392156864,
        0.9215686274509803,
        0.9235294117647058,
        0.9215686274509803,
        0.9431372549019608,
        0.9450980392156864,
        0.9137254901960784,
        0.9117647058823529,
        0.9,
        0.9137254901960784
    ],
    "val_accuracy": [
        0.6808510638297872,
        0.574468085106383,
        0.7021276595744681,
        0.8297872340425532,
        0.7659574468085106,
        0.7021276595744681,
        0.7872340425531915,
        0.7659574468085106,
        0.8936170212765957,
        0.851063829787234,
        0.7872340425531915,
        0.7659574468085106,
        0.8297872340425532,
        0.8936170212765957,
        0.8723404255319149,
        0.7872340425531915,
        0.9148936170212766,
        0.9574468085106383,
        0.9361702127659575,
        0.8723404255319149,
        0.8723404255319149,
        0.8936170212765957,
        0.8936170212765957,
        0.851063829787234,
        0.8723404255319149,
        0.8723404255319149,
        0.8723404255319149,
        0.8723404255319149
    ],
    "val_precision": [
        0.55,
        0.44,
        0.56,
        0.8,
        0.6153846153846154,
        0.5555555555555556,
        0.6666666666666666,
        0.625,
        0.8333333333333334,
        0.75,
        1.0,
        0.6071428571428571,
        1.0,
        0.875,
        0.8235294117647058,
        1.0,
        0.8823529411764706,
        1.0,
        1.0,
        0.9230769230769231,
        0.8235294117647058,
        1.0,
        0.875,
        1.0,
        0.9230769230769231,
        0.8666666666666667,
        0.8666666666666667,
        0.8666666666666667
    ],
    "val_recall": [
        0.6470588235294118,
        0.6470588235294118,
        0.8235294117647058,
        0.7058823529411765,
        0.9411764705882353,
        0.8823529411764706,
        0.8235294117647058,
        0.8823529411764706,
        0.8823529411764706,
        0.8823529411764706,
        0.4117647058823529,
        1.0,
        0.5294117647058824,
        0.8235294117647058,
        0.8235294117647058,
        0.4117647058823529,
        0.8823529411764706,
        0.8823529411764706,
        0.8235294117647058,
        0.7058823529411765,
        0.8235294117647058,
        0.7058823529411765,
        0.8235294117647058,
        0.5882352941176471,
        0.7058823529411765,
        0.7647058823529411,
        0.7647058823529411,
        0.7647058823529411
    ],
    "val_f1_score": [
        0.5945945945945946,
        0.5238095238095238,
        0.6666666666666666,
        0.75,
        0.7441860465116279,
        0.6818181818181818,
        0.7368421052631579,
        0.7317073170731707,
        0.8571428571428571,
        0.8108108108108109,
        0.5833333333333334,
        0.7555555555555555,
        0.6923076923076923,
        0.8484848484848485,
        0.8235294117647058,
        0.5833333333333334,
        0.8823529411764706,
        0.9375,
        0.9032258064516129,
        0.8,
        0.8235294117647058,
        0.8275862068965517,
        0.8484848484848485,
        0.7407407407407407,
        0.8,
        0.8125,
        0.8125,
        0.8125
    ]
}