{
    "labels": [
        0,
        0,
        0,
        0,
        0,
        0,
        0,
        0,
        0,
        0,
        0,
        0,
        0,
        0,
        0,
        0,
        0,
        0,
        0,
        0,
        0,
        0,
        0,
        0,
        0,
        0,
        0,
        0,
        0,
        0,
        0,
        0,
        0,
        0,
        0,
        0,
        0,
        0,
        0,
        1,
        1,
        1,
        1,
        1,
        1,
        1,
        1,
        1,
        1,
        1,
        1,
        1,
        1,
        1,
        1,
        1,
        1,
        1,
        1,
        1,
        1,
        1,
        1,
        1
    ],
    "preds": [
        0,
        1,
        0,
        0,
        0,
        0,
        0,
        0,
        0,
        0,
        0,
        0,
        0,
        0,
        0,
        0,
        0,
        0,
        0,
        0,
        0,
        0,
        0,
        0,
        0,
        0,
        0,
        0,
        0,
        0,
        0,
        0,
        1,
        0,
        0,
        0,
        0,
        1,
        0,
        0,
        1,
        1,
        1,
        1,
        1,
        0,
        0,
        0,
        1,
        0,
        1,
        0,
        1,
        1,
        0,
        0,
        0,
        0,
        0,
        1,
        0,
        0,
        1,
        1
    ],
    "probs": [
        0.3207339346408844,
        0.6276925802230835,
        0.17007385194301605,
        0.2604837417602539,
        0.17481093108654022,
        0.19944319128990173,
        0.17231222987174988,
        0.3374220132827759,
        0.17999310791492462,
        0.1851995438337326,
        0.23801536858081818,
        0.36313119530677795,
        0.17260119318962097,
        0.20521202683448792,
        0.2571268379688263,
        0.19941627979278564,
        0.17822809517383575,
        0.17320461571216583,
        0.17522841691970825,
        0.25767505168914795,
        0.1746869832277298,
        0.1982724368572235,
        0.1700475662946701,
        0.21278513967990875,
        0.24037469923496246,
        0.19870425760746002,
        0.3057720363140106,
        0.17962725460529327,
        0.26752719283103943,
        0.2292412370443344,
        0.1901937872171402,
        0.36988624930381775,
        0.5932978987693787,
        0.33077237010002136,
        0.23900745809078217,
        0.25740090012550354,
        0.3580963611602783,
        0.5180708169937134,
        0.3228164315223694,
        0.17947567999362946,
        0.6908270716667175,
        0.6238962411880493,
        0.6191556453704834,
        0.6796995997428894,
        0.7231260538101196,
        0.18861204385757446,
        0.1823175847530365,
        0.2686077356338501,
        0.6501251459121704,
        0.17896908521652222,
        0.6814087629318237,
        0.3612271547317505,
        0.7166538238525391,
        0.5361998081207275,
        0.34614476561546326,
        0.47269588708877563,
        0.2328018844127655,
        0.41007599234580994,
        0.4480246305465698,
        0.6466898322105408,
        0.36024409532546997,
        0.26221615076065063,
        0.6644921898841858,
        0.5668396353721619
    ]
}