{
    "best_hyperparameters": {
        "hidden_size": 256,
        "num_layers": 3,
        "bidirectional": true,
        "lr": 0.0016129597684801658,
        "weight_decay": 0.00012164709328388155,
        "batch_size": 64,
        "dropout_fc": 0.4016389091443989
    },
    "best_validation_loss": 0.5863797068595886,
    "best_validation_auc": 0.732258064516129,
    "best_epoch": 4,
    "test_metrics": {
        "loss": 0.5324229001998901,
        "accuracy": 0.75,
        "precision": 0.8,
        "recall": 0.48,
        "f1_score": 0.6,
        "auc": 0.8071794871794872
    },
    "features_manifest": "..\\experiments\\exp_30\\results\\tables\\manifest_features.csv"
}