{
    "train_loss": [
        0.6859585791826248,
        0.6663656309247017,
        0.5523966550827026,
        0.5279506668448448,
        0.4323779493570328,
        0.3738257586956024,
        0.3243720531463623,
        0.2527892738580704,
        0.15098253451287746,
        0.16363873705267906,
        0.2568497974425554,
        0.17435353808104992,
        0.14690756238996983,
        0.12084987945854664
    ],
    "val_loss": [
        0.6354169845581055,
        0.6229795217514038,
        0.6125652194023132,
        0.5863797068595886,
        0.6827593445777893,
        0.6367297172546387,
        0.6116045117378235,
        0.7317344546318054,
        0.8338080048561096,
        1.2088849544525146,
        0.6565395593643188,
        0.5946010947227478,
        0.8992695808410645,
        0.9036086797714233
    ],
    "val_auc": [
        0.7064516129032258,
        0.753225806451613,
        0.7241935483870967,
        0.732258064516129,
        0.7629032258064516,
        0.7790322580645161,
        0.7790322580645161,
        0.8129032258064516,
        0.8032258064516129,
        0.8096774193548386,
        0.8129032258064516,
        0.8080645161290323,
        0.7967741935483872,
        0.7887096774193548
    ],
    "val_accuracy": [
        0.6274509803921569,
        0.6862745098039216,
        0.7058823529411765,
        0.7450980392156863,
        0.7254901960784313,
        0.7254901960784313,
        0.7843137254901961,
        0.803921568627451,
        0.803921568627451,
        0.7450980392156863,
        0.7843137254901961,
        0.7647058823529411,
        0.803921568627451,
        0.7254901960784313
    ],
    "val_precision": [
        1.0,
        0.5769230769230769,
        0.8571428571428571,
        0.8888888888888888,
        0.8,
        0.65,
        0.8461538461538461,
        0.9166666666666666,
        0.8571428571428571,
        1.0,
        0.8,
        0.75,
        0.9166666666666666,
        0.625
    ],
    "val_recall": [
        0.05,
        0.75,
        0.3,
        0.4,
        0.4,
        0.65,
        0.55,
        0.55,
        0.6,
        0.35,
        0.6,
        0.6,
        0.55,
        0.75
    ],
    "val_f1_score": [
        0.09523809523809523,
        0.6521739130434783,
        0.4444444444444444,
        0.5517241379310345,
        0.5333333333333333,
        0.65,
        0.6666666666666666,
        0.6875,
        0.7058823529411765,
        0.5185185185185185,
        0.6857142857142857,
        0.6666666666666666,
        0.6875,
        0.6818181818181818
    ]
}