{
    "labels": [
        0,
        0,
        0,
        0,
        0,
        0,
        0,
        0,
        0,
        0,
        0,
        0,
        0,
        0,
        0,
        0,
        0,
        0,
        0,
        0,
        0,
        0,
        0,
        0,
        0,
        0,
        0,
        0,
        0,
        0,
        0,
        0,
        0,
        0,
        0,
        0,
        0,
        0,
        0,
        1,
        1,
        1,
        1,
        1,
        1,
        1,
        1,
        1,
        1,
        1,
        1,
        1,
        1,
        1,
        1,
        1,
        1,
        1,
        1,
        1,
        1,
        1,
        1,
        1
    ],
    "preds": [
        1,
        1,
        0,
        0,
        0,
        0,
        0,
        0,
        0,
        0,
        0,
        1,
        0,
        0,
        0,
        0,
        0,
        0,
        0,
        0,
        0,
        0,
        0,
        0,
        0,
        0,
        0,
        0,
        0,
        0,
        1,
        0,
        1,
        0,
        0,
        0,
        1,
        0,
        0,
        1,
        1,
        1,
        1,
        1,
        1,
        0,
        0,
        1,
        1,
        0,
        1,
        1,
        1,
        1,
        1,
        1,
        1,
        1,
        1,
        1,
        1,
        0,
        1,
        1
    ],
    "probs": [
        0.8196947574615479,
        0.9468744397163391,
        0.003682495327666402,
        0.008651576936244965,
        0.004482111893594265,
        0.004394591320306063,
        0.004085011314600706,
        0.012558182701468468,
        0.01010651234537363,
        0.003345518372952938,
        0.008529768325388432,
        0.9360875487327576,
        0.017875848338007927,
        0.0038789210375398397,
        0.1709771752357483,
        0.008274238556623459,
        0.003582148812711239,
        0.0024926390033215284,
        0.012789466418325901,
        0.006718841381371021,
        0.004939376842230558,
        0.047149408608675,
        0.004407509695738554,
        0.00665113003924489,
        0.008634813129901886,
        0.0034833515528589487,
        0.03280697017908096,
        0.010075018741190434,
        0.006139139179140329,
        0.005522964987903833,
        0.7633329629898071,
        0.05254289135336876,
        0.8752192258834839,
        0.008992123417556286,
        0.004333653952926397,
        0.004949159920215607,
        0.9108526706695557,
        0.49391472339630127,
        0.1381690502166748,
        0.6419194340705872,
        0.9628273248672485,
        0.9772568941116333,
        0.9269416928291321,
        0.9790859818458557,
        0.975193977355957,
        0.004896919243037701,
        0.011966238729655743,
        0.9462401270866394,
        0.9471842050552368,
        0.003420152934268117,
        0.9683365821838379,
        0.7712058424949646,
        0.9727354645729065,
        0.9242780208587646,
        0.9446894526481628,
        0.8501623272895813,
        0.9632203578948975,
        0.7334967255592346,
        0.9753220081329346,
        0.9786267280578613,
        0.9567019939422607,
        0.16488461196422577,
        0.9732626080513,
        0.9661639928817749
    ]
}