{
    "train_loss": [
        0.6645374000072479,
        0.6405314207077026,
        0.5432799458503723,
        0.48734112083911896,
        0.33033479005098343,
        0.19552579522132874,
        0.20209470763802528,
        0.08357847295701504,
        0.1943358676508069,
        0.10985797364264727,
        0.08322408888489008,
        0.04396152845583856,
        0.018490033457055688,
        0.017597469966858625,
        0.008531657687854022,
        0.06221192370867357,
        0.004977082018740475
    ],
    "val_loss": [
        0.6074549555778503,
        0.5598060488700867,
        0.4480113089084625,
        0.3399290144443512,
        0.2889735996723175,
        0.24277538061141968,
        0.1807871162891388,
        0.23457492887973785,
        0.4959835410118103,
        0.26302221417427063,
        0.2765735983848572,
        0.25953209400177,
        0.5534027218818665,
        0.40740910172462463,
        0.8860242962837219,
        0.47507625818252563,
        0.45095279812812805
    ],
    "val_auc": [
        0.8795698924731183,
        0.9096774193548387,
        0.9032258064516129,
        0.9526881720430107,
        0.9655913978494625,
        0.967741935483871,
        0.978494623655914,
        0.9720430107526882,
        0.9505376344086022,
        0.9483870967741936,
        0.9548387096774194,
        0.9655913978494624,
        0.9612903225806452,
        0.9440860215053763,
        0.9483870967741934,
        0.9311827956989248,
        0.9075268817204301
    ],
    "val_accuracy": [
        0.6739130434782609,
        0.7608695652173914,
        0.8260869565217391,
        0.8478260869565217,
        0.8913043478260869,
        0.9130434782608695,
        0.9347826086956522,
        0.9130434782608695,
        0.8043478260869565,
        0.9130434782608695,
        0.9347826086956522,
        0.9130434782608695,
        0.8478260869565217,
        0.8913043478260869,
        0.8478260869565217,
        0.9130434782608695,
        0.8695652173913043
    ],
    "val_precision": [
        0.0,
        1.0,
        0.7692307692307693,
        1.0,
        1.0,
        0.8666666666666667,
        0.9285714285714286,
        0.8235294117647058,
        0.6363636363636364,
        1.0,
        1.0,
        0.9230769230769231,
        1.0,
        0.8125,
        1.0,
        0.8666666666666667,
        0.8461538461538461
    ],
    "val_recall": [
        0.0,
        0.26666666666666666,
        0.6666666666666666,
        0.5333333333333333,
        0.6666666666666666,
        0.8666666666666667,
        0.8666666666666667,
        0.9333333333333333,
        0.9333333333333333,
        0.7333333333333333,
        0.8,
        0.8,
        0.5333333333333333,
        0.8666666666666667,
        0.5333333333333333,
        0.8666666666666667,
        0.7333333333333333
    ],
    "val_f1_score": [
        0.0,
        0.42105263157894735,
        0.7142857142857143,
        0.6956521739130435,
        0.8,
        0.8666666666666667,
        0.896551724137931,
        0.875,
        0.7567567567567568,
        0.8461538461538461,
        0.8888888888888888,
        0.8571428571428571,
        0.6956521739130435,
        0.8387096774193549,
        0.6956521739130435,
        0.8666666666666667,
        0.7857142857142857
    ]
}