{
    "best_hyperparameters": {
        "hidden_size": 192,
        "num_layers": 2,
        "bidirectional": true,
        "lr": 0.000883171698312604,
        "weight_decay": 0.0003244160088734161,
        "batch_size": 64,
        "dropout_fc": 0.26448851490160175
    },
    "best_validation_loss": 0.1807871162891388,
    "best_validation_auc": 0.978494623655914,
    "best_epoch": 7,
    "test_metrics": {
        "loss": 0.5274070501327515,
        "accuracy": 0.84375,
        "precision": 0.7777777777777778,
        "recall": 0.84,
        "f1_score": 0.8076923076923077,
        "auc": 0.882051282051282
    },
    "features_manifest": "..\\experiments\\exp_69\\results\\tables\\manifest_features.csv"
}