{
    "labels": [
        0,
        0,
        0,
        0,
        0,
        0,
        0,
        0,
        0,
        0,
        0,
        0,
        0,
        0,
        0,
        0,
        0,
        0,
        0,
        0,
        0,
        0,
        0,
        0,
        0,
        0,
        0,
        0,
        0,
        0,
        0,
        0,
        0,
        0,
        0,
        0,
        0,
        0,
        0,
        1,
        1,
        1,
        1,
        1,
        1,
        1,
        1,
        1,
        1,
        1,
        1,
        1,
        1,
        1,
        1,
        1,
        1,
        1,
        1,
        1,
        1,
        1,
        1,
        1
    ],
    "preds": [
        1,
        1,
        0,
        0,
        0,
        0,
        0,
        0,
        0,
        0,
        0,
        1,
        0,
        0,
        0,
        0,
        0,
        0,
        0,
        0,
        0,
        1,
        0,
        0,
        0,
        0,
        0,
        0,
        0,
        0,
        1,
        0,
        1,
        0,
        0,
        0,
        0,
        1,
        0,
        1,
        1,
        1,
        1,
        1,
        1,
        0,
        0,
        1,
        1,
        0,
        1,
        1,
        1,
        1,
        1,
        1,
        1,
        1,
        1,
        1,
        1,
        0,
        1,
        1
    ],
    "probs": [
        0.9995330572128296,
        0.9997023940086365,
        3.936401117243804e-05,
        4.6863904572092e-05,
        4.840875044465065e-05,
        3.290548193035647e-05,
        2.9727154469583184e-05,
        0.00012952506949659437,
        4.915158933727071e-05,
        3.5234104871051386e-05,
        5.283596692606807e-05,
        0.988735020160675,
        0.00013068714179098606,
        4.1697498090798035e-05,
        0.016549676656723022,
        0.00027173326816409826,
        2.7561989554669708e-05,
        3.304520214442164e-05,
        0.00010866848606383428,
        5.3513522288994864e-05,
        3.326031219330616e-05,
        0.9979727864265442,
        3.608225233620033e-05,
        6.594106525881216e-05,
        3.808134715654887e-05,
        9.591574053047225e-05,
        3.763382483157329e-05,
        4.9238704377785325e-05,
        3.365967859281227e-05,
        0.00016663338465150446,
        0.9997841715812683,
        5.385334952734411e-05,
        0.9998569488525391,
        7.639820250915363e-05,
        2.644667256390676e-05,
        2.7482592486194335e-05,
        0.4476696848869324,
        0.9977211356163025,
        4.247913966537453e-05,
        0.9997243285179138,
        0.9998986721038818,
        0.9999412298202515,
        0.9997342228889465,
        0.999955415725708,
        0.9999599456787109,
        4.920687933918089e-05,
        0.00010825591743923724,
        0.9998708963394165,
        0.9998918771743774,
        4.906261165160686e-05,
        0.9999557733535767,
        0.9997732043266296,
        0.9999486207962036,
        0.9998376369476318,
        0.999945878982544,
        0.9998791217803955,
        0.9999436140060425,
        0.9999253749847412,
        0.9999465942382812,
        0.9999498128890991,
        0.9999080896377563,
        5.628470898955129e-05,
        0.9999551773071289,
        0.9999313354492188
    ]
}