{
    "train_loss": [
        0.6859800696372986,
        0.5842658102512359,
        0.3646614670753479,
        0.2731891483068466,
        0.2664323076605797,
        0.10712825804948807,
        0.056709100306034085,
        0.03064068518579006,
        0.011504122242331504,
        0.0049015296623110775,
        0.002560348017141223,
        0.001601120294071734,
        0.0009365228819660842,
        0.0006951685412786901,
        0.0007349361665546894,
        0.000547151331556961,
        0.0005309797707013786,
        0.0003958697780035436,
        0.0004131140070967376,
        0.0003952466999180615,
        0.00039012479246594014,
        0.0003243879007641226,
        0.0003747021313756704,
        0.00024075533146969975,
        0.00019005322246812284,
        0.0002649577218107879,
        0.00022849330271128564,
        0.00022266899468377234,
        0.00024643604992888866,
        0.00019171627936884761,
        0.00020403421949595214,
        0.0001875618181657046,
        0.00016723829758120702,
        0.00015664545499021186,
        0.00013909159897593782,
        0.00017859015788417308,
        0.00017980543198063969,
        0.00018316293717361986,
        0.00014498200471280143,
        0.0001511461814516224,
        0.00015309884474845603,
        0.00015297504724003373,
        0.00025985837273765353,
        0.00016749391797930003,
        0.00018436774844303726,
        0.00017752257990650834,
        0.000165886664763093,
        0.00019723062141565605,
        0.00012350733450148255,
        0.00015621832135366277,
        0.00018027438200078904,
        0.00019555668986868114,
        0.0001609502243809402,
        0.00016287433682009577,
        0.00015991578547982498,
        0.00012176221498521045,
        0.00021966041240375488,
        0.00011456212087068707,
        0.0001297616065130569,
        0.00011495543585624546
    ],
    "val_loss": [
        0.6530499756336212,
        0.4557506591081619,
        0.27295224368572235,
        0.9400193244218826,
        0.19595824927091599,
        0.1573229283094406,
        0.2699176468886435,
        0.15187066793441772,
        0.2933225124143064,
        0.15438034513499588,
        0.0888803011039272,
        0.03931835840921849,
        0.0269963217433542,
        0.024567768909037113,
        0.025993269868195057,
        0.02676968718878925,
        0.026953615713864565,
        0.026516059646382928,
        0.02465770556591451,
        0.023760758340358734,
        0.0208790919277817,
        0.018005188088864088,
        0.015014280565083027,
        0.01297166314907372,
        0.011246413923799992,
        0.010466426145285368,
        0.009704930242151022,
        0.009003295097500086,
        0.008473795605823398,
        0.007812951691448689,
        0.007490608841180801,
        0.007316063158214092,
        0.007031592540442944,
        0.006731072440743446,
        0.006678429548628628,
        0.006818923749960959,
        0.007324803154915571,
        0.007318896823562682,
        0.007284491788595915,
        0.0072621641447767615,
        0.007599799835588783,
        0.00790887646144256,
        0.0074766428442671895,
        0.0063145579770207405,
        0.005910412699449807,
        0.005685160460416228,
        0.0053122837562114,
        0.005426961404737085,
        0.00539197598118335,
        0.005668548925314099,
        0.005863549595233053,
        0.005608674371615052,
        0.0053100700606592,
        0.005455351551063359,
        0.006103487772634253,
        0.007748681935481727,
        0.007181178225437179,
        0.007019072741968557,
        0.007612731365952641,
        0.009092682972550392
    ],
    "val_auc": [
        0.9101382488479263,
        0.9331797235023042,
        0.9631336405529953,
        0.9539170506912442,
        0.9861751152073732,
        0.988479262672811,
        0.9953917050691244,
        0.9953917050691244,
        0.9976958525345623,
        1.0,
        1.0,
        1.0,
        1.0,
        1.0,
        1.0,
        1.0,
        1.0,
        1.0,
        1.0,
        1.0,
        1.0,
        1.0,
        1.0,
        1.0,
        1.0,
        1.0,
        1.0,
        1.0,
        1.0,
        1.0,
        1.0,
        1.0,
        1.0,
        1.0,
        1.0,
        1.0,
        1.0,
        1.0,
        1.0,
        1.0,
        1.0,
        1.0,
        1.0,
        1.0,
        1.0,
        1.0,
        1.0,
        1.0,
        1.0,
        1.0,
        1.0,
        1.0,
        1.0,
        1.0,
        1.0,
        1.0,
        1.0,
        1.0,
        1.0,
        1.0
    ],
    "val_accuracy": [
        0.4444444444444444,
        0.8444444444444444,
        0.9333333333333333,
        0.8222222222222222,
        0.9111111111111111,
        0.9333333333333333,
        0.9555555555555556,
        0.9555555555555556,
        0.9555555555555556,
        0.9777777777777777,
        0.9777777777777777,
        0.9777777777777777,
        1.0,
        1.0,
        1.0,
        1.0,
        1.0,
        1.0,
        1.0,
        1.0,
        1.0,
        1.0,
        1.0,
        1.0,
        1.0,
        1.0,
        1.0,
        1.0,
        1.0,
        1.0,
        1.0,
        1.0,
        1.0,
        1.0,
        1.0,
        1.0,
        1.0,
        1.0,
        1.0,
        1.0,
        1.0,
        1.0,
        1.0,
        1.0,
        1.0,
        1.0,
        1.0,
        1.0,
        1.0,
        1.0,
        1.0,
        1.0,
        1.0,
        1.0,
        1.0,
        1.0,
        1.0,
        1.0,
        1.0,
        1.0
    ],
    "val_precision": [
        0.358974358974359,
        0.7058823529411765,
        0.9230769230769231,
        1.0,
        0.8571428571428571,
        0.8666666666666667,
        1.0,
        0.9285714285714286,
        1.0,
        1.0,
        1.0,
        1.0,
        1.0,
        1.0,
        1.0,
        1.0,
        1.0,
        1.0,
        1.0,
        1.0,
        1.0,
        1.0,
        1.0,
        1.0,
        1.0,
        1.0,
        1.0,
        1.0,
        1.0,
        1.0,
        1.0,
        1.0,
        1.0,
        1.0,
        1.0,
        1.0,
        1.0,
        1.0,
        1.0,
        1.0,
        1.0,
        1.0,
        1.0,
        1.0,
        1.0,
        1.0,
        1.0,
        1.0,
        1.0,
        1.0,
        1.0,
        1.0,
        1.0,
        1.0,
        1.0,
        1.0,
        1.0,
        1.0,
        1.0,
        1.0
    ],
    "val_recall": [
        1.0,
        0.8571428571428571,
        0.8571428571428571,
        0.42857142857142855,
        0.8571428571428571,
        0.9285714285714286,
        0.8571428571428571,
        0.9285714285714286,
        0.8571428571428571,
        0.9285714285714286,
        0.9285714285714286,
        0.9285714285714286,
        1.0,
        1.0,
        1.0,
        1.0,
        1.0,
        1.0,
        1.0,
        1.0,
        1.0,
        1.0,
        1.0,
        1.0,
        1.0,
        1.0,
        1.0,
        1.0,
        1.0,
        1.0,
        1.0,
        1.0,
        1.0,
        1.0,
        1.0,
        1.0,
        1.0,
        1.0,
        1.0,
        1.0,
        1.0,
        1.0,
        1.0,
        1.0,
        1.0,
        1.0,
        1.0,
        1.0,
        1.0,
        1.0,
        1.0,
        1.0,
        1.0,
        1.0,
        1.0,
        1.0,
        1.0,
        1.0,
        1.0,
        1.0
    ],