{
    "train_loss": [
        0.697531501452128,
        0.6911583542823792,
        0.6883366107940674,
        0.6843727827072144,
        0.6635887026786804,
        0.6338199178377787,
        0.5889037251472473,
        0.5206925173600515,
        0.4457541803518931,
        0.37396151820818585,
        0.36662323276201886,
        0.38468292355537415,
        0.2855128546555837,
        0.26045159498850506,
        0.2948339780171712,
        0.23166259129842123,
        0.2425778036316236,
        0.19829661150773367,
        0.20198549826939902,
        0.14817579090595245,
        0.12014998992284139,
        0.09019298975666364,
        0.08253645400206248,
        0.08117647717396419,
        0.0500044971704483,
        0.06171588785946369,
        0.18014970421791077,
        0.12605177983641624,
        0.11915113776922226,
        0.13211970031261444,
        0.1752775783340136,
        0.06311394087970257,
        0.04424935579299927,
        0.05978389953573545,
        0.04415143405397733,
        0.043310157333811126,
        0.06969483196735382,
        0.038155466628571354,
        0.03310741204768419,
        0.0334054430325826,
        0.07304000823448102,
        0.028277266149719555,
        0.037166860265036426,
        0.02496716504295667,
        0.037151205042997994,
        0.031624678522348404,
        0.030121486478795607,
        0.030512094032019377,
        0.039016133174300194,
        0.0318039784518381,
        0.027450093689064186,
        0.03454102094595631,
        0.026818388452132542,
        0.04338173568248749,
        0.0502153392881155,
        0.03923356020823121,
        0.08712223560238878
    ],
    "val_loss": [
        0.706672191619873,
        0.700562596321106,
        0.696471095085144,
        0.688785970211029,
        0.6662079691886902,
        0.6521919965744019,
        0.586300253868103,
        0.5386236906051636,
        0.46734532713890076,
        0.40530267357826233,
        0.3340218663215637,
        0.47055673599243164,
        0.6082822680473328,
        0.37397417426109314,
        0.3780597150325775,
        0.5395205020904541,
        0.376531720161438,
        0.3633877635002136,
        0.22197559475898743,
        0.3061753213405609,
        0.18620383739471436,
        0.24569304287433624,
        0.2616788148880005,
        0.17417016625404358,
        0.11079422384500504,
        0.6923467516899109,
        0.4672433137893677,
        0.20443539321422577,
        0.440694659948349,
        0.42929497361183167,
        0.6187300682067871,
        0.19034847617149353,
        0.2705681622028351,
        0.1340501606464386,
        0.10243422538042068,
        0.17432937026023865,
        0.2213466316461563,
        0.20537084341049194,
        0.16623474657535553,
        0.13201211392879486,
        0.10741248726844788,
        0.083930604159832,
        0.06952662020921707,
        0.050781022757291794,
        0.0263679139316082,
        0.019180404022336006,
        0.017245329916477203,
        0.019289234653115273,
        0.02482178434729576,
        0.09272391349077225,
        0.022087346762418747,
        0.03518875315785408,
        0.5559567213058472,
        0.314748615026474,
        0.569320559501648,
        0.42066648602485657,
        0.4212491810321808
    ],
    "val_auc": [
        0.7707910750507099,
        0.8154158215010142,
        0.8336713995943205,
        0.8397565922920891,
        0.8742393509127788,
        0.8782961460446248,
        0.898580121703854,
        0.9310344827586207,
        0.9371196754563894,
        0.9574036511156185,
        0.9411764705882353,
        0.918864097363083,
        0.9614604462474645,
        0.9411764705882353,
        0.9391480730223123,
        0.947261663286004,
        0.9634888438133874,
        0.947261663286004,
        0.9837728194726166,
        0.9817444219066938,
        0.9837728194726165,
        0.9776876267748478,
        0.9716024340770791,
        0.9878296146044624,
        0.9979716024340771,
        0.9898580121703853,
        0.971602434077079,
        0.9594320486815416,
        0.9655172413793103,
        0.9452332657200812,
        0.9371196754563895,
        0.973630831643002,
        0.9939148073022313,
        0.9959432048681541,
        0.9939148073022313,
        0.9918864097363083,
        0.9898580121703853,
        0.9939148073022313,
        0.9939148073022313,
        0.9939148073022313,
        0.9939148073022313,
        0.9959432048681541,
        0.9979716024340771,
        1.0,
        1.0,
        1.0,
        1.0,
        1.0,
        1.0,
        1.0,
        1.0,
        1.0,
        0.9979716024340771,
        0.975659229208925,
        0.9614604462474645,
        0.9918864097363083,
        0.9634888438133875
    ],
    "val_accuracy": [
        0.3695652173913043,
        0.3695652173913043,
        0.3695652173913043,
        0.41304347826086957,
        0.7608695652173914,
        0.717391304347826,
        0.8260869565217391,
        0.8043478260869565,
        0.8260869565217391,
        0.8695652173913043,
        0.8913043478260869,
        0.8043478260869565,
        0.8043478260869565,
        0.8695652173913043,
        0.8478260869565217,
        0.8478260869565217,
        0.8478260869565217,
        0.8478260869565217,
        0.9347826086956522,
        0.9130434782608695,
        0.9347826086956522,
        0.8913043478260869,
        0.8695652173913043,
        0.9347826086956522,
        0.9565217391304348,
        0.8478260869565217,
        0.8478260869565217,
        0.9565217391304348,
        0.8695652173913043,
        0.8695652173913043,
        0.8260869565217391,
        0.9347826086956522,
        0.8695652173913043,
        0.9347826086956522,
        0.9782608695652174,
        0.9347826086956522,
        0.9130434782608695,
        0.9130434782608695,
        0.9347826086956522,
        0.9565217391304348,
        0.9565217391304348,
        0.9782608695652174,
        0.9782608695652174,
        0.9782608695652174,
        1.0,
        1.0,
        1.0,
        1.0,
        1.0,
        0.9782608695652174,
        1.0,
        0.9782608695652174,
        0.8695652173913043,
        0.9130434782608695,
        0.8695652173913043,
        0.8913043478260869,
        0.8695652173913043
    ],
    "val_precision": [
        0.3695652173913043,
        0.3695652173913043,
        0.3695652173913043,
        0.38636363636363635,
        0.6666666666666666,
        0.5714285714285714,
        0.9090909090909091,
        0.7,
        1.0,
        0.7894736842105263,
        1.0,
        1.0,
        0.6538461538461539,
        1.0,
        1.0,
        0.7083333333333334,
        0.7777777777777778,
        1.0,
        0.9375,
        0.8095238095238095,
        0.8888888888888888,
        0.9285714285714286,
        0.8235294117647058,
        0.9375,
        1.0,
        0.7083333333333334,
        1.0,
        0.9411764705882353,
        0.7619047619047619,
        1.0,
        1.0,
        1.0,
        0.7391304347826086,
        0.85,
        1.0,
        1.0,
        1.0,
        1.0,
        1.0,
        1.0,
        1.0,
        1.0,
        1.0,
        1.0,
        1.0,
        1.0,
        1.0,
        1.0,
        1.0,
        0.9444444444444444,
        1.0,
        0.9444444444444444,
        0.7391304347826086,
        1.0,
        1.0,
        0.7727272727272727,
        0.7894736842105263
    ],