{
    "labels": [
        0,
        0,
        0,
        0,
        0,
        0,
        0,
        0,
        0,
        0,
        0,
        0,
        0,
        0,
        0,
        0,
        0,
        0,
        0,
        0,
        0,
        0,
        0,
        0,
        0,
        0,
        0,
        0,
        0,
        0,
        0,
        0,
        0,
        0,
        0,
        0,
        0,
        0,
        0,
        1,
        1,
        1,
        1,
        1,
        1,
        1,
        1,
        1,
        1,
        1,
        1,
        1,
        1,
        1,
        1,
        1,
        1,
        1,
        1,
        1,
        1,
        1,
        1,
        1
    ],
    "preds": [
        1,
        0,
        0,
        0,
        0,
        0,
        0,
        0,
        0,
        0,
        0,
        1,
        0,
        0,
        0,
        0,
        0,
        0,
        0,
        0,
        0,
        1,
        0,
        0,
        0,
        0,
        0,
        0,
        0,
        1,
        0,
        0,
        1,
        0,
        0,
        0,
        1,
        0,
        0,
        0,
        1,
        1,
        1,
        1,
        1,
        0,
        0,
        0,
        1,
        0,
        1,
        0,
        1,
        1,
        1,
        1,
        0,
        0,
        1,
        1,
        1,
        1,
        1,
        1
    ],
    "probs": [
        0.7767206430435181,
        0.07788928598165512,
        0.007913506589829922,
        0.010770627297461033,
        0.008939732797443867,
        0.016245994716882706,
        0.00858980044722557,
        0.029577674344182014,
        0.026728900149464607,
        0.009013517759740353,
        0.01163771003484726,
        0.8688179850578308,
        0.01551641896367073,
        0.010933092795312405,
        0.015823759138584137,
        0.009532767347991467,
        0.009098341688513756,
        0.012757411226630211,
        0.01091762538999319,
        0.008960271254181862,
        0.00808157678693533,
        0.9834973812103271,
        0.008566336706280708,
        0.020140698179602623,
        0.012079899199306965,
        0.010746187530457973,
        0.017946643754839897,
        0.023660600185394287,
        0.01114388182759285,
        0.7800318002700806,
        0.49466732144355774,
        0.044874146580696106,
        0.9740846157073975,
        0.015434917993843555,
        0.009074757806956768,
        0.007646826095879078,
        0.9994165897369385,
        0.019319966435432434,
        0.024302229285240173,
        0.3207077980041504,
        0.9989222288131714,
        0.9994934797286987,
        0.9994522929191589,
        0.9995567202568054,
        0.9996066689491272,
        0.008774599991738796,
        0.008610584773123264,
        0.02691146358847618,
        0.9995391368865967,
        0.009878628887236118,
        0.9994168281555176,
        0.05135021358728409,
        0.9995878338813782,
        0.999053418636322,
        0.997671902179718,
        0.9985598921775818,
        0.20789103209972382,
        0.01958327740430832,
        0.999404788017273,
        0.9995293617248535,
        0.9983689188957214,
        0.9988242983818054,
        0.999584972858429,
        0.9987156391143799
    ]
}