{
    "train_loss": [
        0.6919754147529602,
        0.6851755777994791,
        0.6729660232861837,
        0.6570076942443848,
        0.6449059844017029,
        0.6179826656977335,
        0.5873803695042928,
        0.5372521082560221,
        0.5028034845987955,
        0.4457190732161204,
        0.39894647399584454,
        0.35763320326805115,
        0.30772537489732105,
        0.25957561035950977,
        0.20526150365670523,
        0.17651612559954324,
        0.14336051295200983,
        0.10705095777908961,
        0.08477855225404103,
        0.06925712029139201,
        0.05802921329935392,
        0.04869836444656054,
        0.0352654525389274,
        0.03059101601441701,
        0.023471818926433723,
        0.01694209035485983,
        0.016410499190290768,
        0.012607510201632977
    ],
    "val_loss": [
        0.679436206817627,
        0.668860673904419,
        0.6623378992080688,
        0.6552672982215881,
        0.6361871361732483,
        0.6186621785163879,
        0.6004581451416016,
        0.5755091905593872,
        0.5572505593299866,
        0.5344153046607971,
        0.500564455986023,
        0.47166067361831665,
        0.4605328142642975,
        0.44109225273132324,
        0.44519156217575073,
        0.44298017024993896,
        0.3916686773300171,
        0.3743213713169098,
        0.3823087215423584,
        0.3965943455696106,
        0.4323917627334595,
        0.44679340720176697,
        0.5271156430244446,
        0.4334440231323242,
        0.44759541749954224,
        0.4907934367656708,
        0.5641221404075623,
        0.5811506509780884
    ],
    "val_auc": [
        0.6516129032258065,
        0.7129032258064516,
        0.7435483870967742,
        0.767741935483871,
        0.7758064516129033,
        0.7838709677419355,
        0.7806451612903227,
        0.7951612903225806,
        0.7983870967741936,
        0.8193548387096774,
        0.8387096774193549,
        0.8645161290322582,
        0.8677419354838709,
        0.8661290322580645,
        0.8661290322580645,
        0.8838709677419355,
        0.896774193548387,
        0.9032258064516128,
        0.9129032258064517,
        0.9016129032258065,
        0.896774193548387,
        0.8983870967741935,
        0.8935483870967741,
        0.9032258064516129,
        0.8983870967741935,
        0.8919354838709677,
        0.8887096774193547,
        0.8919354838709678
    ],
    "val_accuracy": [
        0.5882352941176471,
        0.6470588235294118,
        0.6862745098039216,
        0.6666666666666666,
        0.7058823529411765,
        0.7450980392156863,
        0.7254901960784313,
        0.7647058823529411,
        0.7647058823529411,
        0.7647058823529411,
        0.803921568627451,
        0.8235294117647058,
        0.803921568627451,
        0.803921568627451,
        0.8235294117647058,
        0.8235294117647058,
        0.8235294117647058,
        0.8627450980392157,
        0.8431372549019608,
        0.8235294117647058,
        0.803921568627451,
        0.8235294117647058,
        0.8235294117647058,
        0.8431372549019608,
        0.803921568627451,
        0.7843137254901961,
        0.803921568627451,
        0.803921568627451
    ],
    "val_precision": [
        0.46153846153846156,
        0.6666666666666666,
        0.75,
        0.6153846153846154,
        0.8571428571428571,
        1.0,
        0.8,
        0.9,
        0.9,
        0.9,
        0.9166666666666666,
        0.9230769230769231,
        0.8571428571428571,
        0.8571428571428571,
        0.9230769230769231,
        0.9230769230769231,
        0.7619047619047619,
        0.8823529411764706,
        1.0,
        0.8666666666666667,
        0.7777777777777778,
        0.8666666666666667,
        1.0,
        0.875,
        0.7777777777777778,
        0.7368421052631579,
        0.7777777777777778,
        0.7777777777777778
    ],
    "val_recall": [
        0.3,
        0.2,
        0.3,
        0.4,
        0.3,
        0.35,
        0.4,
        0.45,
        0.45,
        0.45,
        0.55,
        0.6,
        0.6,
        0.6,
        0.6,
        0.6,
        0.8,
        0.75,
        0.6,
        0.65,
        0.7,
        0.65,
        0.55,
        0.7,
        0.7,
        0.7,
        0.7,
        0.7
    ],
    "val_f1_score": [
        0.36363636363636365,
        0.3076923076923077,
        0.42857142857142855,
        0.48484848484848486,
        0.4444444444444444,
        0.5185185185185185,
        0.5333333333333333,
        0.6,
        0.6,
        0.6,
        0.6875,
        0.7272727272727273,
        0.7058823529411765,
        0.7058823529411765,
        0.7272727272727273,
        0.7272727272727273,
        0.7804878048780488,
        0.8108108108108109,
        0.75,
        0.7428571428571429,
        0.7368421052631579,
        0.7428571428571429,
        0.7096774193548387,
        0.7777777777777778,
        0.7368421052631579,
        0.717948717948718,
        0.7368421052631579,
        0.7368421052631579
    ]
}