{
    "labels": [
        0,
        0,
        0,
        0,
        0,
        0,
        0,
        0,
        0,
        0,
        0,
        0,
        0,
        0,
        0,
        0,
        0,
        0,
        0,
        0,
        0,
        0,
        0,
        0,
        0,
        0,
        0,
        0,
        0,
        0,
        0,
        0,
        0,
        0,
        0,
        0,
        0,
        0,
        0,
        1,
        1,
        1,
        1,
        1,
        1,
        1,
        1,
        1,
        1,
        1,
        1,
        1,
        1,
        1,
        1,
        1,
        1,
        1,
        1,
        1,
        1,
        1,
        1,
        1
    ],
    "preds": [
        0,
        1,
        0,
        0,
        0,
        0,
        0,
        0,
        0,
        0,
        0,
        1,
        0,
        0,
        0,
        0,
        0,
        0,
        0,
        0,
        0,
        0,
        0,
        1,
        0,
        0,
        0,
        0,
        0,
        1,
        1,
        0,
        1,
        0,
        0,
        0,
        1,
        0,
        0,
        0,
        1,
        1,
        1,
        1,
        1,
        0,
        0,
        0,
        1,
        0,
        1,
        1,
        1,
        1,
        1,
        0,
        1,
        1,
        1,
        1,
        1,
        0,
        1,
        1
    ],
    "probs": [
        0.30003225803375244,
        0.6213253736495972,
        0.007469239179044962,
        0.0742068663239479,
        0.014720547012984753,
        0.2226998209953308,
        0.02019454538822174,
        0.12579619884490967,
        0.01782224327325821,
        0.05271663889288902,
        0.4220033586025238,
        0.9485470056533813,
        0.02891210839152336,
        0.027265770360827446,
        0.051420535892248154,
        0.04649389907717705,
        0.009043265134096146,
        0.005971682257950306,
        0.12898913025856018,
        0.06739102303981781,
        0.010226048529148102,
        0.18279732763767242,
        0.0058654360473155975,
        0.6440245509147644,
        0.07128685712814331,
        0.055969592183828354,
        0.09418414533138275,
        0.0212525874376297,
        0.08915124833583832,
        0.5202413201332092,
        0.6687209606170654,
        0.03388676792383194,
        0.7824751734733582,
        0.2525120973587036,
        0.010999416001141071,
        0.020204415544867516,
        0.8777815699577332,
        0.2166612446308136,
        0.15980254113674164,
        0.3453913927078247,
        0.98490971326828,
        0.9695834517478943,
        0.9043325781822205,
        0.9883982539176941,
        0.9878782629966736,
        0.018810158595442772,
        0.022052399814128876,
        0.43810364603996277,
        0.9665438532829285,
        0.04922626540064812,
        0.982422947883606,
        0.6534575819969177,
        0.9575091004371643,
        0.8587104678153992,
        0.8776633739471436,
        0.2752220928668976,
        0.7053003907203674,
        0.6173731088638306,
        0.9773721098899841,
        0.9641736745834351,
        0.8253446817398071,
        0.44828784465789795,
        0.9629040360450745,
        0.9616354703903198
    ]
}