{
    "best_hyperparameters": {
        "hidden_size": 64,
        "num_layers": 1,
        "bidirectional": true,
        "lr": 0.0005134009970395966,
        "weight_decay": 0.00014606432796700057,
        "batch_size": 64,
        "dropout_fc": 0.344326700334197
    },
    "best_validation_loss": 0.3743213713169098,
    "best_validation_auc": 0.9032258064516128,
    "best_epoch": 18,
    "test_metrics": {
        "loss": 0.47739824652671814,
        "accuracy": 0.78125,
        "precision": 0.72,
        "recall": 0.72,
        "f1_score": 0.72,
        "auc": 0.8625641025641025
    },
    "features_manifest": "..\\experiments\\exp_38\\results\\tables\\manifest_features.csv"
}