{
    "labels": [
        0,
        0,
        0,
        0,
        0,
        0,
        0,
        0,
        0,
        0,
        0,
        0,
        0,
        0,
        0,
        0,
        0,
        0,
        0,
        0,
        0,
        0,
        0,
        0,
        0,
        0,
        0,
        0,
        0,
        0,
        0,
        0,
        0,
        0,
        0,
        0,
        0,
        0,
        0,
        1,
        1,
        1,
        1,
        1,
        1,
        1,
        1,
        1,
        1,
        1,
        1,
        1,
        1,
        1,
        1,
        1,
        1,
        1,
        1,
        1,
        1,
        1,
        1,
        1
    ],
    "preds": [
        1,
        0,
        0,
        0,
        0,
        0,
        0,
        0,
        0,
        0,
        0,
        0,
        1,
        0,
        0,
        0,
        0,
        0,
        0,
        0,
        0,
        1,
        0,
        0,
        0,
        0,
        0,
        0,
        0,
        0,
        0,
        1,
        0,
        0,
        0,
        0,
        1,
        1,
        0,
        0,
        1,
        1,
        0,
        1,
        1,
        0,
        0,
        0,
        1,
        0,
        1,
        0,
        1,
        0,
        0,
        1,
        1,
        0,
        0,
        1,
        0,
        0,
        1,
        1
    ],
    "probs": [
        0.6424477100372314,
        0.4478342831134796,
        0.06414075195789337,
        0.18923987448215485,
        0.06175081431865692,
        0.1045507863163948,
        0.061491575092077255,
        0.2305619865655899,
        0.06968925893306732,
        0.06051978841423988,
        0.06408333033323288,
        0.40765148401260376,
        0.5314777493476868,
        0.06337550282478333,
        0.1794436275959015,
        0.11200334876775742,
        0.06030000001192093,
        0.06064675748348236,
        0.06227611005306244,
        0.08930713683366776,
        0.06211211532354355,
        0.7513397932052612,
        0.06087480112910271,
        0.06395911425352097,
        0.16519451141357422,
        0.45039042830467224,
        0.16307386755943298,
        0.06902234256267548,
        0.09721225500106812,
        0.07507043331861496,
        0.09146254509687424,
        0.713841438293457,
        0.08524442464113235,
        0.1278754472732544,
        0.06628686934709549,
        0.06012707203626633,
        0.5183621048927307,
        0.7173051834106445,
        0.07920122891664505,
        0.18148857355117798,
        0.763615071773529,
        0.7036640048027039,
        0.35407477617263794,
        0.7481884956359863,
        0.7110328674316406,
        0.0625893771648407,
        0.06225093826651573,
        0.06847149133682251,
        0.6416323184967041,
        0.060203444212675095,
        0.7671763896942139,
        0.06884294748306274,
        0.6576399803161621,
        0.12190892547369003,
        0.4350903332233429,
        0.6547525525093079,
        0.7257136702537537,
        0.28700992465019226,
        0.32578569650650024,
        0.6989465951919556,
        0.23792369663715363,
        0.08113706111907959,
        0.5983095765113831,
        0.7384418845176697
    ]
}