{
    "best_hyperparameters": {
        "hidden_size": 64,
        "num_layers": 3,
        "bidirectional": true,
        "lr": 0.001466856949780402,
        "weight_decay": 0.0001779656063763704,
        "batch_size": 16,
        "dropout_fc": 0.44497704979921554
    },
    "best_validation_loss": 0.2734622557957967,
    "best_validation_auc": 0.9580000000000001,
    "best_epoch": 32,
    "test_metrics": {
        "loss": 0.7976436614990234,
        "accuracy": 0.8035714285714286,
        "precision": 0.7692307692307693,
        "recall": 0.8,
        "f1_score": 0.7843137254901961,
        "auc": 0.8103225806451614
    },
    "features_used": "..\\experiments\\exp_08\\processed_data\\features"
}