{
    "labels": [
        0,
        0,
        0,
        0,
        0,
        0,
        0,
        0,
        0,
        0,
        0,
        0,
        0,
        0,
        0,
        0,
        0,
        0,
        0,
        0,
        0,
        0,
        0,
        0,
        0,
        0,
        0,
        0,
        0,
        0,
        0,
        1,
        1,
        1,
        1,
        1,
        1,
        1,
        1,
        1,
        1,
        1,
        1,
        1,
        1,
        1,
        1,
        1,
        1,
        1,
        1,
        1,
        1,
        1,
        1,
        1
    ],
    "preds": [
        0,
        1,
        0,
        0,
        0,
        0,
        0,
        0,
        1,
        1,
        0,
        0,
        1,
        0,
        0,
        0,
        0,
        0,
        0,
        0,
        0,
        0,
        0,
        1,
        0,
        0,
        0,
        0,
        0,
        1,
        0,
        1,
        1,
        1,
        1,
        1,
        1,
        1,
        1,
        1,
        0,
        1,
        1,
        0,
        1,
        0,
        1,
        1,
        1,
        1,
        0,
        1,
        1,
        1,
        1,
        0
    ],
    "probs": [
        0.03192389756441116,
        0.9987276196479797,
        0.06360236555337906,
        0.032738883048295975,
        0.05126115679740906,
        0.03371003642678261,
        0.03259812667965889,
        0.12157927453517914,
        0.9068758487701416,
        0.978477418422699,
        0.020004501566290855,
        0.08827636390924454,
        0.9243865013122559,
        0.3810650706291199,
        0.03401544317603111,
        0.0618281364440918,
        0.021766938269138336,
        0.03286956995725632,
        0.014648623764514923,
        0.022604981437325478,
        0.02020859904587269,
        0.33378535509109497,
        0.01682189479470253,
        0.9783112406730652,
        0.016563985496759415,
        0.11304153501987457,
        0.033183883875608444,
        0.0332181453704834,
        0.11516717821359634,
        0.9987437129020691,
        0.035333480685949326,
        0.6422147154808044,
        0.9974488615989685,
        0.9969733953475952,
        0.9099846482276917,
        0.9991520643234253,
        0.9986394047737122,
        0.9829903841018677,
        0.9576603770256042,
        0.9783428311347961,
        0.05452495068311691,
        0.6577027440071106,
        0.9988792538642883,
        0.28424111008644104,
        0.9985032081604004,
        0.01759100891649723,
        0.9023950099945068,
        0.9621173739433289,
        0.8451661467552185,
        0.9990812540054321,
        0.03116983361542225,
        0.9754250049591064,
        0.9975342750549316,
        0.998238205909729,
        0.99893718957901,
        0.04131026938557625
    ]
}