{
    "best_hyperparameters": {
        "hidden_size": 64,
        "num_layers": 3,
        "bidirectional": false,
        "lr": 0.0008139861054395097,
        "weight_decay": 5.369942448544484e-05,
        "batch_size": 64,
        "dropout_fc": 0.4546561464643407
    },
    "best_validation_loss": 0.5473858714103699,
    "best_validation_auc": 0.8225806451612903,
    "best_epoch": 11,
    "test_metrics": {
        "loss": 0.6426922082901001,
        "accuracy": 0.703125,
        "precision": 0.6666666666666666,
        "recall": 0.48,
        "f1_score": 0.5581395348837209,
        "auc": 0.7271794871794871
    },
    "features_manifest": "..\\experiments\\exp_08\\results\\tables\\manifest_features.csv"
}