{
    "train_loss": [
        0.6983574430147806,
        0.6933304270108541,
        0.6906192104021708,
        0.6792476971944174,
        0.6647301514943441,
        0.6305405894915262,
        0.5855052272478739,
        0.5167638858159384,
        0.4512031376361847,
        0.4410202701886495,
        0.38369835416475934,
        0.36117343107859295,
        0.26233433187007904,
        0.206280916929245,
        0.23021049300829569,
        0.24738838771979013,
        0.24050984779993692,
        0.1995218296845754,
        0.399156391620636,
        0.4106881568829219,
        0.21247891088326773
    ],
    "val_loss": [
        0.6997275352478027,
        0.6921160817146301,
        0.6847137212753296,
        0.6757957935333252,
        0.6602404713630676,
        0.6271633505821228,
        0.6065153479576111,
        0.5852258205413818,
        0.5674675703048706,
        0.6634321212768555,
        0.5473858714103699,
        0.6084510087966919,
        0.6563262939453125,
        0.6132324934005737,
        0.7888933420181274,
        0.7791546583175659,
        0.7082500457763672,
        0.8051779866218567,
        0.6567628383636475,
        0.5906520485877991,
        0.5721132159233093
    ],
    "val_auc": [
        0.596774193548387,
        0.582258064516129,
        0.6225806451612903,
        0.7032258064516129,
        0.7080645161290323,
        0.7338709677419356,
        0.7370967741935484,
        0.7403225806451613,
        0.8258064516129033,
        0.7741935483870969,
        0.8225806451612903,
        0.785483870967742,
        0.8048387096774193,
        0.8,
        0.7516129032258065,
        0.8064516129032259,
        0.7790322580645161,
        0.7612903225806451,
        0.814516129032258,
        0.8225806451612903,
        0.7935483870967742
    ],
    "val_accuracy": [
        0.39215686274509803,
        0.5686274509803921,
        0.6078431372549019,
        0.6862745098039216,
        0.7058823529411765,
        0.7647058823529411,
        0.7254901960784313,
        0.7647058823529411,
        0.6666666666666666,
        0.7450980392156863,
        0.7450980392156863,
        0.7058823529411765,
        0.7647058823529411,
        0.7254901960784313,
        0.7450980392156863,
        0.7058823529411765,
        0.7647058823529411,
        0.7647058823529411,
        0.7647058823529411,
        0.7450980392156863,
        0.8235294117647058
    ],
    "val_precision": [
        0.39215686274509803,
        0.4375,
        0.0,
        1.0,
        0.8571428571428571,
        1.0,
        0.6875,
        0.9,
        0.5483870967741935,
        0.8888888888888888,
        0.7058823529411765,
        0.631578947368421,
        0.8333333333333334,
        0.625,
        0.8181818181818182,
        0.6,
        0.8333333333333334,
        1.0,
        0.7,
        0.6842105263157895,
        0.9230769230769231
    ],
    "val_recall": [
        1.0,
        0.35,
        0.0,
        0.2,
        0.3,
        0.4,
        0.55,
        0.45,
        0.85,
        0.4,
        0.6,
        0.6,
        0.5,
        0.75,
        0.45,
        0.75,
        0.5,
        0.4,
        0.7,
        0.65,
        0.6
    ],
    "val_f1_score": [
        0.5633802816901409,
        0.3888888888888889,
        0.0,
        0.3333333333333333,
        0.4444444444444444,
        0.5714285714285714,
        0.6111111111111112,
        0.6,
        0.6666666666666666,
        0.5517241379310345,
        0.6486486486486487,
        0.6153846153846154,
        0.625,
        0.6818181818181818,
        0.5806451612903226,
        0.6666666666666666,
        0.625,
        0.5714285714285714,
        0.7,
        0.6666666666666666,
        0.7272727272727273
    ]
}