{
    "train_loss": [
        0.69223785897096,
        0.6470540563265482,
        0.7359627907474836,
        0.6676323066155115,
        0.5875045334299406,
        0.7142638862133026,
        0.6973715672890345,
        0.692167674501737,
        0.6448585415879885,
        0.6590906828641891,
        0.5831005498766899,
        0.644462580482165,
        0.6410763561725616,
        0.49100489417711896,
        0.4654133499910434,
        0.7214477409919103,
        0.5395574619372686,
        0.3903955730299155,
        0.3795279624561469,
        0.6001873215039571,
        0.5630124534169832,
        0.41044784399370354,
        0.3085385672748089,
        0.2880493315557639,
        0.2642159623404344,
        0.28047408411900204,
        0.2489054792871078,
        0.2769456113455817,
        0.2029090883055081,
        0.16179171670228243,
        0.17598808712015548,
        0.10988132298613588,
        0.09638362424448133,
        0.10729129558118682,
        0.10953921684995294,
        0.11542697918290894,
        0.12288313925576706,
        0.15971983356090882,
        0.18654001395528516,
        0.1568437151897039,
        0.14323909388379738,
        0.11288164757813017
    ],
    "val_loss": [
        0.6851932605107626,
        0.6078289151191711,
        0.888139933347702,
        0.6256219844023386,
        0.5970023473103842,
        0.7069672346115112,
        0.6949615279833475,
        0.687535305817922,
        0.6536997358004252,
        0.6982176701227824,
        0.6353485782941183,
        0.6666607062021891,
        0.5768607457478842,
        0.5317273139953613,
        0.9090103656053543,
        0.6662779947121938,
        0.5063627362251282,
        0.44847219189008075,
        0.9050732503334681,
        0.8418067097663879,
        0.6339050034681956,
        0.4786423146724701,
        0.5770513365666071,
        0.8687024066845576,
        0.8648592208822569,
        0.624456857641538,
        0.5001224974791209,
        0.37432998915513355,
        0.5049827719728152,
        0.350344846645991,
        0.513043150305748,
        0.2734622557957967,
        0.49309706315398216,
        0.34059999386469525,
        0.3200441114604473,
        0.7477625040337443,
        0.8920055204847207,
        1.5375340154084067,
        0.3830038706461589,
        0.6505612631638845,
        0.5995390216509501,
        0.4420384392142296
    ],
    "val_auc": [
        0.784,
        0.8180000000000001,
        0.5880000000000001,
        0.764,
        0.772,
        0.562,
        0.668,
        0.6659999999999999,
        0.706,
        0.5800000000000001,
        0.728,
        0.6819999999999999,
        0.8240000000000001,
        0.788,
        0.62,
        0.8240000000000001,
        0.9239999999999999,
        0.9219999999999999,
        0.8400000000000001,
        0.8160000000000001,
        0.856,
        0.904,
        0.868,
        0.844,
        0.858,
        0.8759999999999999,
        0.9099999999999999,
        0.926,
        0.912,
        0.944,
        0.936,
        0.9580000000000001,
        0.952,
        0.946,
        0.9580000000000001,
        0.942,
        0.9339999999999999,
        0.9259999999999999,
        0.9500000000000001,
        0.94,
        0.94,
        0.9279999999999999
    ],
    "val_accuracy": [
        0.5555555555555556,
        0.7555555555555555,
        0.4444444444444444,
        0.7111111111111111,
        0.6666666666666666,
        0.4444444444444444,
        0.4444444444444444,
        0.5555555555555556,
        0.6444444444444445,
        0.4444444444444444,
        0.6444444444444445,
        0.5555555555555556,
        0.7333333333333333,
        0.7333333333333333,
        0.4888888888888889,
        0.5777777777777777,
        0.8666666666666667,
        0.8666666666666667,
        0.6888888888888889,
        0.6,
        0.5777777777777777,
        0.8444444444444444,
        0.7111111111111111,
        0.7333333333333333,
        0.7111111111111111,
        0.7333333333333333,
        0.8,
        0.8888888888888888,
        0.8222222222222222,
        0.9111111111111111,
        0.8444444444444444,
        0.9333333333333333,
        0.8666666666666667,
        0.8888888888888888,
        0.8888888888888888,
        0.7777777777777778,
        0.7777777777777778,
        0.6444444444444445,
        0.9111111111111111,
        0.8,
        0.8,
        0.8666666666666667
    ],
    "val_precision": [
        0.0,
        0.68,
        0.4444444444444444,
        0.7333333333333333,
        0.5714285714285714,
        0.4444444444444444,
        0.4444444444444444,
        0.5,
        0.5769230769230769,
        0.41379310344827586,
        0.6428571428571429,
        0.5,
        0.6333333333333333,
        0.6333333333333333,
        0.46511627906976744,
        0.5135135135135135,
        0.85,
        0.85,
        0.59375,
        1.0,
        0.5128205128205128,
        0.8095238095238095,
        0.8181818181818182,
        0.625,
        0.6129032258064516,
        0.6333333333333333,
        0.9230769230769231,
        0.8571428571428571,
        0.7142857142857143,
        0.8636363636363636,
        0.76,
        0.9047619047619048,
        0.7692307692307693,
        0.8571428571428571,
        0.8,
        0.6666666666666666,
        0.6666666666666666,
        0.5555555555555556,
        0.8333333333333334,
        0.7037037037037037,
        0.7037037037037037,
        0.8888888888888888
    ],
    "val_recall": [
        0.0,
        0.85,
        1.0,
        0.55,
        1.0,
        1.0,
        1.0,
        1.0,
        0.75,
        0.6,
        0.45,
        1.0,
        0.95,
        0.95,
        1.0,
        0.95,
        0.85,
        0.85,
        0.95,
        0.1,
        1.0,
        0.85,
        0.45,
        1.0,
        0.95,
        0.95,
        0.6,
        0.9,
        1.0,
        0.95,
        0.95,
        0.95,
        1.0,
        0.9,
        1.0,
        1.0,
        1.0,
        1.0,
        1.0,
        0.95,
        0.95,
        0.8
    ],
    "val_f1_score": [
        0.0,
        0.7555555555555555,
        0.6153846153846154,
        0.6285714285714286,
        0.7272727272727273,
        0.6153846153846154,
        0.6153846153846154,
        0.6666666666666666,
        0.6521739130434783,
        0.4897959183673469,
        0.5294117647058824,
        0.6666666666666666,
        0.76,
        0.76,
        0.6349206349206349,
        0.6666666666666666,
        0.85,
        0.85,
        0.7307692307692307,
        0.18181818181818182,
        0.6779661016949152,
        0.8292682926829268,
        0.5806451612903226,
        0.7692307692307693,
        0.7450980392156863,
        0.76,
        0.7272727272727273,
        0.8780487804878049,
        0.8333333333333334,
        0.9047619047619048,
        0.8444444444444444,
        0.926829268292683,
        0.8695652173913043,
        0.8780487804878049,
        0.8888888888888888,
        0.8,
        0.8,
        0.7142857142857143,
        0.9090909090909091,
        0.8085106382978723,
        0.8085106382978723,
        0.8421052631578947
    ]
}