{
    "labels": [
        0,
        0,
        0,
        0,
        0,
        0,
        0,
        0,
        0,
        0,
        0,
        0,
        0,
        0,
        0,
        0,
        0,
        0,
        0,
        0,
        0,
        0,
        0,
        0,
        0,
        0,
        0,
        0,
        0,
        0,
        0,
        0,
        0,
        0,
        0,
        0,
        0,
        0,
        0,
        1,
        1,
        1,
        1,
        1,
        1,
        1,
        1,
        1,
        1,
        1,
        1,
        1,
        1,
        1,
        1,
        1,
        1,
        1,
        1,
        1,
        1,
        1,
        1,
        1
    ],
    "preds": [
        0,
        0,
        0,
        0,
        0,
        0,
        0,
        0,
        0,
        0,
        0,
        0,
        0,
        0,
        0,
        0,
        0,
        0,
        0,
        0,
        0,
        0,
        0,
        0,
        0,
        0,
        0,
        0,
        0,
        0,
        0,
        0,
        0,
        0,
        0,
        0,
        0,
        0,
        0,
        0,
        1,
        1,
        0,
        1,
        1,
        0,
        0,
        0,
        0,
        0,
        1,
        0,
        1,
        0,
        0,
        0,
        0,
        0,
        0,
        1,
        0,
        0,
        1,
        0
    ],
    "probs": [
        0.23223333060741425,
        0.23261554539203644,
        0.21803846955299377,
        0.22195260226726532,
        0.22084908187389374,
        0.22055236995220184,
        0.22059814631938934,
        0.22370415925979614,
        0.2230691909790039,
        0.21797890961170197,
        0.22457262873649597,
        0.2321774661540985,
        0.22582505643367767,
        0.23291830718517303,
        0.2308577299118042,
        0.22204667329788208,
        0.22267583012580872,
        0.21768969297409058,
        0.21809501945972443,
        0.22536282241344452,
        0.22213324904441833,
        0.23947535455226898,
        0.22177566587924957,
        0.22929710149765015,
        0.22797290980815887,
        0.2197752743959427,
        0.25185897946357727,
        0.2226765751838684,
        0.24761804938316345,
        0.23733198642730713,
        0.2332560271024704,
        0.2413472831249237,
        0.23875738680362701,
        0.22081658244132996,
        0.22261585295200348,
        0.22247351706027985,
        0.22905035316944122,
        0.2384038120508194,
        0.2555985748767853,
        0.23651526868343353,
        0.6548966765403748,
        0.5611265897750854,
        0.266340434551239,
        0.6790853142738342,
        0.6442946791648865,
        0.2211201786994934,
        0.223783478140831,
        0.22735483944416046,
        0.4887985289096832,
        0.21847490966320038,
        0.6373607516288757,
        0.22592206299304962,
        0.6687266826629639,
        0.22144851088523865,
        0.25852662324905396,
        0.3239456117153168,
        0.22696450352668762,
        0.2664148509502411,
        0.45447900891304016,
        0.55547696352005,
        0.2626556158065796,
        0.22823938727378845,
        0.6731011867523193,
        0.24006718397140503
    ]
}