{
    "train_loss": [
        0.6899457424879074,
        0.6907812058925629,
        0.6590738296508789,
        0.5517981648445129,
        0.5339760780334473,
        0.5393132716417313,
        0.4700055420398712,
        0.4220743477344513,
        0.37889253348112106,
        0.3225082606077194,
        0.2866586074233055,
        0.26810091733932495,
        0.16891286335885525,
        0.11722605489194393
    ],
    "val_loss": [
        0.6801873445510864,
        0.6750039458274841,
        0.6329624056816101,
        0.6088835000991821,
        0.8339516520500183,
        0.7653518915176392,
        0.6941234469413757,
        0.6473963260650635,
        0.7095573544502258,
        0.7149357795715332,
        0.7466408014297485,
        0.7245652675628662,
        0.659963071346283,
        0.8458890318870544
    ],
    "val_auc": [
        0.7032258064516129,
        0.7064516129032258,
        0.7274193548387097,
        0.7612903225806452,
        0.7225806451612903,
        0.7370967741935484,
        0.75,
        0.7516129032258064,
        0.7274193548387097,
        0.7645161290322581,
        0.7612903225806452,
        0.7661290322580646,
        0.785483870967742,
        0.8032258064516129
    ],
    "val_accuracy": [
        0.6078431372549019,
        0.6078431372549019,
        0.7843137254901961,
        0.6666666666666666,
        0.49019607843137253,
        0.6862745098039216,
        0.5490196078431373,
        0.7254901960784313,
        0.6666666666666666,
        0.7254901960784313,
        0.6666666666666666,
        0.7450980392156863,
        0.7450980392156863,
        0.8235294117647058
    ],
    "val_precision": [
        0.0,
        0.0,
        1.0,
        1.0,
        0.4318181818181818,
        0.8333333333333334,
        0.45714285714285713,
        0.8,
        0.5714285714285714,
        0.7142857142857143,
        0.5555555555555556,
        0.8181818181818182,
        0.7058823529411765,
        1.0
    ],
    "val_recall": [
        0.0,
        0.0,
        0.45,
        0.15,
        0.95,
        0.25,
        0.8,
        0.4,
        0.6,
        0.5,
        0.75,
        0.45,
        0.6,
        0.55
    ],
    "val_f1_score": [
        0.0,
        0.0,
        0.6206896551724138,
        0.2608695652173913,
        0.59375,
        0.38461538461538464,
        0.5818181818181818,
        0.5333333333333333,
        0.5853658536585366,
        0.5882352941176471,
        0.6382978723404256,
        0.5806451612903226,
        0.6486486486486487,
        0.7096774193548387
    ]
}