{
  "source_experiment": "exp_33",
  "seed": 42,
  "num_epochs": 60,
  "patience": 10,
  "model_config": {
    "hidden_size": 64,
    "num_layers": 2,
    "bidirectional": false,
    "dropout_fc": 0.5785036060371521,
    "lr": 0.0008112047245078254,
    "weight_decay": 7.210177443442156e-05,
    "batch_size": 64,
    "input_size": 512
  },
  "original_test_metrics": {
    "loss": 0.5824260711669922,
    "accuracy": 0.796875,
    "precision": 0.75,
    "recall": 0.72,
    "f1_score": 0.7346938775510204,
    "auc": 0.8194871794871794
  },
  "manifest_features": "experiments\\exp_33\\results\\tables\\manifest_features.csv"
}