{
    "train_loss": [
        0.6879003842671713,
        0.6702000101407369,
        0.638647178808848,
        0.575803279876709,
        0.4661835829416911,
        0.3713517983754476,
        0.2639872084061305,
        0.18479196230570474,
        0.24871142705281576,
        0.21955923736095428,
        0.1474235380689303,
        0.1283074455956618,
        0.08272137617071469,
        0.06071148191889127,
        0.04331182626386484,
        0.029527187657852966,
        0.022128055182596047,
        0.0178225237565736,
        0.012722171377390623,
        0.014147986231061319,
        0.07362429805410405,
        0.8598984691003958
    ],
    "val_loss": [
        0.648434579372406,
        0.6086865663528442,
        0.5945038199424744,
        0.47557932138442993,
        0.42554765939712524,
        0.4173247814178467,
        0.3244200646877289,
        0.37822073698043823,
        0.28746020793914795,
        0.24452020227909088,
        0.21225152909755707,
        0.1310747116804123,
        0.4336808919906616,
        0.1536661833524704,
        0.1400574892759323,
        0.3598769009113312,
        0.3254111111164093,
        0.2728918194770813,
        0.6689913868904114,
        0.5573477149009705,
        1.3692595958709717,
        2.401388168334961
    ],
    "val_auc": [
        0.7258064516129032,
        0.7419354838709677,
        0.8608870967741935,
        0.8911290322580645,
        0.9032258064516129,
        0.8568548387096775,
        0.9516129032258065,
        0.9395161290322581,
        0.9657258064516129,
        0.965725806451613,
        0.9717741935483871,
        0.9939516129032259,
        0.9758064516129032,
        0.9879032258064516,
        0.9879032258064516,
        0.9596774193548387,
        0.9596774193548387,
        0.9576612903225806,
        0.9637096774193548,
        0.9616935483870969,
        0.9173387096774194,
        0.8991935483870968
    ],
    "val_accuracy": [
        0.6595744680851063,
        0.6595744680851063,
        0.8297872340425532,
        0.8297872340425532,
        0.8723404255319149,
        0.8085106382978723,
        0.9148936170212766,
        0.8085106382978723,
        0.8723404255319149,
        0.8936170212765957,
        0.9361702127659575,
        0.9361702127659575,
        0.8723404255319149,
        0.9574468085106383,
        0.8936170212765957,
        0.9148936170212766,
        0.9148936170212766,
        0.9574468085106383,
        0.8723404255319149,
        0.851063829787234,
        0.8085106382978723,
        0.48936170212765956
    ],
    "val_precision": [
        0.0,
        0.0,
        0.8333333333333334,
        1.0,
        1.0,
        0.6521739130434783,
        0.9285714285714286,
        0.6521739130434783,
        0.75,
        0.8666666666666667,
        0.9333333333333333,
        0.8421052631578947,
        1.0,
        1.0,
        0.8235294117647058,
        1.0,
        1.0,
        1.0,
        1.0,
        0.7647058823529411,
        1.0,
        0.4
    ],
    "val_recall": [
        0.0,
        0.0,
        0.625,
        0.5,
        0.625,
        0.9375,
        0.8125,
        0.9375,
        0.9375,
        0.8125,
        0.875,
        1.0,
        0.625,
        0.875,
        0.875,
        0.75,
        0.75,
        0.875,
        0.625,
        0.8125,
        0.4375,
        1.0
    ],
    "val_f1_score": [
        0.0,
        0.0,
        0.7142857142857143,
        0.6666666666666666,
        0.7692307692307693,
        0.7692307692307693,
        0.8666666666666667,
        0.7692307692307693,
        0.8333333333333334,
        0.8387096774193549,
        0.9032258064516129,
        0.9142857142857143,
        0.7692307692307693,
        0.9333333333333333,
        0.8484848484848485,
        0.8571428571428571,
        0.8571428571428571,
        0.9333333333333333,
        0.7692307692307693,
        0.7878787878787878,
        0.6086956521739131,
        0.5714285714285714
    ]
}