{
    "labels": [
        0,
        0,
        0,
        0,
        0,
        0,
        0,
        0,
        0,
        0,
        0,
        0,
        0,
        0,
        0,
        0,
        0,
        0,
        0,
        0,
        0,
        0,
        0,
        0,
        0,
        0,
        0,
        0,
        0,
        0,
        0,
        0,
        0,
        0,
        0,
        0,
        0,
        0,
        0,
        1,
        1,
        1,
        1,
        1,
        1,
        1,
        1,
        1,
        1,
        1,
        1,
        1,
        1,
        1,
        1,
        1,
        1,
        1,
        1,
        1,
        1,
        1,
        1,
        1
    ],
    "preds": [
        1,
        1,
        0,
        0,
        0,
        0,
        0,
        0,
        0,
        0,
        0,
        0,
        0,
        0,
        0,
        0,
        0,
        0,
        0,
        0,
        0,
        1,
        0,
        0,
        0,
        0,
        0,
        0,
        0,
        0,
        1,
        0,
        1,
        0,
        0,
        0,
        1,
        1,
        0,
        0,
        1,
        1,
        1,
        1,
        1,
        0,
        0,
        0,
        1,
        0,
        1,
        1,
        1,
        1,
        0,
        1,
        1,
        1,
        1,
        1,
        1,
        0,
        1,
        1
    ],
    "probs": [
        0.9359337091445923,
        0.9040480852127075,
        0.0005390529986470938,
        0.03720761835575104,
        0.006670128554105759,
        0.0028835490811616182,
        0.0010356140555813909,
        0.12175818532705307,
        0.0007454071310348809,
        0.002275562146678567,
        0.004833579994738102,
        0.2288587987422943,
        0.012998846359550953,
        0.00041940054506994784,
        0.2795703411102295,
        0.0044119833037257195,
        0.0006142921629361808,
        0.0004014561709482223,
        0.002136302413418889,
        0.0030290833674371243,
        0.0005642198375426233,
        0.9316553473472595,
        0.0004940940998494625,
        0.0008951519266702235,
        0.002424407983198762,
        0.006743280217051506,
        0.013931694440543652,
        0.0007639304967597127,
        0.0013131352607160807,
        0.3962673842906952,
        0.6996772885322571,
        0.0013451569247990847,
        0.9347845315933228,
        0.01305372640490532,
        0.0013225959846749902,
        0.00048740371130406857,
        0.8998367190361023,
        0.5832029581069946,
        0.009590999223291874,
        0.42596739530563354,
        0.9745477437973022,
        0.9598085880279541,
        0.8843801021575928,
        0.9871501922607422,
        0.9747812747955322,
        0.002945665270090103,
        0.0014258681330829859,
        0.2613445222377777,
        0.9658303260803223,
        0.0005585573962889612,
        0.981776773929596,
        0.529674768447876,
        0.9615116119384766,
        0.9257506728172302,
        0.4764835834503174,
        0.9064621925354004,
        0.9462611675262451,
        0.8273152709007263,
        0.9676895141601562,
        0.9582893252372742,
        0.9417458772659302,
        0.0014745971420779824,
        0.9447500705718994,
        0.9502882957458496
    ]
}