{
    "train_loss": [
        0.6966140071551005,
        0.6911606589953104,
        0.6829880475997925,
        0.6754980683326721,
        0.6434202392896017,
        0.5931406418482462,
        0.5235626697540283,
        0.39398740728696185,
        0.2973178029060364,
        0.21593527992566428,
        0.34113748868306476,
        0.3535105809569359,
        0.5555722514788309,
        0.29364730914433795,
        0.3043137788772583,
        0.30734001596768695,
        0.2196117341518402,
        0.17218937973181406,
        0.15906681368748346,
        0.1896902620792389,
        0.3596195876598358,
        0.1739911437034607,
        0.22476410865783691,
        0.17762620747089386,
        0.09242245803276698,
        0.12369260936975479,
        0.10427681108315785
    ],
    "val_loss": [
        0.7024030685424805,
        0.696708083152771,
        0.6946254372596741,
        0.6764417290687561,
        0.6498942971229553,
        0.6213753819465637,
        0.5540015697479248,
        0.4698692858219147,
        0.3857923150062561,
        0.8714326620101929,
        0.7442787885665894,
        0.6483005881309509,
        0.6316058039665222,
        0.49405843019485474,
        0.40480709075927734,
        0.5939657092094421,
        0.2905254662036896,
        0.34623974561691284,
        0.46395188570022583,
        0.48260048031806946,
        0.38935741782188416,
        0.7578897476196289,
        0.504112720489502,
        0.5127034187316895,
        0.5064736604690552,
        0.488002747297287,
        0.41050565242767334
    ],
    "val_auc": [
        0.7419354838709677,
        0.7564516129032257,
        0.7532258064516129,
        0.7725806451612903,
        0.8354838709677419,
        0.8209677419354839,
        0.864516129032258,
        0.8709677419354839,
        0.8725806451612903,
        0.8903225806451613,
        0.7580645161290323,
        0.8774193548387097,
        0.8612903225806452,
        0.8370967741935483,
        0.8838709677419354,
        0.9032258064516128,
        0.9258064516129032,
        0.9209677419354838,
        0.9080645161290322,
        0.8951612903225807,
        0.8999999999999999,
        0.864516129032258,
        0.882258064516129,
        0.896774193548387,
        0.8806451612903227,
        0.9016129032258065,
        0.9048387096774193
    ],
    "val_accuracy": [
        0.39215686274509803,
        0.39215686274509803,
        0.37254901960784315,
        0.6862745098039216,
        0.7450980392156863,
        0.7450980392156863,
        0.7647058823529411,
        0.8235294117647058,
        0.8627450980392157,
        0.7058823529411765,
        0.7254901960784313,
        0.803921568627451,
        0.803921568627451,
        0.8235294117647058,
        0.8627450980392157,
        0.7450980392156863,
        0.8823529411764706,
        0.8823529411764706,
        0.803921568627451,
        0.8235294117647058,
        0.8431372549019608,
        0.6666666666666666,
        0.7843137254901961,
        0.803921568627451,
        0.803921568627451,
        0.8235294117647058,
        0.8627450980392157
    ],
    "val_precision": [
        0.39215686274509803,
        0.39215686274509803,
        0.38,
        0.5666666666666667,
        0.7333333333333333,
        0.64,
        0.7857142857142857,
        0.8235294117647058,
        1.0,
        0.5806451612903226,
        1.0,
        0.6923076923076923,
        0.7272727272727273,
        1.0,
        0.8421052631578947,
        0.6129032258064516,
        0.8888888888888888,
        0.85,
        0.7083333333333334,
        1.0,
        1.0,
        0.5483870967741935,
        0.9090909090909091,
        0.9166666666666666,
        0.7083333333333334,
        0.7037037037037037,
        0.8095238095238095
    ],
    "val_recall": [
        1.0,
        1.0,
        0.95,
        0.85,
        0.55,
        0.8,
        0.55,
        0.7,
        0.65,
        0.9,
        0.3,
        0.9,
        0.8,
        0.55,
        0.8,
        0.95,
        0.8,
        0.85,
        0.85,
        0.55,
        0.6,
        0.85,
        0.5,
        0.55,
        0.85,
        0.95,
        0.85
    ],
    "val_f1_score": [
        0.5633802816901409,
        0.5633802816901409,
        0.5428571428571428,
        0.68,
        0.6285714285714286,
        0.7111111111111111,
        0.6470588235294118,
        0.7567567567567568,
        0.7878787878787878,
        0.7058823529411765,
        0.46153846153846156,
        0.782608695652174,
        0.7619047619047619,
        0.7096774193548387,
        0.8205128205128205,
        0.7450980392156863,
        0.8421052631578947,
        0.85,
        0.7727272727272727,
        0.7096774193548387,
        0.75,
        0.6666666666666666,
        0.6451612903225806,
        0.6875,
        0.7727272727272727,
        0.8085106382978723,
        0.8292682926829268
    ]
}