{
    "labels": [
        0,
        0,
        0,
        0,
        0,
        0,
        0,
        0,
        0,
        0,
        0,
        0,
        0,
        0,
        0,
        0,
        0,
        0,
        0,
        0,
        0,
        0,
        0,
        0,
        0,
        0,
        0,
        0,
        0,
        0,
        0,
        0,
        0,
        0,
        0,
        0,
        0,
        0,
        0,
        1,
        1,
        1,
        1,
        1,
        1,
        1,
        1,
        1,
        1,
        1,
        1,
        1,
        1,
        1,
        1,
        1,
        1,
        1,
        1,
        1,
        1,
        1,
        1,
        1
    ],
    "preds": [
        1,
        1,
        0,
        0,
        0,
        0,
        0,
        0,
        0,
        0,
        0,
        1,
        0,
        0,
        0,
        0,
        0,
        0,
        0,
        0,
        0,
        1,
        0,
        0,
        0,
        0,
        0,
        0,
        0,
        1,
        1,
        0,
        0,
        1,
        0,
        0,
        1,
        0,
        0,
        0,
        1,
        1,
        1,
        1,
        1,
        0,
        0,
        0,
        1,
        0,
        1,
        1,
        1,
        1,
        1,
        0,
        1,
        0,
        1,
        1,
        1,
        1,
        1,
        1
    ],
    "probs": [
        0.540438711643219,
        0.9350829720497131,
        0.07955749332904816,
        0.09286541491746902,
        0.08532953262329102,
        0.088420569896698,
        0.0858512818813324,
        0.12486632913351059,
        0.09756489098072052,
        0.08467265963554382,
        0.10812337696552277,
        0.876890242099762,
        0.10722041875123978,
        0.08385345339775085,
        0.10186083614826202,
        0.0898311659693718,
        0.08419981598854065,
        0.09785152971744537,
        0.13141672313213348,
        0.08541486412286758,
        0.08406733721494675,
        0.9177292585372925,
        0.08436731994152069,
        0.09067419171333313,
        0.10012895613908768,
        0.09650523960590363,
        0.0899123102426529,
        0.09986226260662079,
        0.08832458406686783,
        0.6832894682884216,
        0.9084256887435913,
        0.10568048804998398,
        0.1373750865459442,
        0.895990788936615,
        0.08840283006429672,
        0.08511775732040405,
        0.9425634145736694,
        0.09060409665107727,
        0.1093178242444992,
        0.09650032222270966,
        0.9387319087982178,
        0.9274676442146301,
        0.9387834072113037,
        0.9433188438415527,
        0.9439282417297363,
        0.08346239477396011,
        0.08540848642587662,
        0.49524736404418945,
        0.9416763186454773,
        0.0909668430685997,
        0.940380334854126,
        0.9291371703147888,
        0.9437532424926758,
        0.9405217170715332,
        0.5021983981132507,
        0.25688064098358154,
        0.9133143424987793,
        0.4759901762008667,
        0.9417979121208191,
        0.939927339553833,
        0.9309231638908386,
        0.7448038458824158,
        0.9426556825637817,
        0.9338849782943726
    ]
}