{
    "best_hyperparameters": {
        "hidden_size": 64,
        "num_layers": 2,
        "bidirectional": false,
        "lr": 0.0011958611226569843,
        "weight_decay": 0.00019897217958979088,
        "batch_size": 32,
        "dropout_fc": 0.3321445719714664
    },
    "best_validation_loss": 0.26133597642183304,
    "best_validation_auc": 0.9634888438133874,
    "best_epoch": 10,
    "test_metrics": {
        "loss": 0.49508389830589294,
        "accuracy": 0.828125,
        "precision": 0.8181818181818182,
        "recall": 0.72,
        "f1_score": 0.7659574468085106,
        "auc": 0.8338461538461538
    },
    "features_manifest": "..\\experiments\\exp_54\\results\\tables\\manifest_features.csv"
}