{
    "labels": [
        0,
        0,
        0,
        0,
        0,
        0,
        0,
        0,
        0,
        0,
        0,
        0,
        0,
        0,
        0,
        0,
        0,
        0,
        0,
        0,
        0,
        0,
        0,
        0,
        0,
        0,
        0,
        0,
        0,
        0,
        0,
        0,
        0,
        0,
        0,
        0,
        0,
        0,
        0,
        1,
        1,
        1,
        1,
        1,
        1,
        1,
        1,
        1,
        1,
        1,
        1,
        1,
        1,
        1,
        1,
        1,
        1,
        1,
        1,
        1,
        1,
        1,
        1,
        1
    ],
    "preds": [
        1,
        1,
        0,
        0,
        0,
        0,
        0,
        0,
        0,
        0,
        0,
        1,
        0,
        0,
        0,
        0,
        0,
        0,
        0,
        0,
        0,
        0,
        0,
        0,
        0,
        0,
        0,
        0,
        0,
        0,
        0,
        0,
        0,
        0,
        0,
        0,
        1,
        0,
        0,
        0,
        1,
        1,
        1,
        1,
        1,
        0,
        0,
        1,
        1,
        0,
        1,
        0,
        1,
        1,
        1,
        1,
        1,
        0,
        1,
        1,
        0,
        1,
        1,
        1
    ],
    "probs": [
        0.6039081811904907,
        0.5160421133041382,
        0.02636624500155449,
        0.04361908882856369,
        0.027509722858667374,
        0.025987206026911736,
        0.03237185627222061,
        0.10132242739200592,
        0.040925268083810806,
        0.01890755258500576,
        0.042931798845529556,
        0.9529163241386414,
        0.05648509040474892,
        0.02261831797659397,
        0.03463585674762726,
        0.01855926215648651,
        0.0227716825902462,
        0.08043882995843887,
        0.0669502541422844,
        0.02476208098232746,
        0.01884680986404419,
        0.10618186742067337,
        0.03642629086971283,
        0.12655115127563477,
        0.035233668982982635,
        0.06297577172517776,
        0.04658612981438637,
        0.07389384508132935,
        0.06739819049835205,
        0.06704463809728622,
        0.07893886417150497,
        0.43851161003112793,
        0.06658630818128586,
        0.07697813212871552,
        0.0513780303299427,
        0.04630341753363609,
        0.8762576580047607,
        0.04700732231140137,
        0.05089827999472618,
        0.03850957378745079,
        0.9788365960121155,
        0.874857485294342,
        0.976628303527832,
        0.968966543674469,
        0.9913029670715332,
        0.02179839462041855,
        0.024800579994916916,
        0.927018404006958,
        0.9897944331169128,
        0.03431466221809387,
        0.9643591046333313,
        0.06595388054847717,
        0.9862645268440247,
        0.9595476388931274,
        0.85040283203125,
        0.6051506400108337,
        0.6988874077796936,
        0.22011993825435638,
        0.9766671657562256,
        0.9659001231193542,
        0.11466506123542786,
        0.6439473628997803,
        0.9874675869941711,
        0.9757393598556519
    ]
}