{
    "train_loss": [
        0.6879250918115888,
        0.6615066017423358,
        0.5893246872084481,
        0.43308132674012867,
        0.33539924025535583,
        0.25997836674962727,
        0.21643933760268347,
        0.12008027146969523,
        0.10994127658861023,
        0.19320416450500488,
        0.15334736023630416,
        0.11782374924847058,
        0.08232046158186027,
        0.07338900970561164,
        0.04354927609009402,
        0.3695035595446825,
        0.267015172966889,
        0.19840732216835022,
        0.08994167830262866,
        0.037287132548434396
    ],
    "val_loss": [
        0.6928089559078217,
        0.6871271729469299,
        0.5949370265007019,
        0.6373245567083359,
        0.3954733908176422,
        0.46836820244789124,
        0.4997142255306244,
        0.4680965095758438,
        0.4725399315357208,
        0.26133597642183304,
        0.422925129532814,
        0.557161271572113,
        1.1478309333324432,
        0.6603778675198555,
        0.5896226046606898,
        0.48218564689159393,
        0.9037926271557808,
        0.3612329065799713,
        0.5537954568862915,
        0.5479150712490082
    ],
    "val_auc": [
        0.7322515212981744,
        0.7119675456389453,
        0.8133874239350913,
        0.8701825557809331,
        0.9330628803245435,
        0.918864097363083,
        0.8904665314401623,
        0.9432048681541583,
        0.9148073022312373,
        0.9634888438133874,
        0.9371196754563894,
        0.9026369168356998,
        0.9411764705882353,
        0.9432048681541583,
        0.9452332657200812,
        0.9127789046653143,
        0.8803245436105477,
        0.9127789046653144,
        0.924949290060852,
        0.9148073022312373
    ],
    "val_accuracy": [
        0.6304347826086957,
        0.6956521739130435,
        0.717391304347826,
        0.7608695652173914,
        0.8478260869565217,
        0.8695652173913043,
        0.8478260869565217,
        0.8695652173913043,
        0.8695652173913043,
        0.9130434782608695,
        0.8260869565217391,
        0.8043478260869565,
        0.782608695652174,
        0.8478260869565217,
        0.782608695652174,
        0.782608695652174,
        0.6739130434782609,
        0.8695652173913043,
        0.782608695652174,
        0.8478260869565217
    ],
    "val_precision": [
        0.0,
        0.8,
        0.6,
        0.7142857142857143,
        0.75,
        1.0,
        0.8125,
        0.8666666666666667,
        0.7894736842105263,
        0.8823529411764706,
        0.8461538461538461,
        0.75,
        0.8888888888888888,
        0.8571428571428571,
        0.6296296296296297,
        0.64,
        0.75,
        0.7894736842105263,
        0.8181818181818182,
        0.8125
    ],
    "val_recall": [
        0.0,
        0.23529411764705882,
        0.7058823529411765,
        0.5882352941176471,
        0.8823529411764706,
        0.6470588235294118,
        0.7647058823529411,
        0.7647058823529411,
        0.8823529411764706,
        0.8823529411764706,
        0.6470588235294118,
        0.7058823529411765,
        0.47058823529411764,
        0.7058823529411765,
        1.0,
        0.9411764705882353,
        0.17647058823529413,
        0.8823529411764706,
        0.5294117647058824,
        0.7647058823529411
    ],
    "val_f1_score": [
        0.0,
        0.36363636363636365,
        0.6486486486486487,
        0.6451612903225806,
        0.8108108108108109,
        0.7857142857142857,
        0.7878787878787878,
        0.8125,
        0.8333333333333334,
        0.8823529411764706,
        0.7333333333333333,
        0.7272727272727273,
        0.6153846153846154,
        0.7741935483870968,
        0.7727272727272727,
        0.7619047619047619,
        0.2857142857142857,
        0.8333333333333334,
        0.6428571428571429,
        0.7878787878787878
    ]
}