{
    "train_loss": [
        0.6916680783033371,
        0.657452791929245,
        0.6314469873905182,
        0.5755010843276978,
        0.5188305228948593,
        0.43691539019346237,
        0.3850000202655792,
        0.3296426199376583,
        0.276566743850708,
        0.207669485360384,
        0.15526864677667618,
        0.14249004609882832,
        0.09595841728150845,
        0.07232009246945381,
        0.056600265204906464,
        0.04234283650293946,
        0.03151287906803191,
        0.026132271625101566,
        0.017384980572387576,
        0.024520049337297678,
        0.008687913068570197,
        0.006258808076381683,
        0.025745456106960773,
        0.012193995527923107
    ],
    "val_loss": [
        0.6320881843566895,
        0.6140481233596802,
        0.578777551651001,
        0.552270233631134,
        0.510021448135376,
        0.45878511667251587,
        0.3908570408821106,
        0.3849819004535675,
        0.3490585386753082,
        0.36344003677368164,
        0.33694201707839966,
        0.275067001581192,
        0.2666775584220886,
        0.23456360399723053,
        0.2454197108745575,
        0.369442880153656,
        0.3558959364891052,
        0.5753085017204285,
        0.6008409261703491,
        0.5902514457702637,
        0.6531534790992737,
        0.5772586464881897,
        0.6475735902786255,
        0.5744760036468506
    ],
    "val_auc": [
        0.7016129032258065,
        0.7862903225806452,
        0.8024193548387097,
        0.8044354838709677,
        0.8266129032258065,
        0.8588709677419355,
        0.9153225806451614,
        0.8850806451612903,
        0.9112903225806451,
        0.9012096774193548,
        0.9193548387096774,
        0.9596774193548387,
        0.9556451612903226,
        0.9657258064516129,
        0.9758064516129032,
        0.9495967741935484,
        0.9375,
        0.9233870967741935,
        0.9153225806451614,
        0.9112903225806452,
        0.9153225806451614,
        0.905241935483871,
        0.9012096774193549,
        0.9173387096774194
    ],
    "val_accuracy": [
        0.6595744680851063,
        0.6595744680851063,
        0.723404255319149,
        0.7872340425531915,
        0.8085106382978723,
        0.8297872340425532,
        0.851063829787234,
        0.8723404255319149,
        0.8723404255319149,
        0.8936170212765957,
        0.8723404255319149,
        0.9148936170212766,
        0.9148936170212766,
        0.8936170212765957,
        0.9148936170212766,
        0.8723404255319149,
        0.8723404255319149,
        0.8936170212765957,
        0.8936170212765957,
        0.851063829787234,
        0.8936170212765957,
        0.8297872340425532,
        0.8936170212765957,
        0.7872340425531915
    ],
    "val_precision": [
        0.0,
        0.0,
        0.8,
        0.875,
        0.8888888888888888,
        0.9,
        0.9090909090909091,
        0.9166666666666666,
        0.9166666666666666,
        0.8666666666666667,
        0.8125,
        0.9285714285714286,
        0.9285714285714286,
        0.8666666666666667,
        0.9285714285714286,
        0.9166666666666666,
        0.8571428571428571,
        0.9230769230769231,
        0.9230769230769231,
        0.8,
        0.9230769230769231,
        0.75,
        0.9230769230769231,
        0.65
    ],
    "val_recall": [
        0.0,
        0.0,
        0.25,
        0.4375,
        0.5,
        0.5625,
        0.625,
        0.6875,
        0.6875,
        0.8125,
        0.8125,
        0.8125,
        0.8125,
        0.8125,
        0.8125,
        0.6875,
        0.75,
        0.75,
        0.75,
        0.75,
        0.75,
        0.75,
        0.75,
        0.8125
    ],
    "val_f1_score": [
        0.0,
        0.0,
        0.38095238095238093,
        0.5833333333333334,
        0.64,
        0.6923076923076923,
        0.7407407407407407,
        0.7857142857142857,
        0.7857142857142857,
        0.8387096774193549,
        0.8125,
        0.8666666666666667,
        0.8666666666666667,
        0.8387096774193549,
        0.8666666666666667,
        0.7857142857142857,
        0.8,
        0.8275862068965517,
        0.8275862068965517,
        0.7741935483870968,
        0.8275862068965517,
        0.75,
        0.8275862068965517,
        0.7222222222222222
    ]
}