{
    "labels": [
        0,
        0,
        0,
        0,
        0,
        0,
        0,
        0,
        0,
        0,
        0,
        0,
        0,
        0,
        0,
        0,
        0,
        0,
        0,
        0,
        0,
        0,
        0,
        0,
        0,
        0,
        0,
        0,
        0,
        0,
        0,
        0,
        0,
        0,
        0,
        0,
        0,
        0,
        0,
        1,
        1,
        1,
        1,
        1,
        1,
        1,
        1,
        1,
        1,
        1,
        1,
        1,
        1,
        1,
        1,
        1,
        1,
        1,
        1,
        1,
        1,
        1,
        1,
        1
    ],
    "preds": [
        1,
        1,
        0,
        0,
        0,
        0,
        0,
        0,
        0,
        0,
        0,
        0,
        0,
        0,
        0,
        0,
        0,
        0,
        0,
        0,
        0,
        0,
        0,
        0,
        0,
        0,
        0,
        0,
        0,
        0,
        0,
        0,
        1,
        0,
        0,
        0,
        1,
        0,
        0,
        0,
        1,
        1,
        1,
        1,
        1,
        0,
        0,
        1,
        1,
        0,
        1,
        1,
        1,
        1,
        1,
        0,
        1,
        0,
        1,
        1,
        1,
        1,
        1,
        1
    ],
    "probs": [
        0.7289096117019653,
        0.9351696372032166,
        0.0019207352306693792,
        0.029626615345478058,
        0.005793516058474779,
        0.019838949665427208,
        0.0017895186319947243,
        0.037508998066186905,
        0.0028682397678494453,
        0.013959956355392933,
        0.021508673205971718,
        0.10441979020833969,
        0.0032664386089891195,
        0.001285624341107905,
        0.12012360244989395,
        0.05394963547587395,
        0.0009303333354182541,
        0.0005059243412688375,
        0.09875956177711487,
        0.024389106780290604,
        0.0013493732549250126,
        0.007402548100799322,
        0.0008854859042912722,
        0.06681569665670395,
        0.004373278934508562,
        0.0017327655805274844,
        0.0802345722913742,
        0.0028174342587590218,
        0.0007320399745367467,
        0.2839938998222351,
        0.14064636826515198,
        0.013099412433803082,
        0.803958535194397,
        0.028493791818618774,
        0.0005588683998212218,
        0.008017262443900108,
        0.9083073735237122,
        0.092416912317276,
        0.08221905678510666,
        0.12926675379276276,
        0.9634488821029663,
        0.9875068664550781,
        0.9663965106010437,
        0.9951942563056946,
        0.9930013418197632,
        0.0012019359273836017,
        0.00341444811783731,
        0.790509819984436,
        0.9794211387634277,
        0.003736151149496436,
        0.9878684878349304,
        0.5115572214126587,
        0.9864605665206909,
        0.9820626378059387,
        0.9173734784126282,
        0.37685227394104004,
        0.8780872225761414,
        0.40256139636039734,
        0.9919319748878479,
        0.9878283739089966,
        0.6994847059249878,
        0.6041581630706787,
        0.9835609197616577,
        0.9766666889190674
    ]
}