{
    "best_hyperparameters": {
        "hidden_size": 64,
        "num_layers": 1,
        "bidirectional": true,
        "lr": 0.0010474331054263163,
        "weight_decay": 6.269790297061882e-05,
        "batch_size": 64,
        "dropout_fc": 0.49836974983773885
    },
    "best_validation_loss": 0.23456360399723053,
    "best_validation_auc": 0.9657258064516129,
    "best_epoch": 14,
    "test_metrics": {
        "loss": 0.5257059931755066,
        "accuracy": 0.84375,
        "precision": 0.8260869565217391,
        "recall": 0.76,
        "f1_score": 0.7916666666666666,
        "auc": 0.8789743589743589
    },
    "features_manifest": "..\\experiments\\exp_76\\results\\tables\\manifest_features.csv"
}