{
    "labels": [
        0,
        0,
        0,
        0,
        0,
        0,
        0,
        0,
        0,
        0,
        0,
        0,
        0,
        0,
        0,
        0,
        0,
        0,
        0,
        0,
        0,
        0,
        0,
        0,
        0,
        0,
        0,
        0,
        0,
        0,
        0,
        0,
        0,
        0,
        0,
        0,
        0,
        0,
        0,
        1,
        1,
        1,
        1,
        1,
        1,
        1,
        1,
        1,
        1,
        1,
        1,
        1,
        1,
        1,
        1,
        1,
        1,
        1,
        1,
        1,
        1,
        1,
        1,
        1
    ],
    "preds": [
        0,
        0,
        0,
        0,
        0,
        0,
        0,
        0,
        0,
        0,
        0,
        0,
        0,
        0,
        0,
        0,
        0,
        0,
        0,
        0,
        0,
        0,
        0,
        0,
        0,
        0,
        0,
        0,
        0,
        0,
        0,
        1,
        0,
        0,
        0,
        0,
        1,
        0,
        0,
        0,
        1,
        1,
        1,
        1,
        1,
        0,
        0,
        0,
        1,
        0,
        1,
        0,
        1,
        0,
        1,
        1,
        1,
        1,
        1,
        1,
        1,
        1,
        1,
        0
    ],
    "probs": [
        0.045401886105537415,
        0.1993938535451889,
        0.013417348265647888,
        0.1387650966644287,
        0.021271178498864174,
        0.13657185435295105,
        0.013598546385765076,
        0.24038644134998322,
        0.018451113253831863,
        0.019653460010886192,
        0.024950820952653885,
        0.08165032416582108,
        0.023753581568598747,
        0.013604412786662579,
        0.025881348177790642,
        0.028770286589860916,
        0.013781125657260418,
        0.017229029908776283,
        0.020358851179480553,
        0.03560376539826393,
        0.014703157357871532,
        0.025584636256098747,
        0.014905902557075024,
        0.014955485239624977,
        0.02194441668689251,
        0.02035583183169365,
        0.32994863390922546,
        0.018769003450870514,
        0.02066144533455372,
        0.024270348250865936,
        0.03462662175297737,
        0.9343702793121338,
        0.07725929468870163,
        0.043604347854852676,
        0.02198684588074684,
        0.013251571916043758,
        0.9097012281417847,
        0.019648320972919464,
        0.037330783903598785,
        0.12342652678489685,
        0.9343806505203247,
        0.9229224324226379,
        0.5718098282814026,
        0.9556060433387756,
        0.9323633313179016,
        0.013232960365712643,
        0.017030702903866768,
        0.04478493332862854,
        0.9314013123512268,
        0.019123777747154236,
        0.9556764960289001,
        0.17617085576057434,
        0.9291130900382996,
        0.021305672824382782,
        0.9158439040184021,
        0.9033315777778625,
        0.9278015494346619,
        0.7487334609031677,
        0.9304060339927673,
        0.9252064228057861,
        0.9175664186477661,
        0.9319014549255371,
        0.9209583401679993,
        0.2689068615436554
    ]
}