{
    "train_loss": [
        0.6973725159962972,
        0.6923114856084188,
        0.689181387424469,
        0.6861377358436584,
        0.6657802859942118,
        0.6374122103055319,
        0.5945616364479065,
        0.5504475434621176,
        0.5050777097543081,
        0.42094765106836957,
        0.4798538585503896,
        0.37718545893828076,
        0.31967881321907043,
        0.20505343874295553,
        0.1874331831932068,
        0.39894522726535797,
        0.4138438006242116,
        0.27926941712697345,
        0.28774640957514447,
        0.28907448053359985,
        0.23775514960289001,
        0.21666842699050903,
        0.19500684241453806,
        0.2759520659844081,
        0.1900048553943634,
        0.29899129023154575
    ],
    "val_loss": [
        0.7047330141067505,
        0.6972591876983643,
        0.6937496066093445,
        0.6840938925743103,
        0.6521355509757996,
        0.6400960683822632,
        0.5428664088249207,
        0.49012914299964905,
        0.41103628277778625,
        0.4102354049682617,
        0.6640992164611816,
        0.4692915380001068,
        0.34791746735572815,
        0.2860649526119232,
        0.6064727902412415,
        0.276480108499527,
        0.3419991433620453,
        0.37245333194732666,
        0.3419703543186188,
        0.3999313414096832,
        0.3755066990852356,
        0.3660830557346344,
        0.3124255836009979,
        0.44907885789871216,
        0.635396420955658,
        0.39959800243377686
    ],
    "val_auc": [
        0.7416666666666667,
        0.75,
        0.8270833333333334,
        0.8333333333333333,
        0.8354166666666667,
        0.8791666666666667,
        0.8583333333333334,
        0.8708333333333333,
        0.9208333333333334,
        0.8958333333333333,
        0.7604166666666666,
        0.8833333333333333,
        0.9375,
        0.96875,
        0.9104166666666667,
        0.9583333333333334,
        0.9354166666666668,
        0.9770833333333334,
        0.9333333333333333,
        0.8875,
        0.9145833333333334,
        0.9041666666666666,
        0.9375,
        0.9083333333333333,
        0.8625,
        0.9125
    ],
    "val_accuracy": [
        0.34782608695652173,
        0.34782608695652173,
        0.391304347826087,
        0.5434782608695652,
        0.6739130434782609,
        0.6739130434782609,
        0.782608695652174,
        0.8260869565217391,
        0.8478260869565217,
        0.8260869565217391,
        0.6521739130434783,
        0.8260869565217391,
        0.8260869565217391,
        0.8695652173913043,
        0.782608695652174,
        0.8913043478260869,
        0.8913043478260869,
        0.8695652173913043,
        0.8478260869565217,
        0.8478260869565217,
        0.8260869565217391,
        0.8478260869565217,
        0.8478260869565217,
        0.8260869565217391,
        0.8043478260869565,
        0.8695652173913043
    ],
    "val_precision": [
        0.34782608695652173,
        0.34782608695652173,
        0.36363636363636365,
        0.43243243243243246,
        0.5333333333333333,
        0.5172413793103449,
        0.875,
        0.7,
        0.9090909090909091,
        0.8333333333333334,
        0.5,
        0.9,
        0.7857142857142857,
        0.8571428571428571,
        0.6153846153846154,
        0.8666666666666667,
        0.9230769230769231,
        0.7272727272727273,
        0.9090909090909091,
        0.8461538461538461,
        0.75,
        0.8461538461538461,
        0.8,
        0.6818181818181818,
        1.0,
        1.0
    ],
    "val_recall": [
        1.0,
        1.0,
        1.0,
        1.0,
        0.5,
        0.9375,
        0.4375,
        0.875,
        0.625,
        0.625,
        1.0,
        0.5625,
        0.6875,
        0.75,
        1.0,
        0.8125,
        0.75,
        1.0,
        0.625,
        0.6875,
        0.75,
        0.6875,
        0.75,
        0.9375,
        0.4375,
        0.625
    ],
    "val_f1_score": [
        0.5161290322580645,
        0.5161290322580645,
        0.5333333333333333,
        0.6037735849056604,
        0.5161290322580645,
        0.6666666666666666,
        0.5833333333333334,
        0.7777777777777778,
        0.7407407407407407,
        0.7142857142857143,
        0.6666666666666666,
        0.6923076923076923,
        0.7333333333333333,
        0.8,
        0.7619047619047619,
        0.8387096774193549,
        0.8275862068965517,
        0.8421052631578947,
        0.7407407407407407,
        0.7586206896551724,
        0.75,
        0.7586206896551724,
        0.7741935483870968,
        0.7894736842105263,
        0.6086956521739131,
        0.7692307692307693
    ]
}