{
    "best_hyperparameters": {
        "hidden_size": 64,
        "num_layers": 2,
        "bidirectional": false,
        "lr": 0.0008112047245078254,
        "weight_decay": 7.2101774434421559E-05,
        "batch_size": 64,
        "dropout_fc": 0.5785036060371521
    },
    "best_validation_loss": 0.5314071774482727,
    "best_validation_auc": 0.8629032258064516,
    "best_epoch": 15,
    "test_metrics": {
        "loss": 0.5824260711669922,
        "accuracy": 0.796875,
        "precision": 0.75,
        "recall": 0.72,
        "f1_score": 0.7346938775510204,
        "auc": 0.8194871794871794
    },
    "features_manifest": "..\\experiments\\exp_33\\results\\tables\\manifest_features.csv"
}