{
    "labels": [
        0,
        0,
        0,
        0,
        0,
        0,
        0,
        0,
        0,
        0,
        0,
        0,
        0,
        0,
        0,
        0,
        0,
        0,
        0,
        0,
        0,
        0,
        0,
        0,
        0,
        0,
        0,
        0,
        0,
        0,
        0,
        0,
        0,
        0,
        0,
        0,
        0,
        0,
        0,
        1,
        1,
        1,
        1,
        1,
        1,
        1,
        1,
        1,
        1,
        1,
        1,
        1,
        1,
        1,
        1,
        1,
        1,
        1,
        1,
        1,
        1,
        1,
        1,
        1
    ],
    "preds": [
        1,
        0,
        0,
        0,
        0,
        0,
        0,
        0,
        0,
        0,
        0,
        0,
        0,
        0,
        0,
        0,
        0,
        0,
        0,
        0,
        0,
        1,
        0,
        0,
        0,
        0,
        0,
        0,
        0,
        0,
        0,
        0,
        1,
        0,
        0,
        0,
        1,
        1,
        1,
        0,
        1,
        1,
        1,
        1,
        1,
        0,
        0,
        1,
        1,
        0,
        1,
        0,
        1,
        1,
        1,
        0,
        1,
        1,
        1,
        1,
        0,
        1,
        1,
        1
    ],
    "probs": [
        0.8950446248054504,
        0.3698619604110718,
        0.02121580019593239,
        0.1864933967590332,
        0.07241189479827881,
        0.06354188174009323,
        0.02312210015952587,
        0.2344563752412796,
        0.028402958065271378,
        0.020451925694942474,
        0.02833504043519497,
        0.03450046107172966,
        0.050675272941589355,
        0.0247538760304451,
        0.13182257115840912,
        0.0354008749127388,
        0.028889724984765053,
        0.015947578474879265,
        0.029475070536136627,
        0.3678573966026306,
        0.02060280367732048,
        0.9292993545532227,
        0.02568972297012806,
        0.023677358403801918,
        0.04417143389582634,
        0.020806489512324333,
        0.13487865030765533,
        0.02789338305592537,
        0.020357701927423477,
        0.0457172691822052,
        0.02834370918571949,
        0.021570131182670593,
        0.9421232342720032,
        0.06718633323907852,
        0.030484486371278763,
        0.02554217353463173,
        0.8333997130393982,
        0.9302298426628113,
        0.5921304225921631,
        0.13032127916812897,
        0.9434946179389954,
        0.8854416012763977,
        0.7819050550460815,
        0.9475889801979065,
        0.9318387508392334,
        0.02282969281077385,
        0.06898311525583267,
        0.810163140296936,
        0.9490925669670105,
        0.018104396760463715,
        0.9422056674957275,
        0.0868462398648262,
        0.9011460542678833,
        0.9400076866149902,
        0.6221176981925964,
        0.11882825195789337,
        0.9352757334709167,
        0.7353566884994507,
        0.9414488673210144,
        0.8854827284812927,
        0.17051684856414795,
        0.6495670676231384,
        0.8630039095878601,
        0.905077338218689
    ]
}