{
    "train_loss": [
        0.6899199485778809,
        0.6846034675836563,
        0.6730239391326904,
        0.6476503610610962,
        0.6036949902772903,
        0.5287220627069473,
        0.4545416235923767,
        0.36200468242168427,
        0.28242189437150955,
        0.3001617342233658,
        0.38790223002433777,
        0.251616220921278,
        0.23178256675601006,
        0.25452861189842224,
        0.179282421246171,
        0.1353831235319376,
        0.1430878173559904,
        0.11606222577393055,
        0.0874538142234087,
        0.10487855412065983,
        0.1135160643607378,
        0.14532580971717834,
        0.16803426668047905,
        0.24974664766341448,
        0.14150142669677734
    ],
    "val_loss": [
        0.6849302053451538,
        0.6749703288078308,
        0.6643585562705994,
        0.6495698094367981,
        0.6325204968452454,
        0.6221399903297424,
        0.6355581879615784,
        0.688566267490387,
        0.7840664982795715,
        0.9508852958679199,
        0.8847905397415161,
        0.722394585609436,
        0.6755650043487549,
        0.5669869780540466,
        0.5314071774482727,
        0.6256929636001587,
        0.6569627523422241,
        0.7110127806663513,
        0.7778751254081726,
        0.843856692314148,
        0.5603426098823547,
        0.9218894839286804,
        0.7002832293510437,
        0.8088600039482117,
        0.5622370839118958
    ],
    "val_auc": [
        0.632258064516129,
        0.6225806451612903,
        0.6774193548387097,
        0.6596774193548387,
        0.6725806451612903,
        0.6774193548387096,
        0.7112903225806452,
        0.6983870967741935,
        0.6629032258064516,
        0.6758064516129032,
        0.6983870967741934,
        0.7709677419354839,
        0.7935483870967742,
        0.8306451612903226,
        0.8629032258064516,
        0.8419354838709678,
        0.8435483870967742,
        0.8451612903225807,
        0.8419354838709676,
        0.8499999999999999,
        0.8935483870967742,
        0.835483870967742,
        0.8370967741935484,
        0.8580645161290322,
        0.8677419354838709
    ],
    "val_accuracy": [
        0.6078431372549019,
        0.6078431372549019,
        0.6274509803921569,
        0.6862745098039216,
        0.6862745098039216,
        0.6666666666666666,
        0.7058823529411765,
        0.7058823529411765,
        0.6666666666666666,
        0.6862745098039216,
        0.7058823529411765,
        0.7450980392156863,
        0.7450980392156863,
        0.803921568627451,
        0.7647058823529411,
        0.803921568627451,
        0.7843137254901961,
        0.7843137254901961,
        0.803921568627451,
        0.803921568627451,
        0.8431372549019608,
        0.803921568627451,
        0.7254901960784313,
        0.7450980392156863,
        0.803921568627451
    ],
    "val_precision": [
        0.0,
        0.0,
        0.6666666666666666,
        0.7,
        0.6428571428571429,
        0.6153846153846154,
        0.631578947368421,
        0.6470588235294118,
        0.56,
        0.6428571428571429,
        0.6470588235294118,
        0.7058823529411765,
        0.6521739130434783,
        0.8571428571428571,
        0.7,
        0.8125,
        0.7368421052631579,
        0.7368421052631579,
        0.7777777777777778,
        0.8125,
        0.8,
        0.9166666666666666,
        0.6071428571428571,
        0.7058823529411765,
        0.7777777777777778
    ],
    "val_recall": [
        0.0,
        0.0,
        0.1,
        0.35,
        0.45,
        0.4,
        0.6,
        0.55,
        0.7,
        0.45,
        0.55,
        0.6,
        0.75,
        0.6,
        0.7,
        0.65,
        0.7,
        0.7,
        0.7,
        0.65,
        0.8,
        0.55,
        0.85,
        0.6,
        0.7
    ],
    "val_f1_score": [
        0.0,
        0.0,
        0.17391304347826086,
        0.4666666666666667,
        0.5294117647058824,
        0.48484848484848486,
        0.6153846153846154,
        0.5945945945945946,
        0.6222222222222222,
        0.5294117647058824,
        0.5945945945945946,
        0.6486486486486487,
        0.6976744186046512,
        0.7058823529411765,
        0.7,
        0.7222222222222222,
        0.717948717948718,
        0.717948717948718,
        0.7368421052631579,
        0.7222222222222222,
        0.8,
        0.6875,
        0.7083333333333334,
        0.6486486486486487,
        0.7368421052631579
    ]
}