{
    "labels": [
        0,
        0,
        0,
        0,
        0,
        0,
        0,
        0,
        0,
        0,
        0,
        0,
        0,
        0,
        0,
        0,
        0,
        0,
        0,
        0,
        0,
        0,
        0,
        0,
        0,
        0,
        0,
        0,
        0,
        0,
        0,
        0,
        0,
        0,
        0,
        0,
        0,
        0,
        0,
        1,
        1,
        1,
        1,
        1,
        1,
        1,
        1,
        1,
        1,
        1,
        1,
        1,
        1,
        1,
        1,
        1,
        1,
        1,
        1,
        1,
        1,
        1,
        1,
        1
    ],
    "preds": [
        1,
        1,
        0,
        0,
        0,
        0,
        0,
        0,
        0,
        0,
        0,
        1,
        0,
        0,
        0,
        0,
        0,
        0,
        0,
        1,
        0,
        1,
        0,
        1,
        0,
        0,
        0,
        0,
        0,
        1,
        0,
        0,
        1,
        1,
        0,
        0,
        1,
        1,
        0,
        0,
        1,
        1,
        1,
        1,
        1,
        0,
        0,
        0,
        1,
        0,
        1,
        1,
        1,
        1,
        1,
        1,
        1,
        1,
        1,
        1,
        1,
        0,
        1,
        1
    ],
    "probs": [
        0.7286074161529541,
        0.6966736316680908,
        0.0321417860686779,
        0.06533269584178925,
        0.11082933843135834,
        0.038956571370363235,
        0.04741757735610008,
        0.22086511552333832,
        0.16254642605781555,
        0.12189484387636185,
        0.34423449635505676,
        0.6108064651489258,
        0.07854005694389343,
        0.0431479811668396,
        0.32454752922058105,
        0.15954944491386414,
        0.07268727570772171,
        0.03777870163321495,
        0.1246657520532608,
        0.676862359046936,
        0.04863961040973663,
        0.6492698192596436,
        0.038225237280130386,
        0.5104522109031677,
        0.16663701832294464,
        0.1125963106751442,
        0.3572182059288025,
        0.15308630466461182,
        0.10783179849386215,
        0.5758367776870728,
        0.21443632245063782,
        0.4268770217895508,
        0.5409221053123474,
        0.5575697422027588,
        0.08813662081956863,
        0.05987554416060448,
        0.664630115032196,
        0.7604954838752747,
        0.14392979443073273,
        0.05686056241393089,
        0.8644969463348389,
        0.7640976905822754,
        0.7412827014923096,
        0.7512875199317932,
        0.7705997824668884,
        0.0929727852344513,
        0.05461626499891281,
        0.44300925731658936,
        0.7425811290740967,
        0.04018547385931015,
        0.7305395007133484,
        0.7151648998260498,
        0.7317697405815125,
        0.748403787612915,
        0.7096428871154785,
        0.6891974210739136,
        0.7066482901573181,
        0.620572030544281,
        0.7594829201698303,
        0.765799880027771,
        0.6590696573257446,
        0.24500855803489685,
        0.7601876854896545,
        0.7121148109436035
    ]
}