{
    "labels": [
        0,
        0,
        0,
        0,
        0,
        0,
        0,
        0,
        0,
        0,
        0,
        0,
        0,
        0,
        0,
        0,
        0,
        0,
        0,
        0,
        0,
        0,
        0,
        0,
        0,
        0,
        0,
        0,
        0,
        0,
        0,
        0,
        0,
        0,
        0,
        0,
        0,
        0,
        0,
        1,
        1,
        1,
        1,
        1,
        1,
        1,
        1,
        1,
        1,
        1,
        1,
        1,
        1,
        1,
        1,
        1,
        1,
        1,
        1,
        1,
        1,
        1,
        1,
        1
    ],
    "preds": [
        1,
        1,
        0,
        0,
        0,
        0,
        0,
        0,
        0,
        0,
        0,
        0,
        0,
        0,
        0,
        0,
        0,
        0,
        0,
        0,
        0,
        0,
        0,
        0,
        0,
        0,
        0,
        0,
        0,
        0,
        0,
        0,
        1,
        1,
        0,
        0,
        1,
        0,
        0,
        0,
        1,
        1,
        1,
        1,
        1,
        0,
        0,
        0,
        1,
        0,
        1,
        0,
        1,
        1,
        1,
        0,
        1,
        1,
        1,
        1,
        0,
        0,
        1,
        1
    ],
    "probs": [
        0.7051169872283936,
        0.9837920665740967,
        0.10725381970405579,
        0.059822022914886475,
        0.10792543739080429,
        0.10717305541038513,
        0.1327848732471466,
        0.05168949440121651,
        0.15078558027744293,
        0.13279400765895844,
        0.10466835647821426,
        0.21659575402736664,
        0.1174515038728714,
        0.085428386926651,
        0.4126889705657959,
        0.1541881263256073,
        0.1376049667596817,
        0.10574594885110855,
        0.11812999844551086,
        0.1342853605747223,
        0.10587328672409058,
        0.12409409880638123,
        0.11148438602685928,
        0.12779155373573303,
        0.1325104683637619,
        0.12849070131778717,
        0.17298345267772675,
        0.148908331990242,
        0.10017254203557968,
        0.29441648721694946,
        0.32531341910362244,
        0.1279672384262085,
        0.9575619101524353,
        0.6022279858589172,
        0.10574628412723541,
        0.10206998884677887,
        0.5621568560600281,
        0.3834662139415741,
        0.13801656663417816,
        0.1523628979921341,
        0.9926283359527588,
        0.9931538105010986,
        0.9921383261680603,
        0.996366024017334,
        0.9968140721321106,
        0.105596162378788,
        0.11341766268014908,
        0.14658886194229126,
        0.9943143725395203,
        0.1417836844921112,
        0.8737174272537231,
        0.17582829296588898,
        0.9945406317710876,
        0.992110550403595,
        0.7943263649940491,
        0.1917937844991684,
        0.9659147262573242,
        0.7451754212379456,
        0.9947445392608643,
        0.9948101043701172,
        0.303812712430954,
        0.14981451630592346,
        0.9952033758163452,
        0.987711489200592
    ]
}