{
    "best_hyperparameters": {
        "hidden_size": 256,
        "num_layers": 3,
        "bidirectional": false,
        "lr": 0.0018820671464162865,
        "weight_decay": 9.120163583355921e-05,
        "batch_size": 64,
        "dropout_fc": 0.3912975997458038
    },
    "best_validation_loss": 0.4131968319416046,
    "best_validation_auc": 0.8451612903225807,
    "best_epoch": 37,
    "test_metrics": {
        "loss": 0.5210753679275513,
        "accuracy": 0.78125,
        "precision": 0.7619047619047619,
        "recall": 0.64,
        "f1_score": 0.6956521739130435,
        "auc": 0.8492307692307693
    },
    "features_manifest": "..\\experiments\\exp_01\\results\\tables\\manifest_features.csv"
}