{
    "train_loss": [
        0.6729839593172073,
        0.6575406491756439,
        0.635459378361702,
        0.6099892258644104,
        0.5340736135840416,
        0.40384867787361145,
        0.36560216546058655,
        0.37514423578977585,
        0.43751202896237373,
        0.31892846152186394,
        0.30986520275473595,
        0.27336830645799637,
        0.2451712302863598,
        0.16532194707542658,
        0.15886859968304634,
        0.12600948195904493,
        0.11257864162325859,
        0.08550684270448983,
        0.08752299775369465,
        0.06867905985563993
    ],
    "val_loss": [
        0.6703217029571533,
        0.6606317758560181,
        0.6419196128845215,
        0.6007716655731201,
        0.5659012198448181,
        0.6058938503265381,
        0.6580239534378052,
        0.5575160980224609,
        0.7122945189476013,
        0.5439587831497192,
        0.6601383090019226,
        0.7364788055419922,
        0.5738897323608398,
        0.7252451181411743,
        0.5803259015083313,
        0.7089317440986633,
        0.551152229309082,
        0.7629310488700867,
        0.6568268537521362,
        0.7099055647850037
    ],
    "val_auc": [
        0.7016129032258065,
        0.7161290322580645,
        0.735483870967742,
        0.7806451612903226,
        0.7903225806451613,
        0.7903225806451613,
        0.8096774193548386,
        0.8483870967741934,
        0.8209677419354839,
        0.8096774193548387,
        0.8322580645161289,
        0.8338709677419354,
        0.8338709677419355,
        0.832258064516129,
        0.8483870967741934,
        0.8338709677419355,
        0.8500000000000001,
        0.8483870967741934,
        0.8467741935483871,
        0.864516129032258
    ],
    "val_accuracy": [
        0.6078431372549019,
        0.6078431372549019,
        0.6078431372549019,
        0.7058823529411765,
        0.7254901960784313,
        0.7450980392156863,
        0.7450980392156863,
        0.7254901960784313,
        0.6862745098039216,
        0.7647058823529411,
        0.7647058823529411,
        0.7647058823529411,
        0.7254901960784313,
        0.7647058823529411,
        0.7843137254901961,
        0.7647058823529411,
        0.803921568627451,
        0.7843137254901961,
        0.7450980392156863,
        0.7647058823529411
    ],
    "val_precision": [
        0.0,
        0.0,
        0.0,
        1.0,
        0.875,
        1.0,
        0.8888888888888888,
        0.6071428571428571,
        1.0,
        0.6818181818181818,
        0.8333333333333334,
        0.9,
        0.6875,
        1.0,
        0.7647058823529411,
        0.9,
        0.75,
        0.9090909090909091,
        0.6842105263157895,
        0.75
    ],
    "val_recall": [
        0.0,
        0.0,
        0.0,
        0.25,
        0.35,
        0.35,
        0.4,
        0.85,
        0.2,
        0.75,
        0.5,
        0.45,
        0.55,
        0.4,
        0.65,
        0.45,
        0.75,
        0.5,
        0.65,
        0.6
    ],
    "val_f1_score": [
        0.0,
        0.0,
        0.0,
        0.4,
        0.5,
        0.5185185185185185,
        0.5517241379310345,
        0.7083333333333334,
        0.3333333333333333,
        0.7142857142857143,
        0.625,
        0.6,
        0.6111111111111112,
        0.5714285714285714,
        0.7027027027027027,
        0.6,
        0.75,
        0.6451612903225806,
        0.6666666666666666,
        0.6666666666666666
    ]
}