{
    "best_hyperparameters": {
        "hidden_size": 64,
        "num_layers": 2,
        "bidirectional": true,
        "lr": 0.001004176883639614,
        "weight_decay": 0.0001831502594014641,
        "batch_size": 64,
        "dropout_fc": 0.3306868274495711
    },
    "best_validation_loss": 0.5439587831497192,
    "best_validation_auc": 0.8096774193548387,
    "best_epoch": 10,
    "test_metrics": {
        "loss": 0.5508869290351868,
        "accuracy": 0.734375,
        "precision": 0.6333333333333333,
        "recall": 0.76,
        "f1_score": 0.6909090909090909,
        "auc": 0.8133333333333334
    },
    "features_used": "..\\experiments\\exp_01\\processed_data\\features"
}