{
    "train_loss": [
        0.6690380424261093,
        0.6916960626840591,
        0.6315141171216965,
        0.5256666913628578,
        0.6977372765541077,
        0.5345870181918144,
        0.48385290801525116,
        0.4299195855855942,
        0.5081052109599113,
        0.7585368454456329,
        0.6330473721027374,
        0.5697926729917526,
        0.4713979735970497,
        0.3871157541871071,
        0.3933290168642998,
        0.27332280576229095,
        0.23127612471580505,
        0.34523600712418556,
        0.2700299359858036,
        0.22119277715682983,
        0.14167297072708607,
        0.14144781790673733,
        0.19309830758720636,
        0.18240200448781252,
        0.20231837965548038,
        0.13125225715339184,
        0.08848057803697884,
        0.06161811971105635,
        0.18306318670511246,
        0.10946609638631344,
        0.10468654707074165,
        0.06118448544293642,
        0.2025548662059009,
        0.050079669803380966,
        0.4987159464508295,
        0.12121422588825226,
        0.16514669358730316,
        0.12767783366143703,
        0.1211435366421938,
        0.06607490312308073,
        0.04021104919956997,
        0.02604939806042239,
        0.03924498043488711,
        0.033887708850670606,
        0.026873668131884187,
        0.05196193256415427,
        0.1236331332474947
    ],
    "val_loss": [
        0.689943253993988,
        0.6625820994377136,
        0.6032686829566956,
        0.6317285299301147,
        0.7613245248794556,
        0.6506962776184082,
        0.5880175828933716,
        1.1142454147338867,
        0.843487560749054,
        0.7232539653778076,
        0.6019532680511475,
        0.5898284316062927,
        0.5667977333068848,
        0.554329514503479,
        0.5684822797775269,
        0.5907862782478333,
        0.7176962494850159,
        0.5858229994773865,
        0.6318454742431641,
        0.6676562428474426,
        0.5457537174224854,
        0.7674639225006104,
        1.0236061811447144,
        0.7971435785293579,
        0.8354213237762451,
        0.675351083278656,
        0.6790825724601746,
        0.88481205701828,
        0.9237620234489441,
        0.4642465114593506,
        0.5090945363044739,
        0.6434343457221985,
        0.7849148511886597,
        0.79768967628479,
        0.6046538352966309,
        0.5007739663124084,
        0.4131968319416046,
        0.4501221776008606,
        0.5082977414131165,
        0.6319882273674011,
        0.7421273589134216,
        0.9608072638511658,
        0.9890467524528503,
        0.91334468126297,
        1.0579209327697754,
        0.9663004875183105,
        0.9430782198905945
    ],
    "val_auc": [
        0.7161290322580646,
        0.7032258064516129,
        0.7225806451612903,
        0.7387096774193549,
        0.7693548387096774,
        0.7790322580645161,
        0.7709677419354839,
        0.7580645161290323,
        0.7516129032258064,
        0.75,
        0.767741935483871,
        0.7629032258064516,
        0.7516129032258064,
        0.7870967741935484,
        0.8032258064516129,
        0.8290322580645162,
        0.832258064516129,
        0.8225806451612903,
        0.814516129032258,
        0.8209677419354839,
        0.8419354838709677,
        0.8435483870967742,
        0.8290322580645161,
        0.8403225806451614,
        0.8145161290322581,
        0.8274193548387097,
        0.8419354838709677,
        0.8419354838709678,
        0.8387096774193549,
        0.8419354838709678,
        0.8419354838709677,
        0.8387096774193549,
        0.8387096774193549,
        0.85,
        0.8564516129032259,
        0.8467741935483871,
        0.8451612903225807,
        0.85,
        0.8516129032258065,
        0.8564516129032258,
        0.8596774193548387,
        0.8580645161290322,
        0.8612903225806452,
        0.864516129032258,
        0.8596774193548388,
        0.864516129032258,
        0.8548387096774194
    ],
    "val_accuracy": [
        0.6078431372549019,
        0.6666666666666666,
        0.7058823529411765,
        0.7058823529411765,
        0.6470588235294118,
        0.5882352941176471,
        0.7058823529411765,
        0.6078431372549019,
        0.6078431372549019,
        0.6078431372549019,
        0.7254901960784313,
        0.7058823529411765,
        0.7058823529411765,
        0.7450980392156863,
        0.7843137254901961,
        0.7843137254901961,
        0.7647058823529411,
        0.7843137254901961,
        0.7843137254901961,
        0.803921568627451,
        0.803921568627451,
        0.803921568627451,
        0.7647058823529411,
        0.6862745098039216,
        0.7843137254901961,
        0.8235294117647058,
        0.8235294117647058,
        0.803921568627451,
        0.7843137254901961,
        0.8431372549019608,
        0.8235294117647058,
        0.803921568627451,
        0.8431372549019608,
        0.8235294117647058,
        0.8235294117647058,
        0.7647058823529411,
        0.8235294117647058,
        0.803921568627451,
        0.8235294117647058,
        0.8235294117647058,
        0.8235294117647058,
        0.7843137254901961,
        0.8235294117647058,
        0.8235294117647058,
        0.803921568627451,
        0.803921568627451,
        0.8235294117647058
    ],
    "val_precision": [
        0.0,
        1.0,
        0.7272727272727273,
        0.6666666666666666,
        1.0,
        0.48484848484848486,
        1.0,
        0.5,
        0.0,
        0.0,
        0.65,
        0.6470588235294118,
        0.8571428571428571,
        0.8181818181818182,
        0.8461538461538461,
        0.9090909090909091,
        1.0,
        0.6956521739130435,
        0.6956521739130435,
        1.0,
        0.75,
        1.0,
        0.9,
        0.5714285714285714,
        1.0,
        0.8235294117647058,
        0.8666666666666667,
        0.9166666666666666,
        1.0,
        0.8333333333333334,
        1.0,
        0.8571428571428571,
        0.875,
        0.8235294117647058,
        0.9230769230769231,
        1.0,
        0.8666666666666667,
        0.8125,
        0.8235294117647058,
        0.8235294117647058,
        0.8666666666666667,
        0.7647058823529411,
        1.0,
        0.8666666666666667,
        0.75,
        1.0,
        0.7619047619047619
    ],
    "val_recall": [
        0.0,
        0.15,
        0.4,
        0.5,
        0.1,
        0.8,
        0.25,
        0.75,
        0.0,
        0.0,
        0.65,
        0.55,
        0.3,
        0.45,
        0.55,
        0.5,
        0.4,
        0.8,
        0.8,
        0.5,
        0.75,
        0.5,
        0.45,
        0.8,
        0.45,
        0.7,
        0.65,
        0.55,
        0.45,
        0.75,
        0.55,
        0.6,
        0.7,
        0.7,
        0.6,
        0.4,
        0.65,
        0.65,
        0.7,
        0.7,
        0.65,
        0.65,
        0.55,
        0.65,
        0.75,
        0.5,
        0.8
    ],