{
    "train_loss": [
        0.6911171823740005,
        0.679716169834137,
        0.6369519531726837,
        0.5437854528427124,
        0.400425061583519,
        0.27826323360204697,
        0.250232245773077,
        0.24456572718918324,
        0.4533645734190941,
        0.45070865005254745,
        1.1301285326480865,
        0.9751495271921158,
        0.4465007111430168,
        0.48770879209041595,
        0.4070475623011589,
        0.4077053815126419
    ],
    "val_loss": [
        0.689084529876709,
        0.6696900129318237,
        0.6402729749679565,
        0.5607703924179077,
        0.6384083032608032,
        0.4331865608692169,
        0.8789134621620178,
        0.7828910946846008,
        1.3921948671340942,
        0.9129006862640381,
        1.0701159238815308,
        0.5823379158973694,
        0.6582547426223755,
        0.6616644859313965,
        0.529181957244873,
        0.5123405456542969
    ],
    "val_auc": [
        0.7677419354838709,
        0.7612903225806452,
        0.7596774193548387,
        0.7870967741935484,
        0.7919354838709677,
        0.8064516129032258,
        0.8209677419354839,
        0.8258064516129032,
        0.814516129032258,
        0.7806451612903226,
        0.7193548387096774,
        0.7532258064516129,
        0.7967741935483871,
        0.7935483870967743,
        0.7838709677419355,
        0.7854838709677419
    ],
    "val_accuracy": [
        0.6862745098039216,
        0.7450980392156863,
        0.7058823529411765,
        0.7450980392156863,
        0.6862745098039216,
        0.8431372549019608,
        0.7058823529411765,
        0.7647058823529411,
        0.5686274509803921,
        0.7254901960784313,
        0.6078431372549019,
        0.7450980392156863,
        0.7058823529411765,
        0.6862745098039216,
        0.7647058823529411,
        0.7843137254901961
    ],
    "val_precision": [
        0.5769230769230769,
        0.7333333333333333,
        0.6190476190476191,
        0.7058823529411765,
        0.5909090909090909,
        1.0,
        0.6086956521739131,
        1.0,
        0.47368421052631576,
        1.0,
        0.0,
        1.0,
        0.5925925925925926,
        0.5714285714285714,
        0.7222222222222222,
        0.8461538461538461
    ],
    "val_recall": [
        0.75,
        0.55,
        0.65,
        0.6,
        0.65,
        0.6,
        0.7,
        0.4,
        0.9,
        0.3,
        0.0,
        0.35,
        0.8,
        0.8,
        0.65,
        0.55
    ],
    "val_f1_score": [
        0.6521739130434783,
        0.6285714285714286,
        0.6341463414634146,
        0.6486486486486487,
        0.6190476190476191,
        0.75,
        0.6511627906976745,
        0.5714285714285714,
        0.6206896551724138,
        0.46153846153846156,
        0.0,
        0.5185185185185185,
        0.6808510638297872,
        0.6666666666666666,
        0.6842105263157895,
        0.6666666666666666
    ]
}