{
    "labels": [
        0,
        0,
        0,
        0,
        0,
        0,
        0,
        0,
        0,
        0,
        0,
        0,
        0,
        0,
        0,
        0,
        0,
        0,
        0,
        0,
        0,
        0,
        0,
        0,
        0,
        0,
        0,
        0,
        0,
        0,
        0,
        0,
        0,
        0,
        0,
        0,
        0,
        0,
        0,
        1,
        1,
        1,
        1,
        1,
        1,
        1,
        1,
        1,
        1,
        1,
        1,
        1,
        1,
        1,
        1,
        1,
        1,
        1,
        1,
        1,
        1,
        1,
        1,
        1
    ],
    "preds": [
        1,
        0,
        0,
        0,
        0,
        0,
        0,
        0,
        0,
        0,
        0,
        1,
        0,
        0,
        0,
        0,
        0,
        0,
        0,
        0,
        0,
        0,
        0,
        0,
        0,
        0,
        0,
        0,
        0,
        0,
        0,
        1,
        1,
        0,
        0,
        0,
        1,
        0,
        0,
        0,
        1,
        1,
        1,
        1,
        1,
        0,
        0,
        0,
        1,
        0,
        1,
        0,
        1,
        0,
        1,
        0,
        1,
        1,
        1,
        1,
        0,
        0,
        1,
        1
    ],
    "probs": [
        0.8761358261108398,
        0.12908753752708435,
        0.11380995064973831,
        0.11215537041425705,
        0.11201746761798859,
        0.11633095145225525,
        0.11246620863676071,
        0.11746736615896225,
        0.11241219192743301,
        0.11457999050617218,
        0.11470150202512741,
        0.7460078001022339,
        0.11287781596183777,
        0.11396503448486328,
        0.11579954624176025,
        0.11517971754074097,
        0.11083289235830307,
        0.11031237989664078,
        0.11390946060419083,
        0.11414924263954163,
        0.11151028424501419,
        0.1204344779253006,
        0.11227492243051529,
        0.12843714654445648,
        0.12101973593235016,
        0.11345840245485306,
        0.12475529313087463,
        0.1122082993388176,
        0.11995381116867065,
        0.11598196625709534,
        0.12484931945800781,
        0.551391065120697,
        0.7276222109794617,
        0.11181595176458359,
        0.11675526201725006,
        0.11427527666091919,
        0.9156213402748108,
        0.13257823884487152,
        0.12183493375778198,
        0.11464309692382812,
        0.9340963363647461,
        0.9385050535202026,
        0.5818958282470703,
        0.9402191638946533,
        0.9364980459213257,
        0.11282899230718613,
        0.11789793521165848,
        0.1313934475183487,
        0.9374222159385681,
        0.11160971969366074,
        0.9350030422210693,
        0.12155976891517639,
        0.9390112161636353,
        0.15461578965187073,
        0.9232879877090454,
        0.19778190553188324,
        0.911145806312561,
        0.9207939505577087,
        0.9353731870651245,
        0.9383363723754883,
        0.12916888296604156,
        0.18353943526744843,
        0.9353827834129333,
        0.9346108436584473
    ]
}