clip_id,mean_loss,max_loss,conf_error,error_freq,cls,split,video_id,rule_high_loss,rule_conf_error,rule_error_freq,n_rules_triggered,decision
Normal_046,2.3986340193521407,5.883904457092285,1.0,0.23809523809523808,Normal,val,Normal_046,True,True,False,2,filter
Robbery_007,2.274893036910466,4.481589317321777,1.0,0.23809523809523808,Robbery,val,Robbery_007,True,True,False,2,filter
Robbery_137,2.1947538540476845,4.236085414886475,1.0,0.23809523809523808,Robbery,val,Robbery_137,True,True,False,2,filter
Robbery_069,2.1692847581136796,4.187565803527832,1.0,0.23809523809523808,Robbery,val,Robbery_069,True,True,False,2,filter
Robbery_129,2.163917391073136,4.366196155548096,1.0,0.23809523809523808,Robbery,val,Robbery_129,True,True,False,2,filter
Robbery_146,1.8931073007129489,3.899775266647339,1.0,0.23809523809523808,Robbery,val,Robbery_146,True,True,False,2,filter
Robbery_085,1.5206596042428697,2.8176217079162598,1.0,0.23809523809523808,Robbery,val,Robbery_085,True,True,False,2,filter
Robbery_075,1.1470980131998658,2.4803965091705322,1.0,0.23809523809523808,Robbery,val,Robbery_075,True,True,False,2,filter
Normal_570,1.0213491086448943,2.998652219772339,1.0,0.23809523809523808,Normal,val,Normal_570,True,True,False,2,filter
