{
    "labels": [
        0,
        0,
        0,
        0,
        0,
        0,
        0,
        0,
        0,
        0,
        0,
        0,
        0,
        0,
        0,
        0,
        0,
        0,
        0,
        0,
        0,
        0,
        0,
        0,
        0,
        0,
        0,
        0,
        0,
        0,
        0,
        0,
        0,
        0,
        0,
        0,
        0,
        0,
        0,
        1,
        1,
        1,
        1,
        1,
        1,
        1,
        1,
        1,
        1,
        1,
        1,
        1,
        1,
        1,
        1,
        1,
        1,
        1,
        1,
        1,
        1,
        1,
        1,
        1
    ],
    "preds": [
        1,
        1,
        0,
        0,
        0,
        0,
        0,
        0,
        0,
        0,
        0,
        1,
        0,
        0,
        0,
        0,
        0,
        0,
        0,
        0,
        0,
        0,
        0,
        0,
        0,
        0,
        0,
        0,
        0,
        0,
        1,
        0,
        0,
        0,
        0,
        0,
        1,
        0,
        0,
        1,
        1,
        1,
        1,
        1,
        1,
        0,
        0,
        1,
        1,
        0,
        1,
        0,
        1,
        1,
        1,
        1,
        1,
        1,
        1,
        1,
        1,
        0,
        1,
        1
    ],
    "probs": [
        0.9966282248497009,
        0.9962571859359741,
        0.0005168557399883866,
        0.0009613164002075791,
        0.0005997284897603095,
        0.0008006960852071643,
        0.0005759098567068577,
        0.001720883883535862,
        0.0011971183121204376,
        0.0004907858092337847,
        0.01417597010731697,
        0.9966939687728882,
        0.0010210351319983602,
        0.0008066042209975421,
        0.01311544980853796,
        0.0017833317397162318,
        0.0005461856490001082,
        0.0003448101051617414,
        0.0006498657166957855,
        0.001086610252968967,
        0.0007569012232124805,
        0.03514724597334862,
        0.012286501936614513,
        0.0016587433638051152,
        0.0030382887925952673,
        0.0005597509443759918,
        0.0009945366764441133,
        0.0012396029196679592,
        0.0021473271772265434,
        0.0031607793644070625,
        0.9660084843635559,
        0.004716023337095976,
        0.06345963478088379,
        0.06610147655010223,
        0.0020335258450359106,
        0.0005987189942970872,
        0.9928596019744873,
        0.0013711177743971348,
        0.0021264227107167244,
        0.9739145040512085,
        0.9986868500709534,
        0.9985800981521606,
        0.9960575103759766,
        0.9991856217384338,
        0.9991335272789001,
        0.000745207944419235,
        0.0005785809480585158,
        0.9968089461326599,
        0.9978651404380798,
        0.0007563168182969093,
        0.998563826084137,
        0.06611014902591705,
        0.9987859129905701,
        0.9765895009040833,
        0.9985668063163757,
        0.9978119134902954,
        0.8886046409606934,
        0.9983469247817993,
        0.9990254640579224,
        0.9989946484565735,
        0.9985290765762329,
        0.0011024567065760493,
        0.9986181259155273,
        0.998675525188446
    ]
}