{
    "train_loss": [
        0.6922658483187357,
        0.6640239556630453,
        0.6453972458839417,
        0.6082784533500671,
        0.5697593688964844,
        0.5144397417704264,
        0.45104145010312396,
        0.39220134417215985,
        0.34657934308052063,
        0.2724847197532654,
        0.23724855482578278,
        0.17570803066094717,
        0.12653368463118872,
        0.09370863437652588,
        0.058178129295508065,
        0.0398589571317037,
        0.02433270961046219,
        0.01780841468522946,
        0.011514087828497091,
        0.007450402559091647,
        0.0056684740508596105,
        0.004256114363670349,
        0.0038660136051476,
        0.003581652728219827,
        0.0023553370653341212,
        0.0021120512392371893,
        0.00222564748643587,
        0.0023930269138266644,
        0.0023779186497752867,
        0.0016573286072040598,
        0.0012800221641858418,
        0.0012561947805806994,
        0.0013675936109696825
    ],
    "val_loss": [
        0.6726142168045044,
        0.6525130271911621,
        0.637042224407196,
        0.6028687357902527,
        0.5183698534965515,
        0.5126051902770996,
        0.45472532510757446,
        0.38130736351013184,
        0.3862857520580292,
        0.2921941578388214,
        0.28836962580680847,
        0.24169042706489563,
        0.23710764944553375,
        0.18437077105045319,
        0.17950791120529175,
        0.1890377551317215,
        0.07576439529657364,
        0.06812041252851486,
        0.09548812359571457,
        0.10290810465812683,
        0.0971558690071106,
        0.05773667246103287,
        0.0406484417617321,
        0.06431960314512253,
        0.11321938037872314,
        0.12736903131008148,
        0.12459907680749893,
        0.10238084942102432,
        0.07852455228567123,
        0.05882186070084572,
        0.05119805037975311,
        0.04866184666752815,
        0.05565142631530762
    ],
    "val_auc": [
        0.8288888888888889,
        0.8666666666666667,
        0.888888888888889,
        0.9066666666666667,
        0.9288888888888889,
        0.9155555555555556,
        0.9177777777777778,
        0.9133333333333333,
        0.9266666666666667,
        0.9444444444444444,
        0.9444444444444444,
        0.9555555555555556,
        0.9644444444444444,
        0.9800000000000001,
        0.9844444444444445,
        0.9911111111111112,
        0.9977777777777778,
        0.9977777777777778,
        1.0,
        1.0,
        1.0,
        1.0,
        1.0,
        1.0,
        1.0,
        1.0,
        1.0,
        1.0,
        1.0,
        1.0,
        1.0,
        1.0,
        1.0
    ],
    "val_accuracy": [
        0.7555555555555555,
        0.8444444444444444,
        0.7333333333333333,
        0.7333333333333333,
        0.8444444444444444,
        0.8,
        0.8222222222222222,
        0.8888888888888888,
        0.8666666666666667,
        0.8888888888888888,
        0.9111111111111111,
        0.9111111111111111,
        0.9333333333333333,
        0.9111111111111111,
        0.9111111111111111,
        0.9333333333333333,
        0.9777777777777777,
        0.9777777777777777,
        0.9777777777777777,
        0.9555555555555556,
        0.9555555555555556,
        0.9555555555555556,
        0.9777777777777777,
        0.9555555555555556,
        0.9333333333333333,
        0.9333333333333333,
        0.9333333333333333,
        0.9333333333333333,
        0.9555555555555556,
        0.9777777777777777,
        0.9777777777777777,
        0.9777777777777777,
        0.9777777777777777
    ],
    "val_precision": [
        0.6,
        0.7222222222222222,
        0.5652173913043478,
        0.5652173913043478,
        0.8333333333333334,
        0.65,
        0.6842105263157895,
        0.8571428571428571,
        0.7647058823529411,
        0.9166666666666666,
        0.8666666666666667,
        0.8666666666666667,
        1.0,
        0.9230769230769231,
        0.9230769230769231,
        1.0,
        1.0,
        1.0,
        1.0,
        1.0,
        1.0,
        1.0,
        1.0,
        1.0,
        1.0,
        1.0,
        1.0,
        1.0,
        1.0,
        1.0,
        1.0,
        1.0,
        1.0
    ],
    "val_recall": [
        0.8,
        0.8666666666666667,
        0.8666666666666667,
        0.8666666666666667,
        0.6666666666666666,
        0.8666666666666667,
        0.8666666666666667,
        0.8,
        0.8666666666666667,
        0.7333333333333333,
        0.8666666666666667,
        0.8666666666666667,
        0.8,
        0.8,
        0.8,
        0.8,
        0.9333333333333333,
        0.9333333333333333,
        0.9333333333333333,
        0.8666666666666667,
        0.8666666666666667,
        0.8666666666666667,
        0.9333333333333333,
        0.8666666666666667,
        0.8,
        0.8,
        0.8,
        0.8,
        0.8666666666666667,
        0.9333333333333333,
        0.9333333333333333,
        0.9333333333333333,
        0.9333333333333333
    ],
    "val_f1_score": [
        0.6857142857142857,
        0.7878787878787878,
        0.6842105263157895,
        0.6842105263157895,
        0.7407407407407407,
        0.7428571428571429,
        0.7647058823529411,
        0.8275862068965517,
        0.8125,
        0.8148148148148148,
        0.8666666666666667,
        0.8666666666666667,
        0.8888888888888888,
        0.8571428571428571,
        0.8571428571428571,
        0.8888888888888888,
        0.9655172413793104,
        0.9655172413793104,
        0.9655172413793104,
        0.9285714285714286,
        0.9285714285714286,
        0.9285714285714286,
        0.9655172413793104,
        0.9285714285714286,
        0.8888888888888888,
        0.8888888888888888,
        0.8888888888888888,
        0.8888888888888888,
        0.9285714285714286,
        0.9655172413793104,
        0.9655172413793104,
        0.9655172413793104,
        0.9655172413793104
    ]
}