{
    "labels": [
        0,
        0,
        0,
        0,
        0,
        0,
        0,
        0,
        0,
        0,
        0,
        0,
        0,
        0,
        0,
        0,
        0,
        0,
        0,
        0,
        0,
        0,
        0,
        0,
        0,
        0,
        0,
        0,
        0,
        0,
        0,
        0,
        0,
        0,
        0,
        0,
        0,
        0,
        0,
        1,
        1,
        1,
        1,
        1,
        1,
        1,
        1,
        1,
        1,
        1,
        1,
        1,
        1,
        1,
        1,
        1,
        1,
        1,
        1,
        1,
        1,
        1,
        1,
        1
    ],
    "preds": [
        0,
        0,
        0,
        0,
        0,
        0,
        0,
        0,
        0,
        0,
        0,
        0,
        0,
        0,
        0,
        0,
        0,
        0,
        0,
        0,
        0,
        0,
        0,
        0,
        0,
        0,
        1,
        0,
        0,
        0,
        0,
        0,
        1,
        0,
        0,
        0,
        0,
        1,
        0,
        0,
        1,
        1,
        1,
        1,
        1,
        0,
        0,
        0,
        1,
        0,
        1,
        0,
        1,
        1,
        1,
        0,
        1,
        1,
        1,
        1,
        1,
        0,
        1,
        1
    ],
    "probs": [
        0.23054544627666473,
        0.4113852381706238,
        0.09028410911560059,
        0.4115174114704132,
        0.05920327827334404,
        0.2643505036830902,
        0.14510592818260193,
        0.37904244661331177,
        0.08598537743091583,
        0.07692258805036545,
        0.12405890226364136,
        0.36374351382255554,
        0.1235351487994194,
        0.1694525182247162,
        0.2676122188568115,
        0.207029789686203,
        0.09432102739810944,
        0.08307977765798569,
        0.06601473689079285,
        0.4472251832485199,
        0.08886402100324631,
        0.1921977698802948,
        0.08650415390729904,
        0.28436514735221863,
        0.4201412796974182,
        0.12789681553840637,
        0.5014595985412598,
        0.093084417283535,
        0.3684784471988678,
        0.3297901749610901,
        0.11111278086900711,
        0.4014222025871277,
        0.6189720630645752,
        0.22925181686878204,
        0.19161811470985413,
        0.23988528549671173,
        0.45523589849472046,
        0.5831568241119385,
        0.40435653924942017,
        0.27765974402427673,
        0.6732847094535828,
        0.5818317532539368,
        0.5545506477355957,
        0.6630582213401794,
        0.6188136339187622,
        0.06958791613578796,
        0.10221829265356064,
        0.48208579421043396,
        0.6329510807991028,
        0.05529336631298065,
        0.6644594073295593,
        0.4926532506942749,
        0.598223090171814,
        0.5714523792266846,
        0.6156495213508606,
        0.42488807439804077,
        0.6024872660636902,
        0.5415068864822388,
        0.6202087998390198,
        0.5822128653526306,
        0.5084547400474548,
        0.2544112205505371,
        0.5727051496505737,
        0.5766222476959229
    ]
}