{
    "train_loss": [
        0.6773507595062256,
        0.6047930419445038,
        0.5544982105493546,
        0.41004350036382675,
        0.41582974046468735,
        0.3811599500477314,
        0.32110169157385826,
        0.3113338239490986,
        0.23674354702234268,
        0.14786240085959435,
        0.06991173978894949,
        0.032010872731916606,
        0.02431364677613601
    ],
    "val_loss": [
        0.6583471298217773,
        0.6269086003303528,
        0.6157008409500122,
        0.6784382462501526,
        0.6391327381134033,
        0.6599535942077637,
        0.6637005805969238,
        0.7597839832305908,
        0.6199871301651001,
        0.7555920481681824,
        0.6724934577941895,
        1.1365209817886353,
        0.7469885349273682
    ],
    "val_auc": [
        0.6338709677419354,
        0.6790322580645162,
        0.7016129032258065,
        0.7,
        0.8193548387096774,
        0.8274193548387097,
        0.814516129032258,
        0.782258064516129,
        0.8032258064516129,
        0.8112903225806452,
        0.8500000000000001,
        0.8193548387096775,
        0.8725806451612903
    ],
    "val_accuracy": [
        0.6078431372549019,
        0.7254901960784313,
        0.7450980392156863,
        0.5686274509803921,
        0.803921568627451,
        0.8431372549019608,
        0.6666666666666666,
        0.803921568627451,
        0.7450980392156863,
        0.8235294117647058,
        0.8627450980392157,
        0.8235294117647058,
        0.8431372549019608
    ],
    "val_precision": [
        0.0,
        0.75,
        0.7333333333333333,
        0.4666666666666667,
        0.8571428571428571,
        1.0,
        0.5483870967741935,
        1.0,
        0.6842105263157895,
        1.0,
        0.9333333333333333,
        1.0,
        0.8333333333333334
    ],
    "val_recall": [
        0.0,
        0.45,
        0.55,
        0.7,
        0.6,
        0.6,
        0.85,
        0.5,
        0.65,
        0.55,
        0.7,
        0.55,
        0.75
    ],
    "val_f1_score": [
        0.0,
        0.5625,
        0.6285714285714286,
        0.56,
        0.7058823529411765,
        0.75,
        0.6666666666666666,
        0.6666666666666666,
        0.6666666666666666,
        0.7096774193548387,
        0.8,
        0.7096774193548387,
        0.7894736842105263
    ]
}