{
    "labels": [
        0,
        0,
        0,
        0,
        0,
        0,
        0,
        0,
        0,
        0,
        0,
        0,
        0,
        0,
        0,
        0,
        0,
        0,
        0,
        0,
        0,
        0,
        0,
        0,
        0,
        0,
        0,
        0,
        0,
        0,
        0,
        0,
        0,
        0,
        0,
        0,
        0,
        0,
        0,
        1,
        1,
        1,
        1,
        1,
        1,
        1,
        1,
        1,
        1,
        1,
        1,
        1,
        1,
        1,
        1,
        1,
        1,
        1,
        1,
        1,
        1,
        1,
        1,
        1
    ],
    "preds": [
        1,
        1,
        0,
        0,
        0,
        0,
        0,
        0,
        0,
        0,
        0,
        0,
        0,
        0,
        0,
        0,
        0,
        0,
        0,
        0,
        0,
        0,
        0,
        0,
        0,
        0,
        0,
        0,
        0,
        0,
        0,
        0,
        1,
        0,
        0,
        0,
        1,
        0,
        0,
        0,
        1,
        1,
        1,
        1,
        1,
        0,
        0,
        0,
        1,
        0,
        1,
        1,
        1,
        0,
        1,
        0,
        0,
        1,
        0,
        1,
        0,
        0,
        1,
        1
    ],
    "probs": [
        0.8002252578735352,
        0.826668918132782,
        0.15483684837818146,
        0.24944275617599487,
        0.16368630528450012,
        0.1684073656797409,
        0.16051258146762848,
        0.2354964017868042,
        0.1700274795293808,
        0.16571779549121857,
        0.22879451513290405,
        0.166482076048851,
        0.1745402067899704,
        0.18102812767028809,
        0.16025111079216003,
        0.16767342388629913,
        0.16168761253356934,
        0.15305013954639435,
        0.16930091381072998,
        0.218205526471138,
        0.2112707793712616,
        0.2147274613380432,
        0.15753361582756042,
        0.24487750232219696,
        0.19809477031230927,
        0.1644052267074585,
        0.19305354356765747,
        0.1699732542037964,
        0.23385950922966003,
        0.48493582010269165,
        0.31395602226257324,
        0.27714604139328003,
        0.8202418088912964,
        0.1739567518234253,
        0.2386842668056488,
        0.16392356157302856,
        0.7361875176429749,
        0.30297330021858215,
        0.17921465635299683,
        0.17534209787845612,
        0.8402488231658936,
        0.8394163846969604,
        0.7837557792663574,
        0.8388299345970154,
        0.854229211807251,
        0.1586342304944992,
        0.16850826144218445,
        0.3291741609573364,
        0.7472105622291565,
        0.1650286465883255,
        0.8351976275444031,
        0.7464606165885925,
        0.8382987380027771,
        0.17941462993621826,
        0.639977753162384,
        0.4816472828388214,
        0.2194231152534485,
        0.8013357520103455,
        0.17173665761947632,
        0.8587667346000671,
        0.26879653334617615,
        0.2310962677001953,
        0.8387458920478821,
        0.6905940175056458
    ]
}