{
    "train_loss": [
        0.6912425011396408,
        0.6783292889595032,
        0.6570483297109604,
        0.6210680603981018,
        0.5616048872470856,
        0.4711965173482895,
        0.36465688794851303,
        0.26022494211792946,
        0.1926594041287899,
        0.13241816125810146,
        0.1555606983602047,
        0.10875363554805517,
        0.14019285514950752,
        0.09215695131570101,
        0.08107225596904755,
        0.08789742179214954,
        0.10688047297298908
    ],
    "val_loss": [
        0.6858694553375244,
        0.6779290437698364,
        0.657663106918335,
        0.6243193745613098,
        0.582132875919342,
        0.5211892127990723,
        0.49768930673599243,
        0.5072661638259888,
        0.5803603529930115,
        0.6529937386512756,
        0.6248021721839905,
        0.7680559754371643,
        0.7232133746147156,
        0.6645788550376892,
        0.6389523148536682,
        0.6742619276046753,
        0.690194845199585
    ],
    "val_auc": [
        0.7032258064516129,
        0.7048387096774194,
        0.7064516129032258,
        0.7161290322580645,
        0.7112903225806452,
        0.7258064516129032,
        0.7129032258064516,
        0.7161290322580645,
        0.7338709677419355,
        0.7532258064516129,
        0.7483870967741935,
        0.7661290322580645,
        0.764516129032258,
        0.8064516129032259,
        0.7903225806451613,
        0.8064516129032259,
        0.8161290322580645
    ],
    "val_accuracy": [
        0.6862745098039216,
        0.7843137254901961,
        0.7843137254901961,
        0.7843137254901961,
        0.8235294117647058,
        0.7843137254901961,
        0.803921568627451,
        0.8235294117647058,
        0.803921568627451,
        0.7843137254901961,
        0.8235294117647058,
        0.7843137254901961,
        0.7647058823529411,
        0.803921568627451,
        0.803921568627451,
        0.803921568627451,
        0.8235294117647058
    ],
    "val_precision": [
        1.0,
        0.8,
        0.8,
        0.8,
        0.9230769230769231,
        0.9090909090909091,
        0.9166666666666666,
        0.9230769230769231,
        0.9166666666666666,
        1.0,
        0.9230769230769231,
        1.0,
        0.75,
        1.0,
        0.9166666666666666,
        0.9166666666666666,
        1.0
    ],
    "val_recall": [
        0.2,
        0.6,
        0.6,
        0.6,
        0.6,
        0.5,
        0.55,
        0.6,
        0.55,
        0.45,
        0.6,
        0.45,
        0.6,
        0.5,
        0.55,
        0.55,
        0.55
    ],
    "val_f1_score": [
        0.3333333333333333,
        0.6857142857142857,
        0.6857142857142857,
        0.6857142857142857,
        0.7272727272727273,
        0.6451612903225806,
        0.6875,
        0.7272727272727273,
        0.6875,
        0.6206896551724138,
        0.7272727272727273,
        0.6206896551724138,
        0.6666666666666666,
        0.6666666666666666,
        0.6875,
        0.6875,
        0.7096774193548387
    ]
}