{
    "labels": [
        0,
        0,
        0,
        0,
        0,
        0,
        0,
        0,
        0,
        0,
        0,
        0,
        0,
        0,
        0,
        0,
        0,
        0,
        0,
        0,
        0,
        0,
        0,
        0,
        0,
        0,
        0,
        0,
        0,
        0,
        0,
        0,
        0,
        0,
        0,
        0,
        0,
        0,
        0,
        1,
        1,
        1,
        1,
        1,
        1,
        1,
        1,
        1,
        1,
        1,
        1,
        1,
        1,
        1,
        1,
        1,
        1,
        1,
        1,
        1,
        1,
        1,
        1,
        1
    ],
    "preds": [
        1,
        1,
        0,
        0,
        0,
        0,
        0,
        0,
        0,
        0,
        0,
        1,
        0,
        0,
        0,
        0,
        0,
        0,
        0,
        0,
        0,
        0,
        0,
        0,
        0,
        0,
        0,
        0,
        0,
        0,
        0,
        0,
        1,
        0,
        0,
        0,
        1,
        1,
        0,
        0,
        1,
        1,
        1,
        1,
        1,
        0,
        0,
        0,
        1,
        0,
        1,
        0,
        1,
        1,
        1,
        1,
        1,
        1,
        1,
        1,
        1,
        0,
        1,
        1
    ],
    "probs": [
        0.8680267333984375,
        0.9607555866241455,
        0.013994438573718071,
        0.01691843383014202,
        0.01981639862060547,
        0.012668152339756489,
        0.01797393523156643,
        0.027144290506839752,
        0.016213372349739075,
        0.015523813664913177,
        0.016892345622181892,
        0.9255574941635132,
        0.03183102607727051,
        0.015519252046942711,
        0.039164185523986816,
        0.033934880048036575,
        0.014349893666803837,
        0.01058091688901186,
        0.025838518515229225,
        0.015569571405649185,
        0.014458203688263893,
        0.05830542743206024,
        0.01379785593599081,
        0.029552025720477104,
        0.02520119585096836,
        0.024608995765447617,
        0.04900733754038811,
        0.01694265566766262,
        0.03408192843198776,
        0.08663564920425415,
        0.09312378615140915,
        0.07486498355865479,
        0.8695477247238159,
        0.07820738852024078,
        0.01817590743303299,
        0.025464538484811783,
        0.8282155990600586,
        0.5729122161865234,
        0.07411288470029831,
        0.380960077047348,
        0.9659079313278198,
        0.9692063331604004,
        0.5760228633880615,
        0.9770668148994446,
        0.9781109094619751,
        0.014047185890376568,
        0.034884288907051086,
        0.20875971019268036,
        0.9586197137832642,
        0.011534366756677628,
        0.9717639088630676,
        0.25506657361984253,
        0.9711598753929138,
        0.9085533618927002,
        0.964117169380188,
        0.6069076657295227,
        0.7605685591697693,
        0.7103056907653809,
        0.9724630117416382,
        0.977311909198761,
        0.8511975407600403,
        0.026666205376386642,
        0.9739871025085449,
        0.9252208471298218
    ]
}