{
    "train_loss": [
        0.6875982135534286,
        0.6089717745780945,
        0.45062319189310074,
        0.2552383206784725,
        0.26993310265243053,
        0.1635831966996193,
        0.12384185055270791,
        0.10481288935989141,
        0.053973700385540724,
        0.017310167313553393,
        0.014827900449745357,
        0.006310972501523793,
        0.003974985214881599,
        0.002208832447649911,
        0.006512998108519241
    ],
    "val_loss": [
        0.6731390357017517,
        0.5147738456726074,
        0.4215331971645355,
        0.6546959280967712,
        0.3246409296989441,
        0.5420354008674622,
        0.4161404073238373,
        0.3544468879699707,
        0.41175949573516846,
        0.5792476534843445,
        0.45758071541786194,
        0.5114163756370544,
        0.4811992943286896,
        0.5830273032188416,
        0.5826758146286011
    ],
    "val_auc": [
        0.8245967741935484,
        0.8629032258064515,
        0.9012096774193548,
        0.935483870967742,
        0.9415322580645162,
        0.9475806451612904,
        0.9516129032258065,
        0.9495967741935484,
        0.9576612903225806,
        0.9334677419354839,
        0.9375,
        0.9294354838709677,
        0.9435483870967742,
        0.9395161290322581,
        0.9415322580645161
    ],
    "val_accuracy": [
        0.6170212765957447,
        0.7872340425531915,
        0.8085106382978723,
        0.7872340425531915,
        0.8723404255319149,
        0.7659574468085106,
        0.8936170212765957,
        0.8723404255319149,
        0.851063829787234,
        0.8085106382978723,
        0.8936170212765957,
        0.8936170212765957,
        0.8936170212765957,
        0.851063829787234,
        0.9148936170212766
    ],
    "val_precision": [
        0.4666666666666667,
        0.8,
        0.8181818181818182,
        1.0,
        0.8571428571428571,
        0.6086956521739131,
        1.0,
        0.8125,
        0.8461538461538461,
        0.6842105263157895,
        1.0,
        0.9230769230769231,
        0.9230769230769231,
        0.8,
        1.0
    ],
    "val_recall": [
        0.875,
        0.5,
        0.5625,
        0.375,
        0.75,
        0.875,
        0.6875,
        0.8125,
        0.6875,
        0.8125,
        0.6875,
        0.75,
        0.75,
        0.75,
        0.75
    ],
    "val_f1_score": [
        0.6086956521739131,
        0.6153846153846154,
        0.6666666666666666,
        0.5454545454545454,
        0.8,
        0.717948717948718,
        0.8148148148148148,
        0.8125,
        0.7586206896551724,
        0.7428571428571429,
        0.8148148148148148,
        0.8275862068965517,
        0.8275862068965517,
        0.7741935483870968,
        0.8571428571428571
    ]
}