{
    "best_hyperparameters": {
        "hidden_size": 192,
        "num_layers": 2,
        "bidirectional": true,
        "lr": 0.00100582753710589,
        "weight_decay": 0.0003919577857350644,
        "batch_size": 64,
        "dropout_fc": 0.322909070916953
    },
    "best_validation_loss": 0.3246409296989441,
    "best_validation_auc": 0.9415322580645162,
    "best_epoch": 5,
    "test_metrics": {
        "loss": 0.555156946182251,
        "accuracy": 0.796875,
        "precision": 0.75,
        "recall": 0.72,
        "f1_score": 0.7346938775510204,
        "auc": 0.8430769230769231
    },
    "features_manifest": "..\\experiments\\exp_80\\results\\tables\\manifest_features.csv"
}