{
    "labels": [
        0,
        0,
        0,
        0,
        0,
        0,
        0,
        0,
        0,
        0,
        0,
        0,
        0,
        0,
        0,
        0,
        0,
        0,
        0,
        0,
        0,
        0,
        0,
        0,
        0,
        0,
        0,
        0,
        0,
        0,
        0,
        0,
        0,
        0,
        0,
        0,
        0,
        0,
        0,
        1,
        1,
        1,
        1,
        1,
        1,
        1,
        1,
        1,
        1,
        1,
        1,
        1,
        1,
        1,
        1,
        1,
        1,
        1,
        1,
        1,
        1,
        1,
        1,
        1
    ],
    "preds": [
        1,
        1,
        0,
        0,
        0,
        0,
        0,
        0,
        0,
        0,
        0,
        1,
        1,
        0,
        0,
        0,
        0,
        0,
        1,
        0,
        0,
        1,
        0,
        0,
        0,
        0,
        0,
        0,
        0,
        0,
        1,
        0,
        0,
        1,
        0,
        0,
        1,
        0,
        0,
        0,
        1,
        1,
        1,
        1,
        1,
        0,
        0,
        0,
        1,
        0,
        1,
        0,
        1,
        1,
        1,
        1,
        1,
        1,
        1,
        1,
        0,
        1,
        1,
        1
    ],
    "probs": [
        0.5784416198730469,
        0.984536349773407,
        0.006263983901590109,
        0.009923859499394894,
        0.00789680890738964,
        0.009627162478864193,
        0.013947425410151482,
        0.030300837010145187,
        0.01012447476387024,
        0.006454114336520433,
        0.009297482669353485,
        0.9984146356582642,
        0.9988858103752136,
        0.005324017256498337,
        0.009345629252493382,
        0.019061841070652008,
        0.008797738701105118,
        0.006900690030306578,
        0.9136894941329956,
        0.014075229875743389,
        0.00623484468087554,
        0.8155178427696228,
        0.007231356576085091,
        0.008430171757936478,
        0.00987990666180849,
        0.006265854462981224,
        0.01193894911557436,
        0.00991393718868494,
        0.01327245682477951,
        0.2036495804786682,
        0.995046854019165,
        0.01304183341562748,
        0.22613894939422607,
        0.9976021647453308,
        0.007098592352122068,
        0.008939783088862896,
        0.9991682767868042,
        0.10402937978506088,
        0.009731595404446125,
        0.28673791885375977,
        0.999514102935791,
        0.9991809725761414,
        0.9992088675498962,
        0.999038577079773,
        0.9995878338813782,
        0.008003724738955498,
        0.006434885319322348,
        0.0624692440032959,
        0.9994263648986816,
        0.007583095226436853,
        0.998360812664032,
        0.04248575493693352,
        0.9995978474617004,
        0.9980676770210266,
        0.993716299533844,
        0.9788131713867188,
        0.6783038377761841,
        0.9680994749069214,
        0.9991655349731445,
        0.9989056587219238,
        0.09062130749225616,
        0.996986448764801,
        0.999409556388855,
        0.9974599480628967
    ]
}