{
    "best_hyperparameters": {
        "hidden_size": 64,
        "num_layers": 2,
        "bidirectional": false,
        "lr": 0.001450189132938436,
        "weight_decay": 0.0002669769018692472,
        "batch_size": 32,
        "dropout_fc": 0.3629516887545193
    },
    "best_validation_loss": 0.08946176990866661,
    "best_validation_auc": 0.9935344827586208,
    "best_epoch": 26,
    "test_metrics": {
        "loss": 1.0395255088806152,
        "accuracy": 0.75,
        "precision": 0.6666666666666666,
        "recall": 0.72,
        "f1_score": 0.6923076923076923,
        "auc": 0.8123076923076923
    },
    "features_manifest": "..\\experiments\\exp_50\\results\\tables\\manifest_features.csv"
}