{
    "train_loss": [
        0.6905071437358856,
        0.6680687467257181,
        0.6025188565254211,
        0.46292566259702045,
        0.46352488299210864,
        0.44687481224536896,
        0.390927126010259,
        0.3269586016734441,
        0.2518092369039853,
        0.21015520269672075,
        0.2171314855416616,
        0.1370888166129589,
        0.11618830015261968,
        0.1328112594783306,
        0.21003370204319557,
        0.17431853587428728,
        0.19048350304365158,
        0.15581980347633362,
        0.10177519638091326,
        0.07918877651294072,
        0.051409534023453794,
        0.0413850680924952,
        0.0450238313836356,
        0.06715726433321834,
        0.04773406715442737,
        0.04952915835504731,
        0.09169789248456557,
        0.10698860456856589,
        0.10013302850226562,
        0.1241677738726139,
        0.07371723651885986,
        0.0705146089506646,
        0.05954596656374633,
        0.03681992677350839,
        0.025821841942767303,
        0.029606064315885305
    ],
    "val_loss": [
        0.6967900097370148,
        0.6790495812892914,
        0.5632860362529755,
        0.4148629307746887,
        0.8098962306976318,
        0.3700452744960785,
        0.38222430646419525,
        0.33113982528448105,
        0.3997688740491867,
        0.47583869099617004,
        0.26341213285923004,
        0.29562380351126194,
        0.38887088000774384,
        0.4148491322994232,
        0.2968144305050373,
        0.23699814081192017,
        0.5648194774985313,
        0.20322862267494202,
        0.30469830334186554,
        0.35475317016243935,
        0.16080237179994583,
        0.40016461350023746,
        0.17643288895487785,
        0.3367385268211365,
        0.5676267892122269,
        0.08946176990866661,
        0.6085928529500961,
        0.6215623095631599,
        0.4112046118825674,
        0.8583280593156815,
        0.16062509082257748,
        0.47937146201729774,
        0.2622719258069992,
        0.19090395793318748,
        0.3223249018192291,
        0.33986273501068354
    ],
    "val_auc": [
        0.75,
        0.8125,
        0.8663793103448276,
        0.9094827586206896,
        0.9439655172413792,
        0.9568965517241379,
        0.9396551724137931,
        0.9461206896551724,
        0.9655172413793103,
        0.9849137931034483,
        0.9741379310344827,
        0.9719827586206897,
        0.9719827586206896,
        0.9762931034482759,
        0.9655172413793103,
        0.9741379310344827,
        0.978448275862069,
        0.9698275862068966,
        0.9870689655172413,
        0.9892241379310345,
        0.9870689655172414,
        0.997844827586207,
        0.9913793103448275,
        0.9935344827586207,
        0.9892241379310345,
        0.9935344827586208,
        0.9741379310344828,
        0.9698275862068965,
        0.9741379310344828,
        0.9892241379310345,
        0.9935344827586208,
        0.9913793103448276,
        0.9870689655172414,
        0.978448275862069,
        0.9849137931034483,
        0.9849137931034483
    ],
    "val_accuracy": [
        0.6444444444444445,
        0.7111111111111111,
        0.7555555555555555,
        0.8,
        0.7333333333333333,
        0.8888888888888888,
        0.8222222222222222,
        0.8666666666666667,
        0.8222222222222222,
        0.8444444444444444,
        0.9111111111111111,
        0.8888888888888888,
        0.9111111111111111,
        0.8888888888888888,
        0.8666666666666667,
        0.9111111111111111,
        0.8888888888888888,
        0.9333333333333333,
        0.9111111111111111,
        0.8888888888888888,
        0.9555555555555556,
        0.9111111111111111,
        0.9555555555555556,
        0.9111111111111111,
        0.8666666666666667,
        0.9777777777777777,
        0.8666666666666667,
        0.8444444444444444,
        0.8,
        0.8,
        0.9333333333333333,
        0.8888888888888888,
        0.9111111111111111,
        0.9111111111111111,
        0.9111111111111111,
        0.9333333333333333
    ],
    "val_precision": [
        0.0,
        1.0,
        0.631578947368421,
        0.6521739130434783,
        1.0,
        0.9230769230769231,
        0.7222222222222222,
        0.7777777777777778,
        0.9,
        1.0,
        0.875,
        0.7619047619047619,
        1.0,
        1.0,
        0.75,
        0.9285714285714286,
        1.0,
        0.8421052631578947,
        1.0,
        0.9230769230769231,
        0.9375,
        1.0,
        1.0,
        1.0,
        1.0,
        0.9411764705882353,
        0.9166666666666666,
        0.9090909090909091,
        0.64,
        1.0,
        0.8421052631578947,
        1.0,
        0.9285714285714286,
        0.8333333333333334,
        0.9285714285714286,
        1.0
    ],
    "val_recall": [
        0.0,
        0.1875,
        0.75,
        0.9375,
        0.25,
        0.75,
        0.8125,
        0.875,
        0.5625,
        0.5625,
        0.875,
        1.0,
        0.75,
        0.6875,
        0.9375,
        0.8125,
        0.6875,
        1.0,
        0.75,
        0.75,
        0.9375,
        0.75,
        0.875,
        0.75,
        0.625,
        1.0,
        0.6875,
        0.625,
        1.0,
        0.4375,
        1.0,
        0.6875,
        0.8125,
        0.9375,
        0.8125,
        0.8125
    ],
    "val_f1_score": [
        0.0,
        0.3157894736842105,
        0.6857142857142857,
        0.7692307692307693,
        0.4,
        0.8275862068965517,
        0.7647058823529411,
        0.8235294117647058,
        0.6923076923076923,
        0.72,
        0.875,
        0.8648648648648649,
        0.8571428571428571,
        0.8148148148148148,
        0.8333333333333334,
        0.8666666666666667,
        0.8148148148148148,
        0.9142857142857143,
        0.8571428571428571,
        0.8275862068965517,
        0.9375,
        0.8571428571428571,
        0.9333333333333333,
        0.8571428571428571,
        0.7692307692307693,
        0.9696969696969697,
        0.7857142857142857,
        0.7407407407407407,
        0.7804878048780488,
        0.6086956521739131,
        0.9142857142857143,
        0.8148148148148148,
        0.8666666666666667,
        0.8823529411764706,
        0.8666666666666667,
        0.896551724137931
    ]
}