{
    "labels": [
        0,
        0,
        0,
        0,
        0,
        0,
        0,
        0,
        0,
        0,
        0,
        0,
        0,
        0,
        0,
        0,
        0,
        0,
        0,
        0,
        0,
        0,
        0,
        0,
        0,
        0,
        0,
        0,
        0,
        0,
        0,
        0,
        0,
        0,
        0,
        0,
        0,
        0,
        0,
        1,
        1,
        1,
        1,
        1,
        1,
        1,
        1,
        1,
        1,
        1,
        1,
        1,
        1,
        1,
        1,
        1,
        1,
        1,
        1,
        1,
        1,
        1,
        1,
        1
    ],
    "preds": [
        1,
        1,
        0,
        0,
        0,
        0,
        0,
        0,
        0,
        0,
        0,
        0,
        0,
        0,
        0,
        0,
        0,
        0,
        0,
        0,
        0,
        0,
        0,
        0,
        0,
        0,
        0,
        0,
        0,
        0,
        0,
        0,
        1,
        0,
        0,
        0,
        1,
        1,
        0,
        1,
        1,
        1,
        1,
        1,
        1,
        0,
        0,
        1,
        1,
        0,
        1,
        1,
        1,
        1,
        1,
        1,
        1,
        1,
        1,
        1,
        1,
        0,
        1,
        1
    ],
    "probs": [
        0.8421590924263,
        0.9607375860214233,
        0.0015742554096505046,
        0.05745827779173851,
        0.015369951725006104,
        0.003344968194141984,
        0.001745962304994464,
        0.4081127941608429,
        0.00955581571906805,
        0.002483795629814267,
        0.008125711232423782,
        0.29922357201576233,
        0.0030442294664680958,
        0.0006277610082179308,
        0.012373845092952251,
        0.0396290123462677,
        0.0007863655337132514,
        0.0009056121343746781,
        0.0038185021840035915,
        0.005348578095436096,
        0.0008079073159024119,
        0.045786987990140915,
        0.0005770163843408227,
        0.003265080275014043,
        0.002323750639334321,
        0.0033235098235309124,
        0.020020470023155212,
        0.010967845097184181,
        0.0009101566975004971,
        0.26222413778305054,
        0.29592159390449524,
        0.007875953800976276,
        0.9721818566322327,
        0.32415616512298584,
        0.0010324454633519053,
        0.0015813525533303618,
        0.9485085606575012,
        0.9687607884407043,
        0.00799839198589325,
        0.6030741930007935,
        0.9826122522354126,
        0.9822730422019958,
        0.957195520401001,
        0.9948144555091858,
        0.9889033436775208,
        0.0024173809215426445,
        0.001962141366675496,
        0.6353106498718262,
        0.9852736592292786,
        0.0012355325743556023,
        0.9175245761871338,
        0.9237454533576965,
        0.981162428855896,
        0.9821245670318604,
        0.9777122735977173,
        0.8942880630493164,
        0.5852674841880798,
        0.908926784992218,
        0.9889022707939148,
        0.9796462655067444,
        0.9695558547973633,
        0.07499400526285172,
        0.9779638051986694,
        0.977418839931488
    ]
}