{
    "train_loss": [
        0.6783049276896885,
        0.6431208678654262,
        0.5116613294397082,
        0.4003187928880964,
        0.39177766016551424,
        0.29894064366817474,
        0.2928639884505953,
        0.32596912128584726,
        0.1952854416200093,
        0.1462860256433487,
        0.1578827766435487,
        0.16600949317216873,
        0.13006394462926046,
        0.0656288725190929,
        0.06297393342746156,
        0.38342368070568356,
        0.22599753311702184,
        0.14249500153320177,
        0.09373755007982254,
        0.06039411960435765,
        0.04147954770763006,
        0.028087421054286615,
        0.022462831810116768,
        0.017582597510356988,
        0.013135290305529321,
        0.004579205997288227,
        0.0038203824993356,
        0.0020998000649602284,
        0.0020437215488137944
    ],
    "val_loss": [
        0.7035231292247772,
        0.6850223243236542,
        0.7027487829327583,
        0.5340715050697327,
        0.598561055958271,
        0.5950640365481377,
        0.8228404968976974,
        0.45447585731744766,
        0.3143068104982376,
        0.5514595359563828,
        0.21667276322841644,
        0.2873988077044487,
        0.5438674688339233,
        0.6146747842431068,
        0.8168815826065838,
        0.4532462637871504,
        0.27382713556289673,
        0.29188690334558487,
        0.14749113097786903,
        0.45647764950990677,
        0.16387294232845306,
        0.44328419864177704,
        0.4789225533604622,
        0.49697691202163696,
        0.677255392074585,
        0.3246079161763191,
        0.549226276576519,
        0.8278539329767227,
        0.6910663843154907
    ],
    "val_auc": [
        0.7076612903225806,
        0.75,
        0.8024193548387096,
        0.8245967741935485,
        0.8830645161290323,
        0.9274193548387097,
        0.9254032258064516,
        0.9495967741935485,
        0.9435483870967741,
        0.905241935483871,
        0.9637096774193548,
        0.9556451612903225,
        0.9314516129032258,
        0.9233870967741935,
        0.909274193548387,
        0.9576612903225806,
        0.9818548387096775,
        0.9879032258064516,
        0.9758064516129032,
        0.9879032258064516,
        0.9758064516129032,
        0.9717741935483871,
        0.969758064516129,
        0.967741935483871,
        0.9596774193548387,
        0.9778225806451614,
        0.9737903225806451,
        0.9677419354838709,
        0.9677419354838709
    ],
    "val_accuracy": [
        0.6595744680851063,
        0.6595744680851063,
        0.7872340425531915,
        0.7446808510638298,
        0.8085106382978723,
        0.7872340425531915,
        0.8085106382978723,
        0.8297872340425532,
        0.8723404255319149,
        0.7021276595744681,
        0.9148936170212766,
        0.9148936170212766,
        0.8936170212765957,
        0.851063829787234,
        0.6595744680851063,
        0.7872340425531915,
        0.9148936170212766,
        0.8723404255319149,
        0.9361702127659575,
        0.8936170212765957,
        0.9148936170212766,
        0.8936170212765957,
        0.8936170212765957,
        0.9148936170212766,
        0.8936170212765957,
        0.9361702127659575,
        0.9361702127659575,
        0.8723404255319149,
        0.8936170212765957
    ],
    "val_precision": [
        0.0,
        0.0,
        0.875,
        0.6,
        0.8888888888888888,
        0.875,
        1.0,
        0.9,
        0.7777777777777778,
        0.5384615384615384,
        0.8333333333333334,
        0.875,
        0.9230769230769231,
        0.9090909090909091,
        0.5,
        0.6153846153846154,
        0.9285714285714286,
        0.9166666666666666,
        0.8421052631578947,
        0.9230769230769231,
        0.8333333333333334,
        0.9230769230769231,
        0.9230769230769231,
        0.9285714285714286,
        0.9230769230769231,
        0.9333333333333333,
        0.9333333333333333,
        0.9166666666666666,
        0.9230769230769231
    ],
    "val_recall": [
        0.0,
        0.0,
        0.4375,
        0.75,
        0.5,
        0.4375,
        0.4375,
        0.5625,
        0.875,
        0.875,
        0.9375,
        0.875,
        0.75,
        0.625,
        1.0,
        1.0,
        0.8125,
        0.6875,
        1.0,
        0.75,
        0.9375,
        0.75,
        0.75,
        0.8125,
        0.75,
        0.875,
        0.875,
        0.6875,
        0.75
    ],
    "val_f1_score": [
        0.0,
        0.0,
        0.5833333333333334,
        0.6666666666666666,
        0.64,
        0.5833333333333334,
        0.6086956521739131,
        0.6923076923076923,
        0.8235294117647058,
        0.6666666666666666,
        0.8823529411764706,
        0.875,
        0.8275862068965517,
        0.7407407407407407,
        0.6666666666666666,
        0.7619047619047619,
        0.8666666666666667,
        0.7857142857142857,
        0.9142857142857143,
        0.8275862068965517,
        0.8823529411764706,
        0.8275862068965517,
        0.8275862068965517,
        0.8666666666666667,
        0.8275862068965517,
        0.9032258064516129,
        0.9032258064516129,
        0.7857142857142857,
        0.8275862068965517
    ]
}