{
    "best_hyperparameters": {
        "hidden_size": 96,
        "num_layers": 2,
        "bidirectional": true,
        "lr": 0.0011761024713315288,
        "weight_decay": 0.0003162709964453749,
        "batch_size": 32,
        "dropout_fc": 0.3912662100637837
    },
    "best_validation_loss": 0.037343087256886065,
    "best_validation_auc": 0.9978494623655915,
    "best_epoch": 20,
    "test_metrics": {
        "loss": 1.5653760135173798,
        "accuracy": 0.796875,
        "precision": 0.75,
        "recall": 0.72,
        "f1_score": 0.7346938775510204,
        "auc": 0.8061538461538461
    },
    "features_manifest": "..\\experiments\\exp_66\\results\\tables\\manifest_features.csv"
}