{
    "train_loss": [
        0.6838306903839111,
        0.6265206217765809,
        0.540086442232132,
        0.3849310874938965,
        0.28193132281303407,
        0.25194434225559237,
        0.3014123529195786,
        0.27949116230010984,
        0.16854955703020097,
        0.12072355449199676,
        0.08058611452579498,
        0.04783637560904026,
        0.01803363487124443,
        0.007928398298099637,
        0.003065393143333495,
        0.0019721177988685666,
        0.0011800004169344902,
        0.0009440594469197095,
        0.0007921517419163138,
        0.0007501205138396472,
        0.0006567702745087445,
        0.0008588641649112105,
        0.0006921096122823655,
        0.0005145546223502606,
        0.0005589616252109408,
        0.0005941258044913411,
        0.0004702652571722865,
        0.0005732439109124243,
        0.0005786128807812929,
        0.0004649837617762387
    ],
    "val_loss": [
        0.667031317949295,
        0.5938511788845062,
        0.5006224513053894,
        0.3746853768825531,
        0.3093028664588928,
        0.5464454293251038,
        0.2901155650615692,
        0.31363964825868607,
        0.2568427175283432,
        0.2550317123532295,
        0.3576458068564534,
        0.28414763137698174,
        0.34971154504455626,
        0.2027847373392433,
        0.042566425167024136,
        0.0796482041478157,
        0.11339333280920982,
        0.05988498777151108,
        0.039658640045672655,
        0.037343087256886065,
        0.042976578581146896,
        0.052184667700203136,
        0.05716017383383587,
        0.06492131235427223,
        0.09536946067237295,
        0.10091471637133509,
        0.10261237152735703,
        0.1038434568035882,
        0.10382465456495993,
        0.10198188156937249
    ],
    "val_auc": [
        0.810752688172043,
        0.8365591397849462,
        0.8602150537634409,
        0.9161290322580645,
        0.9483870967741935,
        0.9333333333333333,
        0.946236559139785,
        0.9505376344086023,
        0.9548387096774194,
        0.9634408602150537,
        0.9741935483870968,
        0.9741935483870967,
        0.9806451612903225,
        0.9956989247311828,
        0.9978494623655915,
        1.0,
        0.9978494623655915,
        0.9978494623655915,
        0.9978494623655915,
        0.9978494623655915,
        0.9978494623655915,
        0.9978494623655915,
        0.9978494623655915,
        0.9978494623655915,
        0.9978494623655915,
        0.9978494623655915,
        0.9978494623655915,
        0.9978494623655915,
        0.9978494623655915,
        0.9956989247311828
    ],
    "val_accuracy": [
        0.391304347826087,
        0.6086956521739131,
        0.782608695652174,
        0.8043478260869565,
        0.8260869565217391,
        0.8478260869565217,
        0.8695652173913043,
        0.782608695652174,
        0.8478260869565217,
        0.8478260869565217,
        0.8043478260869565,
        0.8695652173913043,
        0.8695652173913043,
        0.8913043478260869,
        0.9565217391304348,
        0.9565217391304348,
        0.9565217391304348,
        0.9782608695652174,
        0.9565217391304348,
        0.9565217391304348,
        0.9782608695652174,
        0.9782608695652174,
        0.9782608695652174,
        0.9782608695652174,
        0.9782608695652174,
        0.9782608695652174,
        0.9782608695652174,
        0.9782608695652174,
        0.9782608695652174,
        0.9782608695652174
    ],
    "val_precision": [
        0.3488372093023256,
        0.45161290322580644,
        0.6470588235294118,
        0.65,
        0.6521739130434783,
        1.0,
        0.7368421052631579,
        0.6190476190476191,
        0.6818181818181818,
        0.7222222222222222,
        0.625,
        0.9090909090909091,
        0.7142857142857143,
        0.75,
        0.9333333333333333,
        1.0,
        1.0,
        1.0,
        0.9333333333333333,
        0.9333333333333333,
        0.9375,
        0.9375,
        0.9375,
        0.9375,
        0.9375,
        0.9375,
        0.9375,
        0.9375,
        0.9375,
        0.9375
    ],
    "val_recall": [
        1.0,
        0.9333333333333333,
        0.7333333333333333,
        0.8666666666666667,
        1.0,
        0.5333333333333333,
        0.9333333333333333,
        0.8666666666666667,
        1.0,
        0.8666666666666667,
        1.0,
        0.6666666666666666,
        1.0,
        1.0,
        0.9333333333333333,
        0.8666666666666667,
        0.8666666666666667,
        0.9333333333333333,
        0.9333333333333333,
        0.9333333333333333,
        1.0,
        1.0,
        1.0,
        1.0,
        1.0,
        1.0,
        1.0,
        1.0,
        1.0,
        1.0
    ],
    "val_f1_score": [
        0.5172413793103449,
        0.6086956521739131,
        0.6875,
        0.7428571428571429,
        0.7894736842105263,
        0.6956521739130435,
        0.8235294117647058,
        0.7222222222222222,
        0.8108108108108109,
        0.7878787878787878,
        0.7692307692307693,
        0.7692307692307693,
        0.8333333333333334,
        0.8571428571428571,
        0.9333333333333333,
        0.9285714285714286,
        0.9285714285714286,
        0.9655172413793104,
        0.9333333333333333,
        0.9333333333333333,
        0.967741935483871,
        0.967741935483871,
        0.967741935483871,
        0.967741935483871,
        0.967741935483871,
        0.967741935483871,
        0.967741935483871,
        0.967741935483871,
        0.967741935483871,
        0.967741935483871
    ]
}