{
    "labels": [
        0,
        0,
        0,
        0,
        0,
        0,
        0,
        0,
        0,
        0,
        0,
        0,
        0,
        0,
        0,
        0,
        0,
        0,
        0,
        0,
        0,
        0,
        0,
        0,
        0,
        0,
        0,
        0,
        0,
        0,
        0,
        0,
        0,
        0,
        0,
        0,
        0,
        0,
        0,
        1,
        1,
        1,
        1,
        1,
        1,
        1,
        1,
        1,
        1,
        1,
        1,
        1,
        1,
        1,
        1,
        1,
        1,
        1,
        1,
        1,
        1,
        1,
        1,
        1
    ],
    "preds": [
        1,
        1,
        0,
        0,
        0,
        0,
        0,
        0,
        0,
        0,
        0,
        1,
        0,
        0,
        0,
        0,
        0,
        0,
        0,
        0,
        0,
        1,
        0,
        0,
        0,
        0,
        0,
        0,
        0,
        0,
        0,
        0,
        1,
        0,
        0,
        0,
        1,
        0,
        0,
        0,
        1,
        1,
        1,
        1,
        1,
        0,
        0,
        0,
        1,
        0,
        1,
        0,
        1,
        1,
        1,
        1,
        1,
        1,
        1,
        1,
        1,
        0,
        1,
        1
    ],
    "probs": [
        0.9987732768058777,
        0.9958303570747375,
        6.583349750144407e-05,
        0.0013573910109698772,
        3.526603541104123e-05,
        0.0001464593515265733,
        5.213430995354429e-05,
        0.004094080999493599,
        4.914788587484509e-05,
        0.0001549894514027983,
        0.03380151838064194,
        0.9996356964111328,
        0.00010045235103461891,
        4.965701373293996e-05,
        0.0001203720094054006,
        8.835682092467323e-05,
        4.1831557609839365e-05,
        4.21209006162826e-05,
        6.825558375567198e-05,
        8.58939383761026e-05,
        9.215183672495186e-05,
        0.794615626335144,
        7.605793507536873e-05,
        6.290209421422333e-05,
        0.0002830015728250146,
        0.00011936855298699811,
        0.0010565223637968302,
        4.909495692118071e-05,
        6.647589907515794e-05,
        0.0001397779560647905,
        5.645026976708323e-05,
        8.036172948777676e-05,
        0.9994614720344543,
        0.3082434833049774,
        6.26383043709211e-05,
        5.544925443246029e-05,
        0.9989558458328247,
        0.0003376359527464956,
        0.00011385163088561967,
        0.00015235286264214665,
        0.9996299743652344,
        0.9989155530929565,
        0.9988170862197876,
        0.99980229139328,
        0.9997326731681824,
        3.6993937101215124e-05,
        5.447475996334106e-05,
        0.00022568881104234606,
        0.9628011584281921,
        0.0001087493437808007,
        0.9997912049293518,
        0.00027065922040492296,
        0.9996082186698914,
        0.9982329607009888,
        0.9985589385032654,
        0.9996069073677063,
        0.996030867099762,
        0.9945390820503235,
        0.998960018157959,
        0.9995337724685669,
        0.998740017414093,
        0.00011288733367109671,
        0.9992390871047974,
        0.9996339082717896
    ]
}