{
    "train_loss": [
        0.6951411167780558,
        0.6726976633071899,
        0.615337610244751,
        0.5371933182080587,
        0.4677710433801015,
        0.4124794900417328,
        0.282321775952975,
        0.19998923440774283,
        0.31606702009836835,
        0.20817970732847849,
        0.14980212350686392,
        0.12851804743210474,
        0.09627571702003479,
        0.059220767269531883,
        0.022769931082924206,
        0.18170969064037004,
        0.40069770564635593,
        0.2331074724594752,
        0.29394635061422986
    ],
    "val_loss": [
        0.6480916738510132,
        0.6124203205108643,
        0.6381060481071472,
        0.42322906851768494,
        0.4681538939476013,
        0.4703102111816406,
        0.27284225821495056,
        0.3364218473434448,
        0.21018384397029877,
        0.3306613862514496,
        0.2549595236778259,
        0.3599623739719391,
        0.2781338095664978,
        0.40596330165863037,
        0.3739624619483948,
        1.1015138626098633,
        0.33034685254096985,
        0.4060498774051666,
        0.4861338138580322
    ],
    "val_auc": [
        0.6405529953917051,
        0.7811059907834103,
        0.7649769585253456,
        0.8709677419354839,
        0.8824884792626728,
        0.9262672811059908,
        0.9470046082949308,
        0.9377880184331797,
        0.9746543778801843,
        0.967741935483871,
        0.9585253456221199,
        0.9700460829493087,
        0.9539170506912442,
        0.9700460829493087,
        0.967741935483871,
        0.9032258064516129,
        0.9815668202764977,
        0.9170506912442397,
        0.9423963133640553
    ],
    "val_accuracy": [
        0.6888888888888889,
        0.7777777777777778,
        0.6444444444444445,
        0.8222222222222222,
        0.7555555555555555,
        0.7555555555555555,
        0.8666666666666667,
        0.8666666666666667,
        0.9111111111111111,
        0.8444444444444444,
        0.8888888888888888,
        0.8444444444444444,
        0.8888888888888888,
        0.8444444444444444,
        0.9111111111111111,
        0.8,
        0.8666666666666667,
        0.8,
        0.7111111111111111
    ],
    "val_precision": [
        0.0,
        1.0,
        0.4642857142857143,
        0.7142857142857143,
        1.0,
        0.5652173913043478,
        0.8333333333333334,
        0.7857142857142857,
        0.8571428571428571,
        0.6666666666666666,
        0.9090909090909091,
        0.6666666666666666,
        0.9090909090909091,
        0.6842105263157895,
        1.0,
        1.0,
        0.7,
        1.0,
        0.52
    ],
    "val_recall": [
        0.0,
        0.2857142857142857,
        0.9285714285714286,
        0.7142857142857143,
        0.21428571428571427,
        0.9285714285714286,
        0.7142857142857143,
        0.7857142857142857,
        0.8571428571428571,
        1.0,
        0.7142857142857143,
        1.0,
        0.7142857142857143,
        0.9285714285714286,
        0.7142857142857143,
        0.35714285714285715,
        1.0,
        0.35714285714285715,
        0.9285714285714286
    ],
    "val_f1_score": [
        0.0,
        0.4444444444444444,
        0.6190476190476191,
        0.7142857142857143,
        0.35294117647058826,
        0.7027027027027027,
        0.7692307692307693,
        0.7857142857142857,
        0.8571428571428571,
        0.8,
        0.8,
        0.8,
        0.8,
        0.7878787878787878,
        0.8333333333333334,
        0.5263157894736842,
        0.8235294117647058,
        0.5263157894736842,
        0.6666666666666666
    ]
}