{
    "labels": [
        0,
        0,
        0,
        0,
        0,
        0,
        0,
        0,
        0,
        0,
        0,
        0,
        0,
        0,
        0,
        0,
        0,
        0,
        0,
        0,
        0,
        0,
        0,
        0,
        0,
        0,
        0,
        0,
        0,
        0,
        0,
        0,
        0,
        0,
        0,
        0,
        0,
        0,
        0,
        1,
        1,
        1,
        1,
        1,
        1,
        1,
        1,
        1,
        1,
        1,
        1,
        1,
        1,
        1,
        1,
        1,
        1,
        1,
        1,
        1,
        1,
        1,
        1,
        1
    ],
    "preds": [
        1,
        0,
        0,
        0,
        0,
        0,
        0,
        0,
        0,
        0,
        0,
        0,
        0,
        0,
        0,
        0,
        0,
        0,
        0,
        0,
        0,
        0,
        0,
        0,
        0,
        0,
        0,
        0,
        0,
        0,
        0,
        0,
        1,
        0,
        0,
        0,
        1,
        1,
        0,
        0,
        1,
        1,
        1,
        1,
        1,
        0,
        0,
        0,
        1,
        0,
        1,
        0,
        1,
        0,
        0,
        0,
        1,
        1,
        1,
        1,
        1,
        0,
        1,
        1
    ],
    "probs": [
        0.8525651097297668,
        0.3477478325366974,
        0.0041254255920648575,
        0.02796044945716858,
        0.009016166441142559,
        0.007520913612097502,
        0.00904233381152153,
        0.07904781401157379,
        0.006128564011305571,
        0.00984967965632677,
        0.015580561012029648,
        0.266900897026062,
        0.008571320213377476,
        0.003968741744756699,
        0.023010749369859695,
        0.02027495950460434,
        0.006383658852428198,
        0.00426277844235301,
        0.018625356256961823,
        0.015506304800510406,
        0.005474207457154989,
        0.027502264827489853,
        0.00525373499840498,
        0.006438398268073797,
        0.026607120409607887,
        0.0054995170794427395,
        0.01942436210811138,
        0.0058811805211007595,
        0.012183316051959991,
        0.0169085543602705,
        0.19411194324493408,
        0.005885349120944738,
        0.8365527391433716,
        0.07895126193761826,
        0.004735912661999464,
        0.004888805095106363,
        0.876434326171875,
        0.9605423808097839,
        0.007599706295877695,
        0.011799562722444534,
        0.9742264747619629,
        0.9536319375038147,
        0.8972808718681335,
        0.9797505140304565,
        0.9680963158607483,
        0.01693239063024521,
        0.011509939096868038,
        0.0342024564743042,
        0.9674687385559082,
        0.0058971368707716465,
        0.9671344757080078,
        0.016857847571372986,
        0.9583109021186829,
        0.43777263164520264,
        0.10880991071462631,
        0.20942401885986328,
        0.8600941896438599,
        0.8744156956672668,
        0.9608040452003479,
        0.9489477276802063,
        0.7825661301612854,
        0.012326501309871674,
        0.9412562251091003,
        0.9365772008895874
    ]
}