{
    "labels": [
        0,
        0,
        0,
        0,
        0,
        0,
        0,
        0,
        0,
        0,
        0,
        0,
        0,
        0,
        0,
        0,
        0,
        0,
        0,
        0,
        0,
        0,
        0,
        0,
        0,
        0,
        0,
        0,
        0,
        0,
        0,
        0,
        0,
        0,
        0,
        0,
        0,
        0,
        0,
        1,
        1,
        1,
        1,
        1,
        1,
        1,
        1,
        1,
        1,
        1,
        1,
        1,
        1,
        1,
        1,
        1,
        1,
        1,
        1,
        1,
        1,
        1,
        1,
        1
    ],
    "preds": [
        1,
        1,
        0,
        0,
        0,
        0,
        0,
        0,
        0,
        0,
        0,
        1,
        0,
        0,
        1,
        0,
        0,
        0,
        0,
        0,
        0,
        1,
        0,
        0,
        0,
        0,
        0,
        0,
        0,
        0,
        1,
        0,
        1,
        0,
        0,
        0,
        1,
        1,
        0,
        0,
        1,
        1,
        1,
        1,
        1,
        0,
        0,
        1,
        1,
        0,
        1,
        1,
        1,
        1,
        1,
        1,
        1,
        1,
        0,
        1,
        1,
        0,
        1,
        1
    ],
    "probs": [
        0.9865573048591614,
        0.9940967559814453,
        0.020323583856225014,
        0.17164109647274017,
        0.025500565767288208,
        0.024503856897354126,
        0.02304616943001747,
        0.04108512029051781,
        0.08159493654966354,
        0.030077047646045685,
        0.08862049132585526,
        0.5009340047836304,
        0.038192134350538254,
        0.03020688332617283,
        0.6408490538597107,
        0.05555883049964905,
        0.025116372853517532,
        0.022633401677012444,
        0.03874461352825165,
        0.06057969480752945,
        0.06869528442621231,
        0.9780288338661194,
        0.04612693190574646,
        0.08541183173656464,
        0.060017179697752,
        0.03371848911046982,
        0.028944669291377068,
        0.07420826703310013,
        0.03535334765911102,
        0.17435875535011292,
        0.9890109896659851,
        0.031110461801290512,
        0.9783481955528259,
        0.03993503749370575,
        0.03167528286576271,
        0.025814242660999298,
        0.9922153353691101,
        0.842377245426178,
        0.07202963531017303,
        0.04225856065750122,
        0.9946840405464172,
        0.9959630370140076,
        0.9850990772247314,
        0.9959607720375061,
        0.9953653812408447,
        0.027356093749403954,
        0.04458391293883324,
        0.9787417650222778,
        0.9942405223846436,
        0.031067313626408577,
        0.9944255352020264,
        0.9925956130027771,
        0.9954965114593506,
        0.9036148190498352,
        0.9648038744926453,
        0.9936763644218445,
        0.9928096532821655,
        0.9948934316635132,
        0.027691708877682686,
        0.9958605170249939,
        0.9904178977012634,
        0.05646772310137749,
        0.9953339695930481,
        0.9926058053970337
    ]
}