{
    "train_loss": [
        0.6903562347094218,
        0.6610448956489563,
        0.6035803556442261,
        0.500658373037974,
        0.41157760222752887,
        0.3096689184506734,
        0.4704335480928421,
        0.3232780049244563,
        0.3627678354581197,
        0.21727034946282706,
        0.2617589682340622,
        0.17666920026143393,
        0.09794787565867107,
        0.1169797033071518,
        0.08402192716797192,
        0.05731869116425514,
        0.030681717519958813,
        0.02891342497120301,
        0.027813180660208065,
        0.022288046777248383,
        0.013983864647646746,
        0.02649642713367939,
        0.11802115850150585,
        0.11768951422224443,
        0.23471310983101526
    ],
    "val_loss": [
        0.6956948041915894,
        0.6438837647438049,
        0.6249211430549622,
        0.4521991014480591,
        0.49239784479141235,
        0.6245300769805908,
        0.576016902923584,
        0.366217702627182,
        0.34434232115745544,
        0.5626828670501709,
        0.2696726620197296,
        0.2375914603471756,
        0.39389893412590027,
        0.22262954711914062,
        0.1747310757637024,
        0.195608988404274,
        0.26263028383255005,
        0.40853404998779297,
        0.40866321325302124,
        0.3554922342300415,
        0.7138562798500061,
        0.7508108615875244,
        0.7309557795524597,
        0.575825572013855,
        0.3050232529640198
    ],
    "val_auc": [
        0.8687499999999999,
        0.9083333333333334,
        0.8875,
        0.8958333333333334,
        0.925,
        0.8854166666666666,
        0.9083333333333333,
        0.9312500000000001,
        0.94375,
        0.9708333333333333,
        0.9541666666666667,
        0.9583333333333334,
        0.9729166666666667,
        0.9750000000000001,
        0.9875,
        0.9916666666666667,
        0.9541666666666666,
        0.9416666666666667,
        0.9270833333333334,
        0.9333333333333333,
        0.93125,
        0.8895833333333334,
        0.9249999999999999,
        0.9416666666666668,
        0.9458333333333334
    ],
    "val_accuracy": [
        0.391304347826087,
        0.782608695652174,
        0.6521739130434783,
        0.8478260869565217,
        0.8043478260869565,
        0.6956521739130435,
        0.7391304347826086,
        0.8260869565217391,
        0.8478260869565217,
        0.7608695652173914,
        0.8913043478260869,
        0.9130434782608695,
        0.8043478260869565,
        0.8913043478260869,
        0.9347826086956522,
        0.9347826086956522,
        0.9347826086956522,
        0.8695652173913043,
        0.8695652173913043,
        0.8913043478260869,
        0.8260869565217391,
        0.8478260869565217,
        0.782608695652174,
        0.8260869565217391,
        0.8695652173913043
    ],
    "val_precision": [
        0.36363636363636365,
        0.6363636363636364,
        0.5,
        0.8461538461538461,
        0.6521739130434783,
        1.0,
        0.5833333333333334,
        0.9,
        1.0,
        0.5925925925925926,
        1.0,
        1.0,
        0.6521739130434783,
        0.9230769230769231,
        0.8823529411764706,
        0.8823529411764706,
        1.0,
        1.0,
        1.0,
        1.0,
        0.6818181818181818,
        1.0,
        0.65,
        1.0,
        1.0
    ],
    "val_recall": [
        1.0,
        0.875,
        0.9375,
        0.6875,
        0.9375,
        0.125,
        0.875,
        0.5625,
        0.5625,
        1.0,
        0.6875,
        0.75,
        0.9375,
        0.75,
        0.9375,
        0.9375,
        0.8125,
        0.625,
        0.625,
        0.6875,
        0.9375,
        0.5625,
        0.8125,
        0.5,
        0.625
    ],
    "val_f1_score": [
        0.5333333333333333,
        0.7368421052631579,
        0.6521739130434783,
        0.7586206896551724,
        0.7692307692307693,
        0.2222222222222222,
        0.7,
        0.6923076923076923,
        0.72,
        0.7441860465116279,
        0.8148148148148148,
        0.8571428571428571,
        0.7692307692307693,
        0.8275862068965517,
        0.9090909090909091,
        0.9090909090909091,
        0.896551724137931,
        0.7692307692307693,
        0.7692307692307693,
        0.8148148148148148,
        0.7894736842105263,
        0.72,
        0.7222222222222222,
        0.6666666666666666,
        0.7692307692307693
    ]
}