{
    "best_hyperparameters": {
        "hidden_size": 96,
        "num_layers": 2,
        "bidirectional": false,
        "lr": 0.0017842428517495677,
        "weight_decay": 0.00011619688069166313,
        "batch_size": 64,
        "dropout_fc": 0.2110743156913436
    },
    "best_validation_loss": 0.22524254024028778,
    "best_validation_auc": 0.9526881720430107,
    "best_epoch": 8,
    "test_metrics": {
        "loss": 0.6039153337478638,
        "accuracy": 0.796875,
        "precision": 0.7727272727272727,
        "recall": 0.68,
        "f1_score": 0.723404255319149,
        "auc": 0.8205128205128205
    },
    "features_manifest": "..\\experiments\\exp_60\\results\\tables\\manifest_features.csv"
}