{
    "train_loss": [
        0.6834728419780731,
        0.5935176908969879,
        0.43101539462804794,
        0.38296058773994446,
        0.2890945225954056,
        0.24377449601888657,
        0.19419412314891815,
        0.15883328020572662,
        0.15350631438195705,
        0.09190216939896345,
        0.11908536031842232,
        0.09873381070792675,
        0.07486701337620616,
        0.09708318277262151,
        0.06183521286584437,
        0.04276957781985402,
        0.030133798951283097,
        0.02861603780183941
    ],
    "val_loss": [
        0.6452403664588928,
        0.49076053500175476,
        0.37088459730148315,
        0.2580890357494354,
        0.38044247031211853,
        0.2933642268180847,
        0.27403566241264343,
        0.22524254024028778,
        0.31289541721343994,
        0.3730388879776001,
        0.43003788590431213,
        0.5705206990242004,
        0.801713228225708,
        0.3970259726047516,
        0.31545835733413696,
        0.30832019448280334,
        0.34863850474357605,
        0.3523542284965515
    ],
    "val_auc": [
        0.8516129032258064,
        0.9204301075268817,
        0.9247311827956989,
        0.9139784946236559,
        0.9247311827956989,
        0.9419354838709677,
        0.9612903225806453,
        0.9526881720430107,
        0.9505376344086022,
        0.935483870967742,
        0.924731182795699,
        0.9010752688172043,
        0.8774193548387098,
        0.9225806451612902,
        0.9268817204301075,
        0.9376344086021506,
        0.9548387096774195,
        0.967741935483871
    ],
    "val_accuracy": [
        0.782608695652174,
        0.8043478260869565,
        0.8695652173913043,
        0.9347826086956522,
        0.8695652173913043,
        0.8913043478260869,
        0.9130434782608695,
        0.9130434782608695,
        0.8913043478260869,
        0.8913043478260869,
        0.8913043478260869,
        0.8260869565217391,
        0.782608695652174,
        0.8913043478260869,
        0.9130434782608695,
        0.8913043478260869,
        0.8913043478260869,
        0.8913043478260869
    ],
    "val_precision": [
        0.6470588235294118,
        1.0,
        0.8,
        1.0,
        1.0,
        0.9166666666666666,
        1.0,
        0.9230769230769231,
        0.9166666666666666,
        0.9166666666666666,
        1.0,
        0.7333333333333333,
        1.0,
        0.9166666666666666,
        1.0,
        0.9166666666666666,
        1.0,
        1.0
    ],
    "val_recall": [
        0.7333333333333333,
        0.4,
        0.8,
        0.8,
        0.6,
        0.7333333333333333,
        0.7333333333333333,
        0.8,
        0.7333333333333333,
        0.7333333333333333,
        0.6666666666666666,
        0.7333333333333333,
        0.3333333333333333,
        0.7333333333333333,
        0.7333333333333333,
        0.7333333333333333,
        0.6666666666666666,
        0.6666666666666666
    ],
    "val_f1_score": [
        0.6875,
        0.5714285714285714,
        0.8,
        0.8888888888888888,
        0.75,
        0.8148148148148148,
        0.8461538461538461,
        0.8571428571428571,
        0.8148148148148148,
        0.8148148148148148,
        0.8,
        0.7333333333333333,
        0.5,
        0.8148148148148148,
        0.8461538461538461,
        0.8148148148148148,
        0.8,
        0.8
    ]
}