{
    "labels": [
        0,
        0,
        0,
        0,
        0,
        0,
        0,
        0,
        0,
        0,
        0,
        0,
        0,
        0,
        0,
        0,
        0,
        0,
        0,
        0,
        0,
        0,
        0,
        0,
        0,
        0,
        0,
        0,
        0,
        0,
        0,
        0,
        0,
        0,
        0,
        0,
        0,
        0,
        0,
        1,
        1,
        1,
        1,
        1,
        1,
        1,
        1,
        1,
        1,
        1,
        1,
        1,
        1,
        1,
        1,
        1,
        1,
        1,
        1,
        1,
        1,
        1,
        1,
        1
    ],
    "preds": [
        1,
        1,
        0,
        0,
        0,
        0,
        0,
        0,
        0,
        0,
        0,
        1,
        0,
        0,
        0,
        0,
        0,
        0,
        0,
        0,
        0,
        0,
        0,
        0,
        0,
        0,
        0,
        0,
        0,
        0,
        0,
        0,
        1,
        0,
        0,
        0,
        1,
        0,
        0,
        1,
        1,
        1,
        1,
        1,
        1,
        0,
        0,
        0,
        0,
        0,
        1,
        1,
        1,
        1,
        1,
        1,
        1,
        0,
        0,
        1,
        1,
        0,
        1,
        1
    ],
    "probs": [
        0.9850947856903076,
        0.9742348194122314,
        0.0326005183160305,
        0.06550642102956772,
        0.09025169163942337,
        0.04275505617260933,
        0.0803525522351265,
        0.09083203226327896,
        0.050271715968847275,
        0.0423770472407341,
        0.10288862884044647,
        0.9105380773544312,
        0.08407286554574966,
        0.048265449702739716,
        0.03781554475426674,
        0.05052301287651062,
        0.039635129272937775,
        0.03252692520618439,
        0.05775904282927513,
        0.11695419251918793,
        0.08659577369689941,
        0.11997472494840622,
        0.03881799429655075,
        0.07129691541194916,
        0.095955990254879,
        0.03785282000899315,
        0.07012531906366348,
        0.049189239740371704,
        0.061569709330797195,
        0.046221114695072174,
        0.4299301505088806,
        0.07087171077728271,
        0.9007259011268616,
        0.08869955688714981,
        0.12301656603813171,
        0.042379602789878845,
        0.9753761887550354,
        0.06965245306491852,
        0.08819719403982162,
        0.7620847225189209,
        0.9609565734863281,
        0.9924357533454895,
        0.9836540818214417,
        0.9921426773071289,
        0.9859746098518372,
        0.0432245172560215,
        0.05152038112282753,
        0.08456213772296906,
        0.4033287465572357,
        0.046557411551475525,
        0.9843751788139343,
        0.9772531390190125,
        0.9868918061256409,
        0.9623520374298096,
        0.9453139305114746,
        0.9469963312149048,
        0.9905038475990295,
        0.43395334482192993,
        0.04859035089612007,
        0.9926576018333435,
        0.8404675126075745,
        0.10121961683034897,
        0.9883516430854797,
        0.9848936200141907
    ]
}