{
    "labels": [
        0,
        0,
        0,
        0,
        0,
        0,
        0,
        0,
        0,
        0,
        0,
        0,
        0,
        0,
        0,
        0,
        0,
        0,
        0,
        0,
        0,
        0,
        0,
        0,
        0,
        0,
        0,
        0,
        0,
        0,
        0,
        0,
        0,
        0,
        0,
        0,
        0,
        0,
        0,
        1,
        1,
        1,
        1,
        1,
        1,
        1,
        1,
        1,
        1,
        1,
        1,
        1,
        1,
        1,
        1,
        1,
        1,
        1,
        1,
        1,
        1,
        1,
        1,
        1
    ],
    "preds": [
        1,
        1,
        0,
        0,
        0,
        0,
        0,
        0,
        0,
        0,
        0,
        1,
        0,
        0,
        0,
        0,
        0,
        0,
        0,
        0,
        0,
        0,
        0,
        0,
        0,
        0,
        0,
        0,
        0,
        0,
        1,
        0,
        1,
        1,
        0,
        0,
        1,
        0,
        0,
        0,
        1,
        1,
        1,
        1,
        1,
        0,
        0,
        1,
        1,
        0,
        1,
        1,
        1,
        1,
        1,
        1,
        1,
        1,
        1,
        1,
        1,
        0,
        1,
        1
    ],
    "probs": [
        0.8485897779464722,
        0.9095441102981567,
        0.009041654877364635,
        0.06600598990917206,
        0.012432177551090717,
        0.016563978046178818,
        0.00950674805790186,
        0.185979425907135,
        0.034570250660181046,
        0.010159764438867569,
        0.028404269367456436,
        0.912277340888977,
        0.007623742334544659,
        0.005602061748504639,
        0.024713264778256416,
        0.019384194165468216,
        0.009882267564535141,
        0.0063079590909183025,
        0.015616005286574364,
        0.059350572526454926,
        0.007020352873951197,
        0.04124339297413826,
        0.00592609541490674,
        0.008120936341583729,
        0.010649899020791054,
        0.008195627480745316,
        0.04943128675222397,
        0.03540914133191109,
        0.013417248614132404,
        0.021232541650533676,
        0.6883078217506409,
        0.006912320386618376,
        0.933286726474762,
        0.8755404353141785,
        0.010567881166934967,
        0.008447648026049137,
        0.9082067608833313,
        0.3203398287296295,
        0.4307681620121002,
        0.19806520640850067,
        0.9915006160736084,
        0.9827653765678406,
        0.7561988830566406,
        0.9851319193840027,
        0.9914942979812622,
        0.007997347973287106,
        0.030230991542339325,
        0.8432595133781433,
        0.9894570708274841,
        0.00829741545021534,
        0.9944332242012024,
        0.7447192072868347,
        0.9838958978652954,
        0.9923852682113647,
        0.950145959854126,
        0.7987591028213501,
        0.9591381549835205,
        0.8080122470855713,
        0.9886783957481384,
        0.9747132062911987,
        0.908722996711731,
        0.011045683175325394,
        0.9742698669433594,
        0.97385174036026
    ]
}