{
    "train_loss": [
        0.6954228729009628,
        0.661756157875061,
        0.5869202613830566,
        0.5524210706353188,
        0.4630366936326027,
        0.4981265515089035,
        0.4629872664809227,
        0.3343542516231537,
        0.28488267213106155,
        0.22594155743718147,
        0.18407192081212997,
        0.1903005288913846,
        0.2039828971028328,
        0.23694352060556412,
        0.3025610186159611,
        0.18803901597857475,
        0.12960335053503513,
        0.17633425071835518,
        0.10983493737876415,
        0.10473934561014175,
        0.19903963059186935,
        0.09945130441337824,
        0.072352584451437
    ],
    "val_loss": [
        0.6863189935684204,
        0.6024396419525146,
        0.5652309656143188,
        0.5832321047782898,
        0.6516859531402588,
        0.7427973747253418,
        0.5284135937690735,
        0.5234962105751038,
        0.4694367051124573,
        0.42114630341529846,
        0.5212038159370422,
        0.6002260446548462,
        0.34716475009918213,
        0.7982141971588135,
        0.5931792259216309,
        0.868369460105896,
        0.8023790121078491,
        0.685548722743988,
        0.5853611826896667,
        0.8108694553375244,
        0.6930432915687561,
        0.7867346405982971,
        0.9985517859458923
    ],
    "val_auc": [
        0.7290322580645161,
        0.7725806451612902,
        0.7096774193548387,
        0.7596774193548387,
        0.7596774193548387,
        0.7661290322580645,
        0.8,
        0.8161290322580645,
        0.8725806451612903,
        0.8822580645161291,
        0.8725806451612903,
        0.8564516129032258,
        0.9064516129032257,
        0.8661290322580645,
        0.8806451612903226,
        0.8419354838709677,
        0.8306451612903226,
        0.8096774193548387,
        0.8435483870967743,
        0.8241935483870967,
        0.8080645161290321,
        0.8080645161290323,
        0.8112903225806452
    ],
    "val_accuracy": [
        0.6274509803921569,
        0.7058823529411765,
        0.6862745098039216,
        0.7254901960784313,
        0.6666666666666666,
        0.5882352941176471,
        0.7647058823529411,
        0.7647058823529411,
        0.803921568627451,
        0.8235294117647058,
        0.8431372549019608,
        0.8431372549019608,
        0.9019607843137255,
        0.7843137254901961,
        0.6862745098039216,
        0.7647058823529411,
        0.803921568627451,
        0.7843137254901961,
        0.803921568627451,
        0.7647058823529411,
        0.8235294117647058,
        0.7843137254901961,
        0.7647058823529411
    ],
    "val_precision": [
        0.5263157894736842,
        0.7777777777777778,
        0.5714285714285714,
        0.625,
        0.8,
        0.4838709677419355,
        0.8333333333333334,
        0.7857142857142857,
        0.8125,
        0.8666666666666667,
        1.0,
        0.8333333333333334,
        0.9411764705882353,
        1.0,
        0.5625,
        1.0,
        0.8125,
        0.9090909090909091,
        0.8125,
        0.7,
        0.9230769230769231,
        0.7647058823529411,
        0.7222222222222222
    ],
    "val_recall": [
        0.5,
        0.35,
        0.8,
        0.75,
        0.2,
        0.75,
        0.5,
        0.55,
        0.65,
        0.65,
        0.6,
        0.75,
        0.8,
        0.45,
        0.9,
        0.4,
        0.65,
        0.5,
        0.65,
        0.7,
        0.6,
        0.65,
        0.65
    ],
    "val_f1_score": [
        0.5128205128205128,
        0.4827586206896552,
        0.6666666666666666,
        0.6818181818181818,
        0.32,
        0.5882352941176471,
        0.625,
        0.6470588235294118,
        0.7222222222222222,
        0.7428571428571429,
        0.75,
        0.7894736842105263,
        0.8648648648648649,
        0.6206896551724138,
        0.6923076923076923,
        0.5714285714285714,
        0.7222222222222222,
        0.6451612903225806,
        0.7222222222222222,
        0.7,
        0.7272727272727273,
        0.7027027027027027,
        0.6842105263157895
    ]
}