{
  "source_experiment": "exp_32",
  "seed": 42,
  "num_epochs": 60,
  "patience": 10,
  "model_config": {
    "hidden_size": 96,
    "num_layers": 3,
    "bidirectional": false,
    "dropout_fc": 0.5729677977614256,
    "lr": 0.001576878475840225,
    "weight_decay": 1.5733738595136166e-05,
    "batch_size": 64,
    "input_size": 512
  },
  "original_test_metrics": {
    "loss": 0.5715140104293823,
    "accuracy": 0.734375,
    "precision": 1.0,
    "recall": 0.32,
    "f1_score": 0.48484848484848486,
    "auc": 0.801025641025641
  },
  "manifest_features": "experiments\\exp_32\\results\\tables\\manifest_features.csv"
}