{
    "labels": [
        0,
        0,
        0,
        0,
        0,
        0,
        0,
        0,
        0,
        0,
        0,
        0,
        0,
        0,
        0,
        0,
        0,
        0,
        0,
        0,
        0,
        0,
        0,
        0,
        0,
        0,
        0,
        0,
        0,
        0,
        0,
        0,
        0,
        0,
        0,
        0,
        0,
        0,
        0,
        1,
        1,
        1,
        1,
        1,
        1,
        1,
        1,
        1,
        1,
        1,
        1,
        1,
        1,
        1,
        1,
        1,
        1,
        1,
        1,
        1,
        1,
        1,
        1,
        1
    ],
    "preds": [
        1,
        1,
        0,
        0,
        0,
        0,
        0,
        0,
        0,
        0,
        0,
        1,
        0,
        0,
        1,
        0,
        0,
        0,
        0,
        0,
        0,
        1,
        0,
        0,
        0,
        0,
        0,
        0,
        0,
        0,
        1,
        0,
        1,
        0,
        0,
        0,
        1,
        1,
        0,
        1,
        1,
        1,
        1,
        1,
        1,
        0,
        0,
        1,
        1,
        0,
        1,
        1,
        1,
        1,
        1,
        1,
        1,
        1,
        1,
        1,
        1,
        0,
        1,
        1
    ],
    "probs": [
        0.9295042753219604,
        0.9803751111030579,
        0.009131736122071743,
        0.021469680592417717,
        0.08315756916999817,
        0.011223792098462582,
        0.010734645649790764,
        0.026249844580888748,
        0.028912253677845,
        0.008611316792666912,
        0.011573816649615765,
        0.9576882719993591,
        0.2896929383277893,
        0.007635216228663921,
        0.9251420497894287,
        0.02813221886754036,
        0.0077250078320503235,
        0.009445560164749622,
        0.021560924127697945,
        0.03620920702815056,
        0.0213981494307518,
        0.7941402196884155,
        0.014155447483062744,
        0.036404237151145935,
        0.024780454114079475,
        0.07209054380655289,
        0.013007725588977337,
        0.024514181539416313,
        0.015000658109784126,
        0.02363402768969536,
        0.9780731797218323,
        0.19822187721729279,
        0.9726579785346985,
        0.05165122076869011,
        0.00909409113228321,
        0.026179367676377296,
        0.9305724501609802,
        0.5397784113883972,
        0.010711509734392166,
        0.9846183657646179,
        0.9880921840667725,
        0.9912132620811462,
        0.9754365682601929,
        0.9924155473709106,
        0.99246746301651,
        0.007559373043477535,
        0.26642724871635437,
        0.9758527874946594,
        0.9841199517250061,
        0.008017373271286488,
        0.9892758131027222,
        0.8664251565933228,
        0.9898417592048645,
        0.9375694394111633,
        0.987379252910614,
        0.9740604758262634,
        0.9882360100746155,
        0.9610523581504822,
        0.9914754629135132,
        0.9903951287269592,
        0.985248863697052,
        0.034732282161712646,
        0.9910218119621277,
        0.9873928427696228
    ]
}