{
    "train_loss": [
        0.6861047148704529,
        0.633738656838735,
        0.5374185840288798,
        0.3638705511887868,
        0.2455705851316452,
        0.11460721244414647,
        0.20876569797595343,
        0.07109946881731351,
        0.05200313528378805,
        0.04800446735074123,
        0.023842833936214447,
        0.13760477056105933,
        0.08630160087098677,
        0.06593510430927078,
        0.09449359526236852,
        0.044641551872094475,
        0.03858454044287404
    ],
    "val_loss": [
        0.6912533044815063,
        0.6116405129432678,
        0.6490646004676819,
        0.508131742477417,
        0.4991092383861542,
        0.7126715183258057,
        0.40606260299682617,
        0.6845203638076782,
        0.6149566173553467,
        0.6303479075431824,
        1.1055762767791748,
        0.5768299102783203,
        0.6414956450462341,
        0.6234070658683777,
        0.8591679930686951,
        0.6068341732025146,
        0.5051484704017639
    ],
    "val_auc": [
        0.7725806451612903,
        0.7790322580645161,
        0.782258064516129,
        0.8193548387096774,
        0.8403225806451613,
        0.867741935483871,
        0.8774193548387097,
        0.8612903225806453,
        0.8451612903225807,
        0.8483870967741934,
        0.8499999999999999,
        0.8661290322580644,
        0.8483870967741937,
        0.8467741935483871,
        0.8403225806451613,
        0.867741935483871,
        0.8645161290322579
    ],
    "val_accuracy": [
        0.43137254901960786,
        0.7058823529411765,
        0.6078431372549019,
        0.7647058823529411,
        0.803921568627451,
        0.7843137254901961,
        0.8627450980392157,
        0.8235294117647058,
        0.803921568627451,
        0.803921568627451,
        0.7843137254901961,
        0.803921568627451,
        0.803921568627451,
        0.8627450980392157,
        0.7450980392156863,
        0.8823529411764706,
        0.9019607843137255
    ],
    "val_precision": [
        0.40816326530612246,
        0.6190476190476191,
        0.5,
        0.9,
        0.7272727272727273,
        1.0,
        0.8421052631578947,
        1.0,
        0.8125,
        0.75,
        1.0,
        0.75,
        0.8125,
        1.0,
        0.64,
        1.0,
        1.0
    ],
    "val_recall": [
        1.0,
        0.65,
        0.85,
        0.45,
        0.8,
        0.45,
        0.8,
        0.55,
        0.65,
        0.75,
        0.45,
        0.75,
        0.65,
        0.65,
        0.8,
        0.7,
        0.75
    ],
    "val_f1_score": [
        0.5797101449275363,
        0.6341463414634146,
        0.6296296296296297,
        0.6,
        0.7619047619047619,
        0.6206896551724138,
        0.8205128205128205,
        0.7096774193548387,
        0.7222222222222222,
        0.75,
        0.6206896551724138,
        0.75,
        0.7222222222222222,
        0.7878787878787878,
        0.7111111111111111,
        0.8235294117647058,
        0.8571428571428571
    ]
}