{
    "labels": [
        0,
        0,
        0,
        0,
        0,
        0,
        0,
        0,
        0,
        0,
        0,
        0,
        0,
        0,
        0,
        0,
        0,
        0,
        0,
        0,
        0,
        0,
        0,
        0,
        0,
        0,
        0,
        0,
        0,
        0,
        0,
        0,
        0,
        0,
        0,
        0,
        0,
        0,
        0,
        1,
        1,
        1,
        1,
        1,
        1,
        1,
        1,
        1,
        1,
        1,
        1,
        1,
        1,
        1,
        1,
        1,
        1,
        1,
        1,
        1,
        1,
        1,
        1,
        1
    ],
    "preds": [
        1,
        1,
        0,
        0,
        0,
        0,
        0,
        0,
        0,
        0,
        0,
        0,
        0,
        0,
        0,
        0,
        0,
        0,
        0,
        0,
        0,
        0,
        0,
        0,
        0,
        0,
        0,
        0,
        0,
        0,
        0,
        0,
        1,
        0,
        0,
        0,
        1,
        1,
        0,
        0,
        1,
        1,
        1,
        1,
        1,
        0,
        0,
        0,
        1,
        0,
        1,
        0,
        1,
        1,
        1,
        0,
        1,
        1,
        1,
        1,
        0,
        0,
        1,
        1
    ],
    "probs": [
        0.9940205216407776,
        0.9992225170135498,
        0.0004418177413754165,
        0.0021600513719022274,
        0.0008639070438221097,
        0.00043299206299707294,
        0.000493277155328542,
        0.009111544117331505,
        0.0030812318436801434,
        0.0005409066798165441,
        0.000785006326623261,
        0.016765080392360687,
        0.012741307727992535,
        0.0003445876354817301,
        0.06868217885494232,
        0.0010435186559334397,
        0.0013268465409055352,
        0.0006124667706899345,
        0.0010096364421769977,
        0.004557041451334953,
        0.0005187354399822652,
        0.0034447284415364265,
        0.00040873687248677015,
        0.0004998143995180726,
        0.0005031873588450253,
        0.0010546513367444277,
        0.0022286970634013414,
        0.0029254923574626446,
        0.001158171216957271,
        0.012912970967590809,
        0.003339311806485057,
        0.0008885297575034201,
        0.9943099021911621,
        0.00828547216951847,
        0.0004562409012578428,
        0.00044522774987854064,
        0.9991347193717957,
        0.911993145942688,
        0.003771953284740448,
        0.004210670478641987,
        0.9992368221282959,
        0.9994316697120667,
        0.9987630844116211,
        0.9995074272155762,
        0.999643087387085,
        0.0006669186986982822,
        0.0015548443188890815,
        0.006117412354797125,
        0.9989245533943176,
        0.0005602460005320609,
        0.9966680407524109,
        0.004491174593567848,
        0.9994447827339172,
        0.9994045495986938,
        0.9034059047698975,
        0.028812186792492867,
        0.99892657995224,
        0.9962186217308044,
        0.9991089701652527,
        0.9993922710418701,
        0.006581854075193405,
        0.0036949976347386837,
        0.9993906021118164,
        0.9988794922828674
    ]
}