{
    "train_loss": [
        0.6829787939786911,
        0.5629465356469154,
        0.3769705593585968,
        0.3667476177215576,
        0.23461559414863586,
        0.3803364783525467,
        0.2635601870715618,
        0.2054298184812069,
        0.15487842448055744,
        0.08095473796129227,
        0.09007663279771805,
        0.0725674144923687,
        0.029892807826399803,
        0.07128565246239305,
        0.029577794717624784,
        0.021919613238424063,
        0.013868069974705577,
        0.677411651937291,
        0.29460521694272757,
        0.42492350190877914,
        0.3078197278082371,
        0.17954497039318085,
        0.06457053264603019,
        0.04255757457576692,
        0.04198611923493445,
        0.12999140936881304,
        0.34082334488630295
    ],
    "val_loss": [
        0.6248859763145447,
        0.7518166899681091,
        0.3984990119934082,
        0.4390741288661957,
        0.7667101621627808,
        0.5758002400398254,
        0.4232843220233917,
        0.47304800152778625,
        0.3556338846683502,
        0.6227099895477295,
        0.5769901275634766,
        0.2778879404067993,
        0.472217321395874,
        0.5814576148986816,
        0.2862730026245117,
        0.3601630926132202,
        0.12961865961551666,
        0.24785220623016357,
        0.4090154469013214,
        0.42063307762145996,
        0.38508787751197815,
        0.29433345794677734,
        0.3247787356376648,
        0.30023902654647827,
        0.5721899271011353,
        0.7824796438217163,
        0.39288330078125
    ],
    "val_auc": [
        0.8466666666666667,
        0.8733333333333333,
        0.9044444444444445,
        0.92,
        0.9222222222222222,
        0.8999999999999999,
        0.9266666666666667,
        0.9133333333333333,
        0.9377777777777778,
        0.9555555555555556,
        0.9622222222222223,
        0.9577777777777778,
        0.9488888888888889,
        0.94,
        0.9666666666666668,
        0.9644444444444444,
        0.9888888888888889,
        0.9777777777777777,
        0.9533333333333334,
        0.9644444444444444,
        0.9400000000000001,
        0.9533333333333333,
        0.9600000000000001,
        0.9622222222222223,
        0.96,
        0.9377777777777778,
        0.9377777777777778
    ],
    "val_accuracy": [
        0.6666666666666666,
        0.6444444444444445,
        0.8222222222222222,
        0.7777777777777778,
        0.7777777777777778,
        0.7111111111111111,
        0.8222222222222222,
        0.8,
        0.8666666666666667,
        0.7777777777777778,
        0.8222222222222222,
        0.8666666666666667,
        0.8666666666666667,
        0.8444444444444444,
        0.9111111111111111,
        0.9111111111111111,
        0.9777777777777777,
        0.9111111111111111,
        0.8,
        0.8222222222222222,
        0.8,
        0.8666666666666667,
        0.8666666666666667,
        0.9333333333333333,
        0.8222222222222222,
        0.7333333333333333,
        0.7777777777777778
    ],
    "val_precision": [
        0.0,
        0.4838709677419355,
        0.7333333333333333,
        0.7777777777777778,
        1.0,
        0.5357142857142857,
        0.8888888888888888,
        0.8,
        0.7647058823529411,
        0.8571428571428571,
        1.0,
        0.7647058823529411,
        0.7647058823529411,
        0.8333333333333334,
        0.9230769230769231,
        0.9230769230769231,
        1.0,
        1.0,
        1.0,
        1.0,
        0.6363636363636364,
        1.0,
        0.9090909090909091,
        0.9285714285714286,
        1.0,
        1.0,
        0.6086956521739131
    ],
    "val_recall": [
        0.0,
        1.0,
        0.7333333333333333,
        0.4666666666666667,
        0.3333333333333333,
        1.0,
        0.5333333333333333,
        0.5333333333333333,
        0.8666666666666667,
        0.4,
        0.4666666666666667,
        0.8666666666666667,
        0.8666666666666667,
        0.6666666666666666,
        0.8,
        0.8,
        0.9333333333333333,
        0.7333333333333333,
        0.4,
        0.4666666666666667,
        0.9333333333333333,
        0.6,
        0.6666666666666666,
        0.8666666666666667,
        0.4666666666666667,
        0.2,
        0.9333333333333333
    ],
    "val_f1_score": [
        0.0,
        0.6521739130434783,
        0.7333333333333333,
        0.5833333333333334,
        0.5,
        0.6976744186046512,
        0.6666666666666666,
        0.64,
        0.8125,
        0.5454545454545454,
        0.6363636363636364,
        0.8125,
        0.8125,
        0.7407407407407407,
        0.8571428571428571,
        0.8571428571428571,
        0.9655172413793104,
        0.8461538461538461,
        0.5714285714285714,
        0.6363636363636364,
        0.7567567567567568,
        0.75,
        0.7692307692307693,
        0.896551724137931,
        0.6363636363636364,
        0.3333333333333333,
        0.7368421052631579
    ]
}