{
  "source_experiment": "exp_27",
  "seed": 42,
  "num_epochs": 60,
  "patience": 10,
  "model_config": {
    "hidden_size": 256,
    "num_layers": 2,
    "bidirectional": false,
    "dropout_fc": 0.33033356477391285,
    "lr": 0.0009882675178720021,
    "weight_decay": 7.435336529783272e-05,
    "batch_size": 64,
    "input_size": 512
  },
  "original_test_metrics": {
    "loss": 0.5155450105667114,
    "accuracy": 0.8125,
    "precision": 0.76,
    "recall": 0.76,
    "f1_score": 0.76,
    "auc": 0.8441025641025641
  },
  "manifest_features": "experiments\\exp_27\\results\\tables\\manifest_features.csv"
}