{
    "labels": [
        0,
        0,
        0,
        0,
        0,
        0,
        0,
        0,
        0,
        0,
        0,
        0,
        0,
        0,
        0,
        0,
        0,
        0,
        0,
        0,
        0,
        0,
        0,
        0,
        0,
        0,
        0,
        0,
        0,
        0,
        0,
        0,
        0,
        0,
        0,
        0,
        0,
        0,
        0,
        1,
        1,
        1,
        1,
        1,
        1,
        1,
        1,
        1,
        1,
        1,
        1,
        1,
        1,
        1,
        1,
        1,
        1,
        1,
        1,
        1,
        1,
        1,
        1,
        1
    ],
    "preds": [
        1,
        1,
        0,
        0,
        0,
        0,
        0,
        0,
        0,
        0,
        1,
        1,
        0,
        0,
        0,
        0,
        0,
        0,
        0,
        0,
        0,
        0,
        0,
        0,
        0,
        0,
        0,
        0,
        0,
        0,
        0,
        0,
        0,
        1,
        0,
        0,
        1,
        1,
        0,
        0,
        1,
        1,
        1,
        1,
        1,
        0,
        0,
        0,
        1,
        0,
        1,
        1,
        1,
        1,
        0,
        1,
        1,
        1,
        1,
        1,
        0,
        0,
        1,
        1
    ],
    "probs": [
        0.8067644834518433,
        0.7117484211921692,
        0.1038968563079834,
        0.2934114336967468,
        0.10507907718420029,
        0.18557503819465637,
        0.1129356399178505,
        0.36013028025627136,
        0.1033780500292778,
        0.10947461426258087,
        0.8637869954109192,
        0.8089566826820374,
        0.10036743432283401,
        0.12425167113542557,
        0.12402481585741043,
        0.1172773540019989,
        0.10706747323274612,
        0.10231565684080124,
        0.11192124336957932,
        0.18200576305389404,
        0.10713417828083038,
        0.12378132343292236,
        0.11127208173274994,
        0.1828290969133377,
        0.12079450488090515,
        0.11939327418804169,
        0.2763117551803589,
        0.1029728353023529,
        0.13613906502723694,
        0.3981621265411377,
        0.14468450844287872,
        0.1422089785337448,
        0.16118642687797546,
        0.5462808609008789,
        0.13168615102767944,
        0.13510894775390625,
        0.5005029439926147,
        0.7480373382568359,
        0.1594773381948471,
        0.15246067941188812,
        0.9127331376075745,
        0.8678745627403259,
        0.7921975255012512,
        0.9063140153884888,
        0.8761250376701355,
        0.11236898601055145,
        0.11353202909231186,
        0.11943718791007996,
        0.8798618316650391,
        0.10439909249544144,
        0.9163461923599243,
        0.7945564389228821,
        0.8369261622428894,
        0.8777479529380798,
        0.18658605217933655,
        0.8286780714988708,
        0.8247663378715515,
        0.7617509365081787,
        0.7294953465461731,
        0.8649569153785706,
        0.39524927735328674,
        0.1294143944978714,
        0.7853655219078064,
        0.7597923874855042
    ]
}