{
    "train_loss": [
        0.6871335655450821,
        0.6884688436985016,
        0.6815242171287537,
        0.6684171706438065,
        0.6542788743972778,
        0.6278331279754639,
        0.5918342620134354,
        0.5336132347583771,
        0.45466913282871246,
        0.37306224554777145,
        0.2813706025481224,
        0.23345358669757843,
        0.18954654410481453,
        0.13287824392318726,
        0.09917698986828327,
        0.16832107491791248,
        0.12410538084805012,
        0.09093017131090164,
        0.08177140820771456,
        0.14522713422775269,
        0.19106757827103138
    ],
    "val_loss": [
        0.6855805516242981,
        0.6821003556251526,
        0.6796793937683105,
        0.6748424172401428,
        0.6645451784133911,
        0.6511808037757874,
        0.6353198289871216,
        0.6064963936805725,
        0.589590847492218,
        0.5452088713645935,
        0.49362775683403015,
        0.5969064831733704,
        0.5934025049209595,
        0.7314172983169556,
        0.7749019861221313,
        0.9341112375259399,
        0.8554877638816833,
        0.8560108542442322,
        0.9091638922691345,
        1.0794731378555298,
        1.0230014324188232
    ],
    "val_auc": [
        0.5596774193548387,
        0.5661290322580645,
        0.6064516129032259,
        0.6387096774193548,
        0.6709677419354839,
        0.6645161290322581,
        0.6758064516129032,
        0.7080645161290323,
        0.7161290322580645,
        0.7677419354838708,
        0.7935483870967742,
        0.7258064516129031,
        0.7451612903225807,
        0.7870967741935484,
        0.7354838709677419,
        0.7612903225806452,
        0.7516129032258064,
        0.7451612903225806,
        0.7370967741935484,
        0.7451612903225807,
        0.7387096774193548
    ],
    "val_accuracy": [
        0.6078431372549019,
        0.6078431372549019,
        0.6078431372549019,
        0.6666666666666666,
        0.6666666666666666,
        0.6470588235294118,
        0.6274509803921569,
        0.6470588235294118,
        0.7254901960784313,
        0.7254901960784313,
        0.8235294117647058,
        0.7647058823529411,
        0.803921568627451,
        0.7450980392156863,
        0.7450980392156863,
        0.7254901960784313,
        0.7450980392156863,
        0.7647058823529411,
        0.7254901960784313,
        0.7058823529411765,
        0.7058823529411765
    ],
    "val_precision": [
        0.0,
        0.0,
        0.0,
        0.8,
        0.7142857142857143,
        0.625,
        0.5384615384615384,
        0.5833333333333334,
        0.8,
        0.6875,
        0.8235294117647058,
        0.8333333333333334,
        0.8125,
        0.6666666666666666,
        0.8181818181818182,
        0.65,
        0.7058823529411765,
        0.75,
        0.6875,
        0.6190476190476191,
        0.631578947368421
    ],
    "val_recall": [
        0.0,
        0.0,
        0.0,
        0.2,
        0.25,
        0.25,
        0.35,
        0.35,
        0.4,
        0.55,
        0.7,
        0.5,
        0.65,
        0.7,
        0.45,
        0.65,
        0.6,
        0.6,
        0.55,
        0.65,
        0.6
    ],
    "val_f1_score": [
        0.0,
        0.0,
        0.0,
        0.32,
        0.37037037037037035,
        0.35714285714285715,
        0.42424242424242425,
        0.4375,
        0.5333333333333333,
        0.6111111111111112,
        0.7567567567567568,
        0.625,
        0.7222222222222222,
        0.6829268292682927,
        0.5806451612903226,
        0.65,
        0.6486486486486487,
        0.6666666666666666,
        0.6111111111111112,
        0.6341463414634146,
        0.6153846153846154
    ]
}