{
    "best_hyperparameters": {
        "hidden_size": 64,
        "num_layers": 2,
        "bidirectional": false,
        "lr": 0.0005212001673649663,
        "weight_decay": 3.4421730015226784e-05,
        "batch_size": 64,
        "dropout_fc": 0.5053125294462162
    },
    "best_validation_loss": 0.49362775683403015,
    "best_validation_auc": 0.7935483870967742,
    "best_epoch": 11,
    "test_metrics": {
        "loss": 0.5189391374588013,
        "accuracy": 0.765625,
        "precision": 0.7083333333333334,
        "recall": 0.68,
        "f1_score": 0.6938775510204082,
        "auc": 0.803076923076923
    },
    "features_manifest": "..\\experiments\\exp_12\\results\\tables\\manifest_features.csv"
}