{
    "best_hyperparameters": {
        "hidden_size": 256,
        "num_layers": 1,
        "bidirectional": true,
        "lr": 0.0007380901894391266,
        "weight_decay": 0.00012172847081122418,
        "batch_size": 32,
        "dropout_fc": 0.5947547746402069
    },
    "best_validation_loss": 0.4462871178984642,
    "best_validation_auc": 0.8784119106699751,
    "best_epoch": 9,
    "test_metrics": {
        "loss": 0.33748383820056915,
        "accuracy": 0.9014084507042254,
        "precision": 0.9310344827586207,
        "recall": 0.84375,
        "f1_score": 0.8852459016393442,
        "auc": 0.9302884615384615
    },
    "features_used": "..\\experiments\\exp_12\\processed_data\\features"
}