{
    "labels": [
        0,
        0,
        0,
        0,
        0,
        0,
        0,
        0,
        0,
        0,
        0,
        0,
        0,
        0,
        0,
        0,
        0,
        0,
        0,
        0,
        0,
        0,
        0,
        0,
        0,
        0,
        0,
        0,
        0,
        0,
        0,
        0,
        0,
        0,
        0,
        0,
        0,
        0,
        0,
        1,
        1,
        1,
        1,
        1,
        1,
        1,
        1,
        1,
        1,
        1,
        1,
        1,
        1,
        1,
        1,
        1,
        1,
        1,
        1,
        1,
        1,
        1,
        1,
        1,
        1,
        1,
        1,
        1,
        1,
        1,
        1
    ],
    "preds": [
        0,
        0,
        0,
        0,
        0,
        0,
        0,
        0,
        0,
        0,
        0,
        1,
        0,
        0,
        0,
        0,
        0,
        0,
        0,
        0,
        0,
        0,
        0,
        0,
        0,
        0,
        0,
        0,
        0,
        0,
        0,
        0,
        0,
        0,
        0,
        0,
        1,
        0,
        0,
        1,
        1,
        1,
        1,
        0,
        0,
        1,
        1,
        1,
        1,
        0,
        1,
        0,
        1,
        1,
        1,
        1,
        1,
        1,
        1,
        1,
        1,
        1,
        1,
        1,
        1,
        0,
        1,
        1,
        1,
        1,
        1
    ],
    "probs": [
        0.3604903817176819,
        0.35298261046409607,
        0.057563215494155884,
        0.05970098823308945,
        0.058563344180583954,
        0.08867261558771133,
        0.05826543644070625,
        0.06611736118793488,
        0.06252264231443405,
        0.03225138783454895,
        0.2562256455421448,
        0.807593822479248,
        0.3121584355831146,
        0.011578628793358803,
        0.10600215941667557,
        0.07627875357866287,
        0.016651567071676254,
        0.01676095463335514,
        0.04614304006099701,
        0.19038116931915283,
        0.01706787757575512,
        0.13174204528331757,
        0.018980296328663826,
        0.07641636580228806,
        0.02893153764307499,
        0.04229035601019859,
        0.11598990857601166,
        0.07319752871990204,
        0.23590043187141418,
        0.03334801271557808,
        0.08804831653833389,
        0.07208118587732315,
        0.2663029432296753,
        0.3914942741394043,
        0.029971247538924217,
        0.056183263659477234,
        0.9339379072189331,
        0.09451980888843536,
        0.13452544808387756,
        0.994232714176178,
        0.97591632604599,
        0.6989449858665466,
        0.9953031539916992,
        0.21483533084392548,
        0.14107507467269897,
        0.9799050092697144,
        0.9719763398170471,
        0.9883697032928467,
        0.9794943332672119,
        0.15702420473098755,
        0.9958789348602295,
        0.02543020434677601,
        0.9684489369392395,
        0.9295022487640381,
        0.9538139700889587,
        0.9928327798843384,
        0.9479262828826904,
        0.9902239441871643,
        0.5421735048294067,
        0.9940211176872253,
        0.9279622435569763,
        0.8487057089805603,
        0.928484320640564,
        0.9109811782836914,
        0.9437903761863708,
        0.12579695880413055,
        0.9815318584442139,
        0.9288339614868164,
        0.9712113738059998,
        0.6419015526771545,
        0.9408698081970215
    ]
}