{
    "train_loss": [
        0.6865189926964896,
        0.615157459463392,
        0.5445715529578072,
        0.4450696238449642,
        0.35392954519816805,
        0.2976165456431253,
        0.24483756295272283,
        0.22840196745736258,
        0.21459288469382695,
        0.12954694777727127,
        0.07414237782359123,
        0.059965228395802636,
        0.4137622479881559,
        0.17486791844878877,
        0.14507041232926504,
        0.08378641493618488,
        0.05998114363423416,
        0.04211524448224476,
        0.02219990860404713
    ],
    "val_loss": [
        0.6736422777175903,
        0.6218045651912689,
        0.609022855758667,
        0.5696519762277603,
        0.5949603319168091,
        0.594925194978714,
        0.4839777648448944,
        0.6603233441710472,
        0.4462871178984642,
        0.56614550948143,
        0.5890999734401703,
        0.9686368703842163,
        0.7374933362007141,
        0.5858215540647507,
        0.6225017458200455,
        0.6445314288139343,
        0.49306727945804596,
        0.711918368935585,
        0.8243001997470856
    ],
    "val_auc": [
        0.7382133995037221,
        0.7357320099255583,
        0.7679900744416873,
        0.7866004962779156,
        0.8213399503722084,
        0.8337468982630273,
        0.8697270471464019,
        0.8188585607940446,
        0.8784119106699751,
        0.8610421836228288,
        0.8573200992555832,
        0.8275434243176178,
        0.8064516129032259,
        0.8337468982630273,
        0.8337468982630273,
        0.8535980148883375,
        0.8833746898263029,
        0.8598014888337469,
        0.8436724565756824
    ],
    "val_accuracy": [
        0.6491228070175439,
        0.6666666666666666,
        0.7017543859649122,
        0.7192982456140351,
        0.6842105263157895,
        0.7192982456140351,
        0.7894736842105263,
        0.7543859649122807,
        0.8070175438596491,
        0.7719298245614035,
        0.8245614035087719,
        0.7017543859649122,
        0.7017543859649122,
        0.8070175438596491,
        0.8245614035087719,
        0.8070175438596491,
        0.8070175438596491,
        0.8245614035087719,
        0.8421052631578947
    ],
    "val_precision": [
        1.0,
        0.5945945945945946,
        0.8,
        0.7272727272727273,
        0.6111111111111112,
        0.631578947368421,
        0.71875,
        0.9285714285714286,
        0.8571428571428571,
        0.782608695652174,
        0.8076923076923077,
        0.6285714285714286,
        0.6451612903225806,
        0.9411764705882353,
        0.9,
        0.8571428571428571,
        0.8260869565217391,
        0.8636363636363636,
        0.9047619047619048
    ],
    "val_recall": [
        0.23076923076923078,
        0.8461538461538461,
        0.46153846153846156,
        0.6153846153846154,
        0.8461538461538461,
        0.9230769230769231,
        0.8846153846153846,
        0.5,
        0.6923076923076923,
        0.6923076923076923,
        0.8076923076923077,
        0.8461538461538461,
        0.7692307692307693,
        0.6153846153846154,
        0.6923076923076923,
        0.6923076923076923,
        0.7307692307692307,
        0.7307692307692307,
        0.7307692307692307
    ],
    "val_f1_score": [
        0.375,
        0.6984126984126984,
        0.5853658536585366,
        0.6666666666666666,
        0.7096774193548387,
        0.75,
        0.7931034482758621,
        0.65,
        0.7659574468085106,
        0.7346938775510204,
        0.8076923076923077,
        0.7213114754098361,
        0.7017543859649122,
        0.7441860465116279,
        0.782608695652174,
        0.7659574468085106,
        0.7755102040816326,
        0.7916666666666666,
        0.8085106382978723
    ]
}