{
    "labels": [
        0,
        0,
        0,
        0,
        0,
        0,
        0,
        0,
        0,
        0,
        0,
        0,
        0,
        0,
        0,
        0,
        0,
        0,
        0,
        0,
        0,
        0,
        0,
        0,
        0,
        0,
        0,
        0,
        0,
        0,
        0,
        0,
        0,
        0,
        0,
        0,
        0,
        0,
        0,
        1,
        1,
        1,
        1,
        1,
        1,
        1,
        1,
        1,
        1,
        1,
        1,
        1,
        1,
        1,
        1,
        1,
        1,
        1,
        1,
        1,
        1,
        1,
        1,
        1
    ],
    "preds": [
        0,
        1,
        0,
        0,
        0,
        0,
        0,
        0,
        1,
        0,
        0,
        1,
        0,
        0,
        0,
        0,
        0,
        0,
        0,
        0,
        0,
        1,
        0,
        0,
        0,
        0,
        0,
        0,
        0,
        1,
        0,
        0,
        1,
        0,
        0,
        0,
        1,
        0,
        0,
        0,
        1,
        1,
        1,
        1,
        1,
        0,
        0,
        0,
        1,
        0,
        1,
        0,
        1,
        1,
        1,
        1,
        1,
        0,
        1,
        1,
        0,
        0,
        1,
        1
    ],
    "probs": [
        0.39758607745170593,
        0.8153518438339233,
        0.04044068232178688,
        0.22130745649337769,
        0.08805803954601288,
        0.17073649168014526,
        0.043411239981651306,
        0.23995181918144226,
        0.6199661493301392,
        0.08422980457544327,
        0.1003301590681076,
        0.9839295148849487,
        0.0784764513373375,
        0.04072064906358719,
        0.129177063703537,
        0.1163860335946083,
        0.047429025173187256,
        0.048623595386743546,
        0.07888107746839523,
        0.18089619278907776,
        0.040482815355062485,
        0.964792788028717,
        0.04031367599964142,
        0.05860038846731186,
        0.04722464457154274,
        0.053330518305301666,
        0.20092636346817017,
        0.1854533553123474,
        0.04892008379101753,
        0.8237751722335815,
        0.054480258375406265,
        0.07176432758569717,
        0.6251170635223389,
        0.47148630023002625,
        0.0944649800658226,
        0.045241761952638626,
        0.8387426137924194,
        0.07070320099592209,
        0.1325809508562088,
        0.14805413782596588,
        0.9876977801322937,
        0.9356809258460999,
        0.9100721478462219,
        0.9852421879768372,
        0.95379638671875,
        0.04767301306128502,
        0.04586831107735634,
        0.10530969500541687,
        0.9777185320854187,
        0.05097581446170807,
        0.9865239858627319,
        0.10757117718458176,
        0.9274960160255432,
        0.9612242579460144,
        0.9130352139472961,
        0.678062379360199,
        0.6564419865608215,
        0.20197521150112152,
        0.9814954400062561,
        0.9424817562103271,
        0.1541588306427002,
        0.2565865218639374,
        0.892078161239624,
        0.8866561651229858
    ]
}