{
    "train_loss": [
        0.6930780857801437,
        0.6902336031198502,
        0.6834669411182404,
        0.6677664816379547,
        0.6346464455127716,
        0.5805560499429703,
        0.5143941044807434,
        0.43769480288028717,
        0.36921242624521255,
        0.33206477016210556,
        0.27312251180410385,
        0.3122812621295452,
        0.32215121760964394,
        0.31539007276296616,
        0.2312382385134697,
        0.26640038937330246,
        0.26443300768733025,
        0.25708017498254776,
        0.24045587331056595,
        0.2176152616739273,
        0.17786948382854462,
        0.14909075759351254,
        0.14133727177977562,
        0.1270896065980196,
        0.20151503756642342,
        0.12139828689396381,
        0.10487816575914621,
        0.08680091705173254,
        0.09540679398924112,
        0.07572732213884592
    ],
    "val_loss": [
        0.7011762261390686,
        0.6968746781349182,
        0.6875280141830444,
        0.6706633567810059,
        0.6382279992103577,
        0.5914238691329956,
        0.5797099471092224,
        0.5032423734664917,
        0.5419255495071411,
        0.4802069664001465,
        0.6311324238777161,
        0.7733765840530396,
        0.5604596138000488,
        0.4980838894844055,
        0.4185417890548706,
        0.45567360520362854,
        0.46512022614479065,
        0.5517786741256714,
        0.34064725041389465,
        0.3221206068992615,
        0.44080430269241333,
        0.421349436044693,
        0.4678323268890381,
        0.7122715711593628,
        0.639841616153717,
        0.7013091444969177,
        0.6765505075454712,
        0.5813528299331665,
        0.4513954222202301,
        0.5543391704559326
    ],
    "val_auc": [
        0.7032258064516128,
        0.7000000000000001,
        0.7306451612903226,
        0.764516129032258,
        0.8080645161290323,
        0.8209677419354838,
        0.7838709677419355,
        0.8451612903225806,
        0.8177419354838709,
        0.8580645161290322,
        0.7919354838709678,
        0.832258064516129,
        0.8354838709677419,
        0.8580645161290321,
        0.9064516129032258,
        0.8677419354838709,
        0.879032258064516,
        0.8903225806451612,
        0.9290322580645161,
        0.9258064516129032,
        0.8983870967741936,
        0.8983870967741936,
        0.9,
        0.8193548387096774,
        0.846774193548387,
        0.8693548387096772,
        0.8274193548387097,
        0.8887096774193548,
        0.9096774193548387,
        0.885483870967742
    ],
    "val_accuracy": [
        0.39215686274509803,
        0.39215686274509803,
        0.5294117647058824,
        0.7058823529411765,
        0.7647058823529411,
        0.7843137254901961,
        0.7058823529411765,
        0.803921568627451,
        0.7450980392156863,
        0.803921568627451,
        0.7450980392156863,
        0.6666666666666666,
        0.7843137254901961,
        0.803921568627451,
        0.8431372549019608,
        0.803921568627451,
        0.803921568627451,
        0.803921568627451,
        0.8627450980392157,
        0.9019607843137255,
        0.8235294117647058,
        0.8431372549019608,
        0.8431372549019608,
        0.7647058823529411,
        0.803921568627451,
        0.7843137254901961,
        0.7843137254901961,
        0.8235294117647058,
        0.8823529411764706,
        0.8431372549019608
    ],
    "val_precision": [
        0.39215686274509803,
        0.39215686274509803,
        0.4444444444444444,
        0.6086956521739131,
        0.7857142857142857,
        0.8,
        0.8571428571428571,
        0.7777777777777778,
        0.8181818181818182,
        0.8125,
        1.0,
        0.5555555555555556,
        0.9090909090909091,
        0.9166666666666666,
        0.8,
        0.9166666666666666,
        1.0,
        0.7083333333333334,
        1.0,
        1.0,
        0.7619047619047619,
        0.9285714285714286,
        0.8,
        0.9,
        0.7777777777777778,
        0.7368421052631579,
        1.0,
        0.7894736842105263,
        0.85,
        0.875
    ],
    "val_recall": [
        1.0,
        1.0,
        0.8,
        0.7,
        0.55,
        0.6,
        0.3,
        0.7,
        0.45,
        0.65,
        0.35,
        0.75,
        0.5,
        0.55,
        0.8,
        0.55,
        0.5,
        0.85,
        0.65,
        0.75,
        0.8,
        0.65,
        0.8,
        0.45,
        0.7,
        0.7,
        0.45,
        0.75,
        0.85,
        0.7
    ],
    "val_f1_score": [
        0.5633802816901409,
        0.5633802816901409,
        0.5714285714285714,
        0.6511627906976745,
        0.6470588235294118,
        0.6857142857142857,
        0.4444444444444444,
        0.7368421052631579,
        0.5806451612903226,
        0.7222222222222222,
        0.5185185185185185,
        0.6382978723404256,
        0.6451612903225806,
        0.6875,
        0.8,
        0.6875,
        0.6666666666666666,
        0.7727272727272727,
        0.7878787878787878,
        0.8571428571428571,
        0.7804878048780488,
        0.7647058823529411,
        0.8,
        0.6,
        0.7368421052631579,
        0.717948717948718,
        0.6206896551724138,
        0.7692307692307693,
        0.85,
        0.7777777777777778
    ]
}