{
    "labels": [
        0,
        0,
        0,
        0,
        0,
        0,
        0,
        0,
        0,
        0,
        0,
        0,
        0,
        0,
        0,
        0,
        0,
        0,
        0,
        0,
        0,
        0,
        0,
        0,
        0,
        0,
        0,
        0,
        0,
        0,
        0,
        0,
        0,
        0,
        0,
        0,
        0,
        0,
        0,
        1,
        1,
        1,
        1,
        1,
        1,
        1,
        1,
        1,
        1,
        1,
        1,
        1,
        1,
        1,
        1,
        1,
        1,
        1,
        1,
        1,
        1,
        1,
        1,
        1
    ],
    "preds": [
        0,
        1,
        0,
        0,
        0,
        0,
        0,
        0,
        0,
        0,
        0,
        0,
        0,
        0,
        0,
        0,
        0,
        0,
        0,
        0,
        0,
        0,
        0,
        0,
        0,
        0,
        0,
        0,
        0,
        1,
        0,
        0,
        0,
        0,
        0,
        0,
        1,
        0,
        0,
        0,
        1,
        1,
        0,
        1,
        1,
        0,
        0,
        0,
        1,
        0,
        1,
        1,
        1,
        1,
        1,
        1,
        1,
        0,
        1,
        1,
        0,
        0,
        1,
        1
    ],
    "probs": [
        0.10555403679609299,
        0.897456169128418,
        0.028574848547577858,
        0.11877969652414322,
        0.05708364024758339,
        0.08902683109045029,
        0.026757532730698586,
        0.127154141664505,
        0.03828846663236618,
        0.055262669920921326,
        0.05705193057656288,
        0.033969227224588394,
        0.03248143941164017,
        0.027730315923690796,
        0.078526571393013,
        0.06907619535923004,
        0.031755395233631134,
        0.03274013102054596,
        0.05224527418613434,
        0.08275257796049118,
        0.03014938347041607,
        0.03424439951777458,
        0.027895763516426086,
        0.03015093319118023,
        0.02969312109053135,
        0.03168328478932381,
        0.11465778946876526,
        0.03787854686379433,
        0.028876332566142082,
        0.985913872718811,
        0.03215213492512703,
        0.041220374405384064,
        0.06178071349859238,
        0.03236367926001549,
        0.04811367392539978,
        0.02949761413037777,
        0.9271467924118042,
        0.03510824963450432,
        0.08190406113862991,
        0.0885414183139801,
        0.9977812170982361,
        0.9832466244697571,
        0.18317314982414246,
        0.9979797005653381,
        0.9879319071769714,
        0.03196669742465019,
        0.03208796679973602,
        0.07220275700092316,
        0.9977502226829529,
        0.0331902876496315,
        0.9978170394897461,
        0.7590675354003906,
        0.9762356877326965,
        0.9974998831748962,
        0.9865400195121765,
        0.9214935302734375,
        0.9857721924781799,
        0.12056749314069748,
        0.9975484013557434,
        0.9840819835662842,
        0.1473393589258194,
        0.4220232367515564,
        0.9563830494880676,
        0.9562554955482483
    ]
}