{
    "train_loss": [
        0.6932100057601929,
        0.6927275508642197,
        0.6889932602643967,
        0.679861530661583,
        0.660790428519249,
        0.6277285814285278,
        0.5881748348474503,
        0.5252901613712311,
        0.4526103138923645,
        0.38363076001405716,
        0.3479848951101303,
        0.34605593979358673,
        0.34260962903499603,
        0.2871341109275818,
        0.23931195959448814,
        0.23571402207016945,
        0.19383418560028076,
        0.2135479561984539,
        0.27572639659047127,
        0.2926500774919987,
        0.2147437073290348,
        0.19351618736982346,
        0.218257375061512,
        0.1471000351011753,
        0.18365239724516869,
        0.17075110971927643,
        0.11281822621822357,
        0.1671247947961092,
        0.11410740576684475,
        0.17983940988779068,
        0.9864755570888519,
        0.4087730869650841,
        0.3094317466020584,
        0.31006264314055443,
        0.27552685141563416,
        0.2455560825765133,
        0.22481711208820343
    ],
    "val_loss": [
        0.7062958478927612,
        0.7022454738616943,
        0.6925005316734314,
        0.6814373135566711,
        0.6614622473716736,
        0.619865357875824,
        0.5710563659667969,
        0.480916291475296,
        0.3894203007221222,
        0.32389959692955017,
        0.290184885263443,
        0.2961997091770172,
        0.30210548639297485,
        0.2561340928077698,
        0.30483508110046387,
        0.36172741651535034,
        0.26417338848114014,
        0.47289955615997314,
        0.2049456685781479,
        0.38978588581085205,
        0.18504899740219116,
        0.33994874358177185,
        0.2081414759159088,
        0.2869141399860382,
        0.21258066594600677,
        0.28771260380744934,
        0.13790054619312286,
        0.18270941078662872,
        0.5410460829734802,
        1.1534968614578247,
        0.17397843301296234,
        0.550884485244751,
        0.37098461389541626,
        0.580599308013916,
        0.369983971118927,
        0.3665390610694885,
        0.3209976255893707
    ],
    "val_auc": [
        0.7520833333333334,
        0.7604166666666666,
        0.83125,
        0.8416666666666667,
        0.8479166666666667,
        0.8666666666666667,
        0.875,
        0.9395833333333334,
        0.95,
        0.95,
        0.9375,
        0.91875,
        0.9270833333333334,
        0.9708333333333333,
        0.9395833333333334,
        0.9166666666666667,
        0.9520833333333334,
        0.8458333333333333,
        0.9541666666666667,
        0.86875,
        0.9520833333333334,
        0.8791666666666667,
        0.9729166666666667,
        0.90625,
        0.96875,
        0.9750000000000001,
        0.9770833333333334,
        0.96875,
        0.9395833333333333,
        0.8916666666666667,
        0.9875,
        0.8708333333333333,
        0.9,
        0.8666666666666667,
        0.8708333333333333,
        0.88125,
        0.9083333333333334
    ],
    "val_accuracy": [
        0.34782608695652173,
        0.34782608695652173,
        0.41304347826086957,
        0.5869565217391305,
        0.717391304347826,
        0.7608695652173914,
        0.782608695652174,
        0.8478260869565217,
        0.8913043478260869,
        0.8913043478260869,
        0.9130434782608695,
        0.9130434782608695,
        0.8913043478260869,
        0.9347826086956522,
        0.8913043478260869,
        0.8695652173913043,
        0.9565217391304348,
        0.8260869565217391,
        0.9347826086956522,
        0.8695652173913043,
        0.9565217391304348,
        0.8913043478260869,
        0.9347826086956522,
        0.9130434782608695,
        0.9347826086956522,
        0.9130434782608695,
        0.9565217391304348,
        0.9347826086956522,
        0.8260869565217391,
        0.7608695652173914,
        0.9565217391304348,
        0.8043478260869565,
        0.8695652173913043,
        0.7608695652173914,
        0.8913043478260869,
        0.8478260869565217,
        0.8913043478260869
    ],
    "val_precision": [
        0.34782608695652173,
        0.34782608695652173,
        0.37209302325581395,
        0.45161290322580644,
        0.5714285714285714,
        0.6470588235294118,
        0.875,
        0.7368421052631579,
        0.8666666666666667,
        0.9230769230769231,
        0.875,
        1.0,
        1.0,
        0.8421052631578947,
        0.9230769230769231,
        0.9166666666666666,
        0.9375,
        1.0,
        1.0,
        1.0,
        1.0,
        1.0,
        0.9333333333333333,
        1.0,
        0.9333333333333333,
        0.8333333333333334,
        0.9375,
        0.9333333333333333,
        0.6818181818181818,
        0.5925925925925926,
        0.9375,
        1.0,
        0.7777777777777778,
        0.6086956521739131,
        0.8666666666666667,
        0.8461538461538461,
        0.8235294117647058
    ],
    "val_recall": [
        1.0,
        1.0,
        1.0,
        0.875,
        0.75,
        0.6875,
        0.4375,
        0.875,
        0.8125,
        0.75,
        0.875,
        0.75,
        0.6875,
        1.0,
        0.75,
        0.6875,
        0.9375,
        0.5,
        0.8125,
        0.625,
        0.875,
        0.6875,
        0.875,
        0.75,
        0.875,
        0.9375,
        0.9375,
        0.875,
        0.9375,
        1.0,
        0.9375,
        0.4375,
        0.875,
        0.875,
        0.8125,
        0.6875,
        0.875
    ],
    "val_f1_score": [
        0.5161290322580645,
        0.5161290322580645,
        0.5423728813559322,
        0.5957446808510638,
        0.6486486486486487,
        0.6666666666666666,
        0.5833333333333334,
        0.8,
        0.8387096774193549,
        0.8275862068965517,
        0.875,
        0.8571428571428571,
        0.8148148148148148,
        0.9142857142857143,
        0.8275862068965517,
        0.7857142857142857,
        0.9375,
        0.6666666666666666,
        0.896551724137931,
        0.7692307692307693,
        0.9333333333333333,
        0.8148148148148148,
        0.9032258064516129,
        0.8571428571428571,
        0.9032258064516129,
        0.8823529411764706,
        0.9375,
        0.9032258064516129,
        0.7894736842105263,
        0.7441860465116279,
        0.9375,
        0.6086956521739131,
        0.8235294117647058,
        0.717948717948718,
        0.8387096774193549,
        0.7586206896551724,
        0.8484848484848485
    ]
}