{
    "labels": [
        0,
        0,
        0,
        0,
        0,
        0,
        0,
        0,
        0,
        0,
        0,
        0,
        0,
        0,
        0,
        0,
        0,
        0,
        0,
        0,
        0,
        0,
        0,
        0,
        0,
        0,
        0,
        0,
        0,
        0,
        0,
        0,
        0,
        0,
        0,
        0,
        0,
        0,
        0,
        1,
        1,
        1,
        1,
        1,
        1,
        1,
        1,
        1,
        1,
        1,
        1,
        1,
        1,
        1,
        1,
        1,
        1,
        1,
        1,
        1,
        1,
        1,
        1,
        1
    ],
    "preds": [
        1,
        0,
        0,
        0,
        0,
        0,
        0,
        0,
        0,
        0,
        0,
        1,
        0,
        0,
        0,
        0,
        0,
        0,
        0,
        0,
        1,
        1,
        0,
        0,
        0,
        0,
        0,
        0,
        0,
        0,
        1,
        0,
        1,
        1,
        0,
        0,
        1,
        0,
        0,
        0,
        1,
        1,
        1,
        1,
        1,
        0,
        0,
        0,
        1,
        0,
        1,
        0,
        1,
        1,
        1,
        1,
        1,
        1,
        1,
        1,
        1,
        0,
        1,
        1
    ],
    "probs": [
        0.6740845441818237,
        0.16565243899822235,
        0.030788268893957138,
        0.09790270775556564,
        0.028623227030038834,
        0.06871519237756729,
        0.030117498710751534,
        0.10667891800403595,
        0.14205439388751984,
        0.12023201584815979,
        0.024274569004774094,
        0.8409021496772766,
        0.05804341658949852,
        0.027851780876517296,
        0.46191173791885376,
        0.10029656440019608,
        0.054448604583740234,
        0.044879961758852005,
        0.20364068448543549,
        0.0713234692811966,
        0.5737151503562927,
        0.9311153292655945,
        0.03541604056954384,
        0.06596722453832626,
        0.08704865723848343,
        0.09185723215341568,
        0.1763913482427597,
        0.11067277938127518,
        0.0337890088558197,
        0.47189608216285706,
        0.9382879734039307,
        0.09133441001176834,
        0.9379885792732239,
        0.7541089057922363,
        0.02322707325220108,
        0.05332952365279198,
        0.8404244184494019,
        0.1672978401184082,
        0.06557522714138031,
        0.35484930872917175,
        0.9746415019035339,
        0.9531806111335754,
        0.9293259382247925,
        0.9755245447158813,
        0.9717578291893005,
        0.027532828971743584,
        0.03496064245700836,
        0.15815885365009308,
        0.891631007194519,
        0.22387436032295227,
        0.9779449105262756,
        0.05876490846276283,
        0.9535245299339294,
        0.8740930557250977,
        0.9294220209121704,
        0.8984844088554382,
        0.9627044200897217,
        0.9070999026298523,
        0.9460533857345581,
        0.9572836756706238,
        0.9521938562393188,
        0.14594444632530212,
        0.9334117770195007,
        0.9530024528503418
    ]
}