{
    "best_hyperparameters": {
        "hidden_size": 128,
        "num_layers": 2,
        "bidirectional": false,
        "lr": 0.001943283694176315,
        "weight_decay": 1.9332910622389222E-05,
        "batch_size": 64,
        "dropout_fc": 0.21423497348209186
    },
    "best_validation_loss": 0.3893659710884094,
    "best_validation_auc": 0.8951612903225806,
    "best_epoch": 13,
    "test_metrics": {
        "loss": 0.5664997100830078,
        "accuracy": 0.765625,
        "precision": 0.6923076923076923,
        "recall": 0.72,
        "f1_score": 0.7058823529411765,
        "auc": 0.8317948717948718
    },
    "features_manifest": "..\\experiments\\exp_21\\results\\tables\\manifest_features.csv"
}