{
    "train_loss": [
        0.6899139881134033,
        0.6488281488418579,
        0.5302481253941854,
        0.5874263346195221,
        0.5506319602330526,
        0.4060136079788208,
        0.34639477729797363,
        0.23221119741598764,
        0.5928709805011749,
        0.29202980796496075,
        0.281826376914978,
        0.3092842896779378,
        0.20840394496917725,
        0.13931173334519067,
        0.12509454290072122,
        0.08662101626396179,
        0.06905005623896916,
        0.06983809918165207,
        0.12106888275593519,
        0.01715969139089187,
        0.09304008726030588,
        0.09312216999630134,
        0.22807524353265762
    ],
    "val_loss": [
        0.7050721049308777,
        0.6723626852035522,
        0.958389163017273,
        0.6917172074317932,
        0.6507079601287842,
        0.567216694355011,
        0.6749641299247742,
        1.0261039733886719,
        0.7271736860275269,
        0.45719781517982483,
        0.4559878706932068,
        0.4143482744693756,
        0.3893659710884094,
        0.5008100271224976,
        0.49492746591567993,
        0.5754139423370361,
        0.8334394097328186,
        0.8236271739006042,
        0.8995152711868286,
        1.1334656476974487,
        1.2001981735229492,
        1.430816411972046,
        0.9731786251068115
    ],
    "val_auc": [
        0.6741935483870968,
        0.6629032258064516,
        0.6870967741935484,
        0.6403225806451613,
        0.7483870967741936,
        0.7080645161290322,
        0.7774193548387097,
        0.7064516129032258,
        0.8064516129032258,
        0.832258064516129,
        0.85,
        0.8887096774193548,
        0.8951612903225806,
        0.8919354838709677,
        0.8919354838709678,
        0.8693548387096774,
        0.8467741935483871,
        0.8451612903225807,
        0.8435483870967742,
        0.8338709677419356,
        0.8193548387096774,
        0.7854838709677419,
        0.8112903225806452
    ],
    "val_accuracy": [
        0.39215686274509803,
        0.6274509803921569,
        0.45098039215686275,
        0.6274509803921569,
        0.6274509803921569,
        0.6666666666666666,
        0.6862745098039216,
        0.6666666666666666,
        0.6862745098039216,
        0.8235294117647058,
        0.803921568627451,
        0.8627450980392157,
        0.8235294117647058,
        0.8431372549019608,
        0.8431372549019608,
        0.8235294117647058,
        0.7647058823529411,
        0.7843137254901961,
        0.803921568627451,
        0.7843137254901961,
        0.7843137254901961,
        0.6274509803921569,
        0.7058823529411765
    ],
    "val_precision": [
        0.39215686274509803,
        0.5185185185185185,
        0.4090909090909091,
        1.0,
        0.52,
        0.6153846153846154,
        0.5714285714285714,
        1.0,
        0.5769230769230769,
        0.9230769230769231,
        0.7777777777777778,
        0.9333333333333333,
        0.7619047619047619,
        0.9285714285714286,
        0.8,
        0.9230769230769231,
        0.6666666666666666,
        0.7647058823529411,
        0.7272727272727273,
        0.8461538461538461,
        1.0,
        0.5142857142857142,
        0.7777777777777778
    ],
    "val_recall": [
        1.0,
        0.7,
        0.9,
        0.05,
        0.65,
        0.4,
        0.8,
        0.15,
        0.75,
        0.6,
        0.7,
        0.7,
        0.8,
        0.65,
        0.8,
        0.6,
        0.8,
        0.65,
        0.8,
        0.55,
        0.45,
        0.9,
        0.35
    ],
    "val_f1_score": [
        0.5633802816901409,
        0.5957446808510638,
        0.5625,
        0.09523809523809523,
        0.5777777777777777,
        0.48484848484848486,
        0.6666666666666666,
        0.2608695652173913,
        0.6521739130434783,
        0.7272727272727273,
        0.7368421052631579,
        0.8,
        0.7804878048780488,
        0.7647058823529411,
        0.8,
        0.7272727272727273,
        0.7272727272727273,
        0.7027027027027027,
        0.7619047619047619,
        0.6666666666666666,
        0.6206896551724138,
        0.6545454545454545,
        0.4827586206896552
    ]
}