{
  "source_experiment": "exp_39",
  "seed": 42,
  "num_epochs": 60,
  "patience": 10,
  "model_config": {
    "hidden_size": 96,
    "num_layers": 2,
    "bidirectional": false,
    "dropout_fc": 0.3846014211353343,
    "lr": 0.0007384296963698351,
    "weight_decay": 0.00030021574865775363,
    "batch_size": 64,
    "input_size": 512
  },
  "original_test_metrics": {
    "loss": 0.5004329085350037,
    "accuracy": 0.84375,
    "precision": 0.7777777777777778,
    "recall": 0.84,
    "f1_score": 0.8076923076923077,
    "auc": 0.8830769230769231
  },
  "manifest_features": "experiments\\exp_39\\results\\tables\\manifest_features.csv"
}