{
    "labels": [
        0,
        0,
        0,
        0,
        0,
        0,
        0,
        0,
        0,
        0,
        0,
        0,
        0,
        0,
        0,
        0,
        0,
        0,
        0,
        0,
        0,
        0,
        0,
        0,
        0,
        0,
        0,
        0,
        0,
        0,
        0,
        0,
        0,
        0,
        0,
        0,
        0,
        0,
        0,
        1,
        1,
        1,
        1,
        1,
        1,
        1,
        1,
        1,
        1,
        1,
        1,
        1,
        1,
        1,
        1,
        1,
        1,
        1,
        1,
        1,
        1,
        1,
        1,
        1
    ],
    "preds": [
        1,
        1,
        0,
        0,
        0,
        0,
        0,
        0,
        0,
        0,
        1,
        1,
        0,
        0,
        0,
        0,
        0,
        0,
        0,
        0,
        0,
        0,
        0,
        0,
        0,
        1,
        0,
        0,
        0,
        0,
        0,
        0,
        0,
        1,
        0,
        1,
        0,
        1,
        0,
        0,
        1,
        1,
        1,
        1,
        1,
        0,
        0,
        0,
        1,
        0,
        1,
        1,
        1,
        1,
        1,
        1,
        1,
        1,
        1,
        1,
        1,
        0,
        1,
        1
    ],
    "probs": [
        0.9498766660690308,
        0.8019418716430664,
        0.0077506620436906815,
        0.16461536288261414,
        0.01132979802787304,
        0.040318116545677185,
        0.005995193496346474,
        0.34579411149024963,
        0.016536371782422066,
        0.009761477820575237,
        0.9591147899627686,
        0.8969978094100952,
        0.06762903928756714,
        0.0045739226043224335,
        0.03181212767958641,
        0.014781976118683815,
        0.006561954505741596,
        0.01181893888860941,
        0.008258574642241001,
        0.021064279600977898,
        0.008120658807456493,
        0.007009335793554783,
        0.006237324792891741,
        0.01598896086215973,
        0.0053628734312951565,
        0.5302481651306152,
        0.17973265051841736,
        0.017570534721016884,
        0.006248672492802143,
        0.014637737534940243,
        0.480747252702713,
        0.006922038737684488,
        0.0796111673116684,
        0.927085816860199,
        0.007752653211355209,
        0.5229413509368896,
        0.33443307876586914,
        0.6178286671638489,
        0.03704578056931496,
        0.11054311692714691,
        0.9903597831726074,
        0.9674467444419861,
        0.5752997398376465,
        0.990240216255188,
        0.9851884841918945,
        0.005806101020425558,
        0.006600887514650822,
        0.4986204504966736,
        0.8852240443229675,
        0.004568927921354771,
        0.9880807399749756,
        0.9604402184486389,
        0.9425573945045471,
        0.930334210395813,
        0.9884713888168335,
        0.7972846627235413,
        0.9802830219268799,
        0.8926835656166077,
        0.9860979318618774,
        0.9673148989677429,
        0.9291471242904663,
        0.045457903295755386,
        0.9528928399085999,
        0.9512295722961426
    ]
}