{
    "train_loss": [
        0.6902489960193634,
        0.6741032600402832,
        0.6547566056251526,
        0.6394014209508896,
        0.5975623726844788,
        0.5892961323261261,
        0.5372578650712967,
        0.4462874084711075,
        0.37172161042690277,
        0.435237567871809,
        0.5536745637655258,
        0.31110023334622383,
        0.4212047830224037,
        0.4011809229850769,
        0.3062959909439087,
        0.28229715302586555,
        0.26375817880034447,
        0.2745274677872658,
        0.15542875044047832,
        0.13120660558342934,
        0.13078988157212734,
        0.08638340467587113,
        0.06702861934900284,
        0.1274220673367381,
        0.07215735409408808,
        0.12912505585700274,
        0.15148695837706327,
        0.15850735316053033,
        0.09587190905585885,
        0.11957172676920891,
        0.05010529514402151,
        0.07729237014427781
    ],
    "val_loss": [
        0.669106662273407,
        0.660907506942749,
        0.6449812054634094,
        0.6198607087135315,
        0.5886029005050659,
        0.5362676382064819,
        0.4879230856895447,
        0.44955965876579285,
        0.4618707001209259,
        0.44931507110595703,
        0.3505854904651642,
        0.5341513156890869,
        0.4031115472316742,
        0.3668915331363678,
        0.4930747151374817,
        0.33749058842658997,
        0.42958348989486694,
        0.3721955716609955,
        0.44245845079421997,
        0.3346029222011566,
        0.3614517152309418,
        0.22715094685554504,
        0.47407400608062744,
        0.33658772706985474,
        0.5092275142669678,
        0.48876193165779114,
        0.4761583209037781,
        0.6187762022018433,
        0.600609540939331,
        0.3959204852581024,
        0.558927595615387,
        0.3106987774372101
    ],
    "val_auc": [
        0.653225806451613,
        0.6794354838709677,
        0.6975806451612904,
        0.7399193548387097,
        0.7661290322580646,
        0.8387096774193549,
        0.8649193548387096,
        0.879032258064516,
        0.8669354838709677,
        0.8669354838709677,
        0.9556451612903226,
        0.8608870967741935,
        0.9193548387096775,
        0.9314516129032258,
        0.8850806451612903,
        0.933467741935484,
        0.9112903225806451,
        0.905241935483871,
        0.8850806451612903,
        0.9254032258064516,
        0.9233870967741936,
        0.9475806451612904,
        0.9012096774193549,
        0.9314516129032259,
        0.8991935483870968,
        0.8951612903225807,
        0.8931451612903225,
        0.846774193548387,
        0.8568548387096774,
        0.903225806451613,
        0.8790322580645161,
        0.9415322580645161
    ],
    "val_accuracy": [
        0.6595744680851063,
        0.6595744680851063,
        0.6595744680851063,
        0.6595744680851063,
        0.6808510638297872,
        0.7659574468085106,
        0.8297872340425532,
        0.7872340425531915,
        0.7659574468085106,
        0.7659574468085106,
        0.851063829787234,
        0.7446808510638298,
        0.8936170212765957,
        0.8723404255319149,
        0.7872340425531915,
        0.8723404255319149,
        0.7872340425531915,
        0.8936170212765957,
        0.8297872340425532,
        0.8936170212765957,
        0.8723404255319149,
        0.9361702127659575,
        0.8297872340425532,
        0.9361702127659575,
        0.8723404255319149,
        0.8723404255319149,
        0.8723404255319149,
        0.8085106382978723,
        0.8085106382978723,
        0.851063829787234,
        0.851063829787234,
        0.8936170212765957
    ],
    "val_precision": [
        0.0,
        0.0,
        0.0,
        0.0,
        1.0,
        1.0,
        0.7857142857142857,
        0.8,
        0.6190476190476191,
        0.631578947368421,
        0.7142857142857143,
        1.0,
        0.7894736842105263,
        0.7777777777777778,
        1.0,
        0.75,
        0.875,
        0.8235294117647058,
        0.7857142857142857,
        0.8235294117647058,
        0.8571428571428571,
        0.8823529411764706,
        0.9,
        0.9333333333333333,
        0.7777777777777778,
        0.8571428571428571,
        0.7777777777777778,
        0.7058823529411765,
        0.7692307692307693,
        0.8,
        1.0,
        0.8235294117647058
    ],
    "val_recall": [
        0.0,
        0.0,
        0.0,
        0.0,
        0.0625,
        0.3125,
        0.6875,
        0.5,
        0.8125,
        0.75,
        0.9375,
        0.25,
        0.9375,
        0.875,
        0.375,
        0.9375,
        0.4375,
        0.875,
        0.6875,
        0.875,
        0.75,
        0.9375,
        0.5625,
        0.875,
        0.875,
        0.75,
        0.875,
        0.75,
        0.625,
        0.75,
        0.5625,
        0.875
    ],
    "val_f1_score": [
        0.0,
        0.0,
        0.0,
        0.0,
        0.11764705882352941,
        0.47619047619047616,
        0.7333333333333333,
        0.6153846153846154,
        0.7027027027027027,
        0.6857142857142857,
        0.8108108108108109,
        0.4,
        0.8571428571428571,
        0.8235294117647058,
        0.5454545454545454,
        0.8333333333333334,
        0.5833333333333334,
        0.8484848484848485,
        0.7333333333333333,
        0.8484848484848485,
        0.8,
        0.9090909090909091,
        0.6923076923076923,
        0.9032258064516129,
        0.8235294117647058,
        0.8,
        0.8235294117647058,
        0.7272727272727273,
        0.6896551724137931,
        0.7741935483870968,
        0.72,
        0.8484848484848485
    ]
}