{
    "labels": [
        0,
        0,
        0,
        0,
        0,
        0,
        0,
        0,
        0,
        0,
        0,
        0,
        0,
        0,
        0,
        0,
        0,
        0,
        0,
        0,
        0,
        0,
        0,
        0,
        0,
        0,
        0,
        0,
        0,
        0,
        0,
        0,
        0,
        0,
        0,
        0,
        0,
        0,
        0,
        1,
        1,
        1,
        1,
        1,
        1,
        1,
        1,
        1,
        1,
        1,
        1,
        1,
        1,
        1,
        1,
        1,
        1,
        1,
        1,
        1,
        1,
        1,
        1,
        1
    ],
    "preds": [
        1,
        1,
        0,
        0,
        0,
        0,
        0,
        0,
        0,
        0,
        0,
        0,
        0,
        0,
        0,
        0,
        0,
        0,
        0,
        0,
        0,
        0,
        0,
        0,
        0,
        0,
        0,
        0,
        0,
        1,
        1,
        0,
        1,
        0,
        0,
        0,
        1,
        0,
        0,
        0,
        1,
        1,
        0,
        1,
        1,
        0,
        0,
        0,
        1,
        0,
        1,
        0,
        1,
        1,
        1,
        1,
        0,
        1,
        1,
        1,
        0,
        0,
        1,
        1
    ],
    "probs": [
        0.9689197540283203,
        0.9683492183685303,
        0.05813722312450409,
        0.13499237596988678,
        0.07663113623857498,
        0.06502049416303635,
        0.06986480206251144,
        0.17453162372112274,
        0.06834670156240463,
        0.06118285655975342,
        0.07404287904500961,
        0.06347685307264328,
        0.09414633363485336,
        0.07471803575754166,
        0.06941433250904083,
        0.06481004506349564,
        0.06465413421392441,
        0.06036520004272461,
        0.06639262288808823,
        0.06743636727333069,
        0.0772644504904747,
        0.10411029309034348,
        0.0815354436635971,
        0.08270728588104248,
        0.17009058594703674,
        0.06983495503664017,
        0.08298838138580322,
        0.0699162408709526,
        0.07756498456001282,
        0.966151237487793,
        0.5131350755691528,
        0.06472592055797577,
        0.9158204793930054,
        0.06866543740034103,
        0.0710006132721901,
        0.05921998992562294,
        0.9678502678871155,
        0.09976942092180252,
        0.06380820274353027,
        0.20761069655418396,
        0.9694264531135559,
        0.970219075679779,
        0.3586331307888031,
        0.973823606967926,
        0.9757104516029358,
        0.06207875534892082,
        0.1106182336807251,
        0.06240679696202278,
        0.9646270275115967,
        0.06191667541861534,
        0.7767387628555298,
        0.15339545905590057,
        0.9694669842720032,
        0.7964979410171509,
        0.6306399703025818,
        0.959908664226532,
        0.08266332745552063,
        0.9693343639373779,
        0.9698570370674133,
        0.9680899977684021,
        0.08412759006023407,
        0.08981962502002716,
        0.9696094393730164,
        0.8245003819465637
    ]
}