{
    "train_loss": [
        0.6924415230751038,
        0.683347225189209,
        0.675334632396698,
        0.6540681719779968,
        0.6344067851702372,
        0.5893494884173075,
        0.5521372358004252,
        0.49901674191157025,
        0.4351158340771993,
        0.35534511009852093,
        0.2855886419614156,
        0.24638340373833975,
        0.23176386455694833,
        0.1813759704430898,
        0.1468669349948565,
        0.15405932317177454,
        0.21153687437375387,
        0.10125381499528885,
        0.13297886898120245,
        0.1219607616464297,
        0.06359319885571797,
        0.05829140543937683,
        0.04908637019495169,
        0.044985647002855934
    ],
    "val_loss": [
        0.6877503991127014,
        0.6826915740966797,
        0.6780291199684143,
        0.6621947884559631,
        0.6389796137809753,
        0.6307545900344849,
        0.5873338580131531,
        0.5470539927482605,
        0.5499461889266968,
        0.47706836462020874,
        0.4581173062324524,
        0.37364479899406433,
        0.3394155502319336,
        0.31766560673713684,
        0.7182996869087219,
        0.47612348198890686,
        0.6672308444976807,
        0.571499764919281,
        0.43991804122924805,
        0.48169881105422974,
        0.4675931930541992,
        0.484042763710022,
        0.41012871265411377,
        0.40899568796157837
    ],
    "val_auc": [
        0.7080645161290323,
        0.7225806451612903,
        0.7419354838709676,
        0.7467741935483873,
        0.7645161290322581,
        0.7580645161290323,
        0.7693548387096775,
        0.7838709677419354,
        0.7983870967741936,
        0.8129032258064516,
        0.8370967741935483,
        0.8499999999999999,
        0.8661290322580644,
        0.8693548387096774,
        0.8596774193548387,
        0.8774193548387097,
        0.8596774193548388,
        0.8693548387096774,
        0.8548387096774194,
        0.8338709677419355,
        0.8629032258064516,
        0.867741935483871,
        0.8564516129032259,
        0.8548387096774194
    ],
    "val_accuracy": [
        0.7254901960784313,
        0.6862745098039216,
        0.7058823529411765,
        0.6862745098039216,
        0.7254901960784313,
        0.6862745098039216,
        0.6862745098039216,
        0.7450980392156863,
        0.7058823529411765,
        0.7647058823529411,
        0.7843137254901961,
        0.8823529411764706,
        0.8823529411764706,
        0.8823529411764706,
        0.7647058823529411,
        0.8235294117647058,
        0.7647058823529411,
        0.7647058823529411,
        0.8431372549019608,
        0.803921568627451,
        0.8431372549019608,
        0.8431372549019608,
        0.8431372549019608,
        0.8627450980392157
    ],
    "val_precision": [
        1.0,
        0.6666666666666666,
        0.6086956521739131,
        0.6,
        0.6666666666666666,
        0.5909090909090909,
        0.6111111111111112,
        0.7333333333333333,
        0.6,
        0.7857142857142857,
        0.7142857142857143,
        0.9375,
        0.9375,
        0.9375,
        0.6666666666666666,
        1.0,
        0.6666666666666666,
        1.0,
        0.875,
        0.7777777777777778,
        0.9285714285714286,
        1.0,
        0.9285714285714286,
        0.8823529411764706
    ],
    "val_recall": [
        0.3,
        0.4,
        0.7,
        0.6,
        0.6,
        0.65,
        0.55,
        0.55,
        0.75,
        0.55,
        0.75,
        0.75,
        0.75,
        0.75,
        0.8,
        0.55,
        0.8,
        0.4,
        0.7,
        0.7,
        0.65,
        0.6,
        0.65,
        0.75
    ],
    "val_f1_score": [
        0.46153846153846156,
        0.5,
        0.6511627906976745,
        0.6,
        0.631578947368421,
        0.6190476190476191,
        0.5789473684210527,
        0.6285714285714286,
        0.6666666666666666,
        0.6470588235294118,
        0.7317073170731707,
        0.8333333333333334,
        0.8333333333333334,
        0.8333333333333334,
        0.7272727272727273,
        0.7096774193548387,
        0.7272727272727273,
        0.5714285714285714,
        0.7777777777777778,
        0.7368421052631579,
        0.7647058823529411,
        0.75,
        0.7647058823529411,
        0.8108108108108109
    ]
}