{
  "source_experiment": "exp_13",
  "seed": 42,
  "num_epochs": 60,
  "patience": 10,
  "model_config": {
    "hidden_size": 64,
    "num_layers": 3,
    "bidirectional": false,
    "dropout_fc": 0.49146714545806874,
    "lr": 0.0006130482922375508,
    "weight_decay": 0.00048396951520990377,
    "batch_size": 64,
    "input_size": 512
  },
  "original_test_metrics": {
    "loss": 0.7819197177886963,
    "accuracy": 0.765625,
    "precision": 0.7083333333333334,
    "recall": 0.68,
    "f1_score": 0.6938775510204082,
    "auc": 0.7907692307692308
  },
  "manifest_features": "experiments\\exp_13\\results\\tables\\manifest_features.csv"
}