{
    "best_hyperparameters": {
        "hidden_size": 192,
        "num_layers": 2,
        "bidirectional": true,
        "lr": 0.0009031087014558347,
        "weight_decay": 0.0005665033272450019,
        "batch_size": 64,
        "dropout_fc": 0.319437202020895
    },
    "best_validation_loss": 0.21207669377326965,
    "best_validation_auc": 0.9719827586206896,
    "best_epoch": 10,
    "test_metrics": {
        "loss": 0.7361528873443604,
        "accuracy": 0.765625,
        "precision": 0.6923076923076923,
        "recall": 0.72,
        "f1_score": 0.7058823529411765,
        "auc": 0.8071794871794872
    },
    "features_manifest": "..\\experiments\\exp_63\\results\\tables\\manifest_features.csv"
}