{
    "labels": [
        0,
        0,
        0,
        0,
        0,
        0,
        0,
        0,
        0,
        0,
        0,
        0,
        0,
        0,
        0,
        0,
        0,
        0,
        0,
        0,
        0,
        0,
        0,
        0,
        0,
        0,
        0,
        0,
        0,
        0,
        0,
        0,
        0,
        0,
        0,
        0,
        0,
        0,
        0,
        1,
        1,
        1,
        1,
        1,
        1,
        1,
        1,
        1,
        1,
        1,
        1,
        1,
        1,
        1,
        1,
        1,
        1,
        1,
        1,
        1,
        1,
        1,
        1,
        1
    ],
    "preds": [
        1,
        1,
        0,
        0,
        0,
        0,
        0,
        0,
        0,
        0,
        0,
        0,
        0,
        0,
        0,
        1,
        0,
        0,
        0,
        0,
        0,
        1,
        0,
        0,
        0,
        0,
        0,
        0,
        0,
        0,
        1,
        0,
        1,
        0,
        0,
        0,
        1,
        1,
        0,
        0,
        1,
        1,
        1,
        1,
        1,
        0,
        0,
        1,
        0,
        0,
        1,
        1,
        1,
        1,
        1,
        1,
        1,
        1,
        0,
        1,
        1,
        0,
        1,
        1
    ],
    "probs": [
        0.9772552847862244,
        0.9643686413764954,
        0.017786428332328796,
        0.014456504955887794,
        0.02930147387087345,
        0.05348197743296623,
        0.048991259187459946,
        0.028125619515776634,
        0.029485050588846207,
        0.025346292182803154,
        0.01960027776658535,
        0.46519601345062256,
        0.030120937153697014,
        0.014522210694849491,
        0.18125714361667633,
        0.7400490641593933,
        0.01191791333258152,
        0.011809035204350948,
        0.01587858237326145,
        0.025239860638976097,
        0.01762380450963974,
        0.9308155179023743,
        0.022780567407608032,
        0.08033442497253418,
        0.1748078614473343,
        0.04591656103730202,
        0.031498752534389496,
        0.027138561010360718,
        0.027474965900182724,
        0.03970111161470413,
        0.9866818189620972,
        0.44837942719459534,
        0.9363921284675598,
        0.11542613059282303,
        0.01790153607726097,
        0.013056760653853416,
        0.9251251816749573,
        0.8546577095985413,
        0.18888646364212036,
        0.35659196972846985,
        0.9795381426811218,
        0.9911795258522034,
        0.8854141235351562,
        0.9915124773979187,
        0.9949849843978882,
        0.026116520166397095,
        0.03152508661150932,
        0.8896929621696472,
        0.45205074548721313,
        0.01399620808660984,
        0.9900184869766235,
        0.8909812569618225,
        0.989954948425293,
        0.9615327715873718,
        0.6228257417678833,
        0.5658265352249146,
        0.9906043410301208,
        0.9391487240791321,
        0.0499093122780323,
        0.9919939041137695,
        0.985200047492981,
        0.020001007243990898,
        0.9935188889503479,
        0.9812419414520264
    ]
}