{
    "train_loss": [
        0.6904370983441671,
        0.6587681174278259,
        0.5779052178064982,
        0.41827793916066486,
        0.2937054733435313,
        0.1803196221590042,
        0.1681197707851728,
        0.21010924130678177,
        0.10660650581121445,
        0.06580952430764835,
        0.02551797280708949,
        0.009607874322682619,
        0.004790071863681078,
        0.002991367985183994,
        0.0015347859589383006,
        0.0010053874769558508,
        0.0007064041177121302,
        0.0005870895790091405,
        0.0005404562301312884,
        0.00038146258642276126
    ],
    "val_loss": [
        0.6714645028114319,
        0.662232518196106,
        0.4886748492717743,
        0.43214181065559387,
        0.4284968972206116,
        0.34118592739105225,
        0.646305501461029,
        0.355909138917923,
        0.2864640951156616,
        0.21207669377326965,
        0.2605077028274536,
        0.3329405188560486,
        0.3907352685928345,
        0.4292774200439453,
        0.43589431047439575,
        0.39835798740386963,
        0.38803830742836,
        0.3985888659954071,
        0.4119008779525757,
        0.4207582473754883
    ],
    "val_auc": [
        0.8685344827586207,
        0.8685344827586207,
        0.9073275862068966,
        0.9375,
        0.939655172413793,
        0.9547413793103449,
        0.9698275862068966,
        0.9375,
        0.9719827586206896,
        0.9719827586206896,
        0.9762931034482758,
        0.9676724137931034,
        0.9676724137931034,
        0.9698275862068966,
        0.9698275862068966,
        0.9719827586206897,
        0.9698275862068966,
        0.9698275862068966,
        0.9676724137931034,
        0.9676724137931034
    ],
    "val_accuracy": [
        0.7333333333333333,
        0.6222222222222222,
        0.8444444444444444,
        0.8222222222222222,
        0.8444444444444444,
        0.8666666666666667,
        0.8222222222222222,
        0.8,
        0.8888888888888888,
        0.9111111111111111,
        0.9111111111111111,
        0.9111111111111111,
        0.8666666666666667,
        0.8666666666666667,
        0.8888888888888888,
        0.9111111111111111,
        0.9111111111111111,
        0.8888888888888888,
        0.8888888888888888,
        0.8888888888888888
    ],
    "val_precision": [
        0.75,
        0.4838709677419355,
        0.8461538461538461,
        1.0,
        0.7142857142857143,
        0.8571428571428571,
        1.0,
        0.7058823529411765,
        1.0,
        0.875,
        0.9285714285714286,
        0.9285714285714286,
        0.9166666666666666,
        0.9166666666666666,
        0.9230769230769231,
        0.9285714285714286,
        0.9285714285714286,
        0.8666666666666667,
        0.8666666666666667,
        0.8666666666666667
    ],
    "val_recall": [
        0.375,
        0.9375,
        0.6875,
        0.5,
        0.9375,
        0.75,
        0.5,
        0.75,
        0.6875,
        0.875,
        0.8125,
        0.8125,
        0.6875,
        0.6875,
        0.75,
        0.8125,
        0.8125,
        0.8125,
        0.8125,
        0.8125
    ],
    "val_f1_score": [
        0.5,
        0.6382978723404256,
        0.7586206896551724,
        0.6666666666666666,
        0.8108108108108109,
        0.8,
        0.6666666666666666,
        0.7272727272727273,
        0.8148148148148148,
        0.875,
        0.8666666666666667,
        0.8666666666666667,
        0.7857142857142857,
        0.7857142857142857,
        0.8275862068965517,
        0.8666666666666667,
        0.8666666666666667,
        0.8387096774193549,
        0.8387096774193549,
        0.8387096774193549
    ]
}