{
    "labels": [
        0,
        0,
        0,
        0,
        0,
        0,
        0,
        0,
        0,
        0,
        0,
        0,
        0,
        0,
        0,
        0,
        0,
        0,
        0,
        0,
        0,
        0,
        0,
        0,
        0,
        0,
        0,
        0,
        0,
        0,
        0,
        0,
        0,
        0,
        0,
        0,
        0,
        0,
        0,
        1,
        1,
        1,
        1,
        1,
        1,
        1,
        1,
        1,
        1,
        1,
        1,
        1,
        1,
        1,
        1,
        1,
        1,
        1,
        1,
        1,
        1,
        1,
        1,
        1
    ],
    "preds": [
        1,
        1,
        0,
        0,
        0,
        0,
        0,
        0,
        0,
        0,
        0,
        0,
        0,
        0,
        0,
        0,
        0,
        0,
        0,
        0,
        0,
        0,
        0,
        0,
        0,
        0,
        0,
        0,
        0,
        0,
        0,
        0,
        1,
        0,
        0,
        0,
        1,
        0,
        0,
        0,
        1,
        1,
        1,
        1,
        1,
        0,
        0,
        1,
        1,
        0,
        1,
        1,
        1,
        1,
        1,
        1,
        1,
        1,
        1,
        1,
        1,
        0,
        1,
        1
    ],
    "probs": [
        0.9800236225128174,
        0.9689821004867554,
        0.014949619770050049,
        0.02774776704609394,
        0.012968731112778187,
        0.01116951648145914,
        0.015378158539533615,
        0.0903916135430336,
        0.016435621306300163,
        0.014328880235552788,
        0.03486621752381325,
        0.3471224904060364,
        0.02639842964708805,
        0.009759780950844288,
        0.03191404044628143,
        0.027993185445666313,
        0.013377439230680466,
        0.007962352596223354,
        0.018835121765732765,
        0.06489113718271255,
        0.008306781761348248,
        0.014300359413027763,
        0.007678478490561247,
        0.013704029843211174,
        0.013825439848005772,
        0.009559973143041134,
        0.0444975383579731,
        0.016006894409656525,
        0.010735496878623962,
        0.09373059123754501,
        0.038750652223825455,
        0.016707727685570717,
        0.5692025423049927,
        0.36265140771865845,
        0.03584151342511177,
        0.01468898169696331,
        0.7208153605461121,
        0.2098492681980133,
        0.041854627430438995,
        0.04784584790468216,
        0.9653720259666443,
        0.9953973889350891,
        0.7894435524940491,
        0.995136559009552,
        0.9966377019882202,
        0.01514691673219204,
        0.01655976101756096,
        0.6608770489692688,
        0.9944469928741455,
        0.021182384341955185,
        0.6634673476219177,
        0.9608623385429382,
        0.9941977262496948,
        0.9912864565849304,
        0.9790654182434082,
        0.9265971183776855,
        0.9889864921569824,
        0.8695567846298218,
        0.9957764744758606,
        0.9937931299209595,
        0.9830841422080994,
        0.03534446284174919,
        0.9949316382408142,
        0.9942487478256226
    ]
}