{
    "train_loss": [
        0.6586848199367523,
        0.6423633545637131,
        0.6035413593053818,
        0.49522407352924347,
        0.4298689290881157,
        0.33484258502721786,
        0.4368656575679779,
        0.31991180032491684,
        0.1820496916770935,
        0.2977929003536701,
        0.13811089098453522,
        0.13746358174830675,
        0.10961681045591831,
        0.1108536752872169,
        0.19033926352858543,
        0.2053097477182746,
        0.1633891984820366,
        0.08976043295115232,
        0.060781619511544704,
        0.041942763316910714,
        0.04068213782738894,
        0.29529891535639763,
        0.29758788412436843,
        0.16784233413636684,
        0.11893390119075775,
        0.12946790643036366,
        0.1096306461840868,
        0.12367626093327999
    ],
    "val_loss": [
        0.6682024598121643,
        0.6295493841171265,
        0.5906274318695068,
        0.5801185965538025,
        0.5864400267601013,
        0.789618730545044,
        0.5374259948730469,
        0.498664915561676,
        0.4938097596168518,
        0.4702284634113312,
        0.5358666777610779,
        0.7233319878578186,
        0.7067922353744507,
        0.6760635375976562,
        0.778082013130188,
        0.4140835404396057,
        0.43607062101364136,
        0.3805207908153534,
        0.4912753999233246,
        0.597711980342865,
        1.382601261138916,
        0.8296034336090088,
        0.6106093525886536,
        0.43372824788093567,
        0.48447704315185547,
        0.42173904180526733,
        0.4333881139755249,
        0.47222721576690674
    ],
    "val_auc": [
        0.7435483870967743,
        0.7370967741935485,
        0.7612903225806451,
        0.7645161290322581,
        0.7935483870967742,
        0.8225806451612903,
        0.8370967741935483,
        0.8354838709677419,
        0.8290322580645161,
        0.8354838709677419,
        0.8274193548387097,
        0.8354838709677419,
        0.8112903225806452,
        0.8161290322580645,
        0.8435483870967742,
        0.8612903225806452,
        0.8596774193548387,
        0.8693548387096774,
        0.8596774193548388,
        0.8596774193548388,
        0.864516129032258,
        0.867741935483871,
        0.8612903225806453,
        0.8596774193548388,
        0.8483870967741935,
        0.8500000000000001,
        0.8629032258064516,
        0.8741935483870967
    ],
    "val_accuracy": [
        0.6078431372549019,
        0.6078431372549019,
        0.7254901960784313,
        0.7450980392156863,
        0.7254901960784313,
        0.7058823529411765,
        0.7450980392156863,
        0.7843137254901961,
        0.8431372549019608,
        0.8627450980392157,
        0.8235294117647058,
        0.7843137254901961,
        0.8235294117647058,
        0.7647058823529411,
        0.7647058823529411,
        0.8823529411764706,
        0.8627450980392157,
        0.9019607843137255,
        0.8823529411764706,
        0.8823529411764706,
        0.7254901960784313,
        0.8235294117647058,
        0.7843137254901961,
        0.8823529411764706,
        0.8235294117647058,
        0.8431372549019608,
        0.8627450980392157,
        0.8235294117647058
    ],
    "val_precision": [
        0.0,
        0.0,
        0.875,
        0.7692307692307693,
        0.6153846153846154,
        1.0,
        0.6521739130434783,
        0.9090909090909091,
        0.9285714285714286,
        0.9333333333333333,
        0.7894736842105263,
        0.9090909090909091,
        0.9230769230769231,
        0.7,
        0.9,
        0.8888888888888888,
        1.0,
        0.9411764705882353,
        0.9375,
        1.0,
        0.6071428571428571,
        0.7391304347826086,
        1.0,
        0.85,
        1.0,
        0.875,
        0.9333333333333333,
        0.9230769230769231
    ],
    "val_recall": [
        0.0,
        0.0,
        0.35,
        0.5,
        0.8,
        0.25,
        0.75,
        0.5,
        0.65,
        0.7,
        0.75,
        0.5,
        0.6,
        0.7,
        0.45,
        0.8,
        0.65,
        0.8,
        0.75,
        0.7,
        0.85,
        0.85,
        0.45,
        0.85,
        0.55,
        0.7,
        0.7,
        0.6
    ],
    "val_f1_score": [
        0.0,
        0.0,
        0.5,
        0.6060606060606061,
        0.6956521739130435,
        0.4,
        0.6976744186046512,
        0.6451612903225806,
        0.7647058823529411,
        0.8,
        0.7692307692307693,
        0.6451612903225806,
        0.7272727272727273,
        0.7,
        0.6,
        0.8421052631578947,
        0.7878787878787878,
        0.8648648648648649,
        0.8333333333333334,
        0.8235294117647058,
        0.7083333333333334,
        0.7906976744186046,
        0.6206896551724138,
        0.85,
        0.7096774193548387,
        0.7777777777777778,
        0.8,
        0.7272727272727273
    ]
}