{
    "best_hyperparameters": {
        "hidden_size": 256,
        "num_layers": 2,
        "bidirectional": false,
        "lr": 0.0008458628682718841,
        "weight_decay": 0.0003005696530129186,
        "batch_size": 64,
        "dropout_fc": 0.44043529706637924
    },
    "best_validation_loss": 0.3805207908153534,
    "best_validation_auc": 0.8693548387096774,
    "best_epoch": 18,
    "test_metrics": {
        "loss": 0.49122416973114014,
        "accuracy": 0.859375,
        "precision": 0.8333333333333334,
        "recall": 0.8,
        "f1_score": 0.8163265306122449,
        "auc": 0.8923076923076924
    },
    "features_manifest": "..\\experiments\\exp_22\\results\\tables\\manifest_features.csv"
}