{
    "train_loss": [
        0.693674365679423,
        0.6516196131706238,
        0.5156830151875814,
        0.456832488377889,
        0.40942317247390747,
        0.42334965864817303,
        0.41469072302182514,
        0.34868386884530383,
        0.33432185153166455,
        0.267061581214269,
        0.20582967499891916,
        0.16714826226234436,
        0.10830725729465485,
        0.10152621194720268,
        0.17446244135499,
        0.17479766656955084,
        0.1730333094795545,
        0.16219429175059
    ],
    "val_loss": [
        0.6825636625289917,
        0.6398325562477112,
        0.6841974854469299,
        0.5554312467575073,
        0.5559155344963074,
        0.48968201875686646,
        0.45588138699531555,
        0.40016841888427734,
        0.4465697109699249,
        0.511734127998352,
        0.5509665608406067,
        0.6558446288108826,
        0.785746157169342,
        1.0594066381454468,
        1.1649878025054932,
        0.8839142322540283,
        0.9726908206939697,
        0.6502447128295898
    ],
    "val_auc": [
        0.7838709677419354,
        0.7838709677419355,
        0.8032258064516129,
        0.7709677419354839,
        0.8290322580645161,
        0.8129032258064516,
        0.8500000000000001,
        0.8806451612903226,
        0.864516129032258,
        0.8370967741935484,
        0.8354838709677419,
        0.8403225806451613,
        0.8080645161290323,
        0.8,
        0.7935483870967742,
        0.8193548387096774,
        0.8080645161290323,
        0.8516129032258064
    ],
    "val_accuracy": [
        0.7450980392156863,
        0.6274509803921569,
        0.7058823529411765,
        0.7647058823529411,
        0.7647058823529411,
        0.803921568627451,
        0.7843137254901961,
        0.803921568627451,
        0.8235294117647058,
        0.8235294117647058,
        0.803921568627451,
        0.8235294117647058,
        0.7843137254901961,
        0.7254901960784313,
        0.7254901960784313,
        0.6862745098039216,
        0.7647058823529411,
        0.7647058823529411
    ],
    "val_precision": [
        0.6521739130434783,
        0.5161290322580645,
        0.5925925925925926,
        0.8333333333333334,
        0.6818181818181818,
        0.9166666666666666,
        0.7647058823529411,
        0.75,
        0.7894736842105263,
        0.8666666666666667,
        0.75,
        0.9230769230769231,
        0.7368421052631579,
        0.65,
        0.8,
        0.5769230769230769,
        0.8333333333333334,
        0.6818181818181818
    ],
    "val_recall": [
        0.75,
        0.8,
        0.8,
        0.5,
        0.75,
        0.55,
        0.65,
        0.75,
        0.75,
        0.65,
        0.75,
        0.6,
        0.7,
        0.65,
        0.4,
        0.75,
        0.5,
        0.75
    ],
    "val_f1_score": [
        0.6976744186046512,
        0.6274509803921569,
        0.6808510638297872,
        0.625,
        0.7142857142857143,
        0.6875,
        0.7027027027027027,
        0.75,
        0.7692307692307693,
        0.7428571428571429,
        0.75,
        0.7272727272727273,
        0.717948717948718,
        0.65,
        0.5333333333333333,
        0.6521739130434783,
        0.625,
        0.7142857142857143
    ]
}