{
    "labels": [
        0,
        0,
        0,
        0,
        0,
        0,
        0,
        0,
        0,
        0,
        0,
        0,
        0,
        0,
        0,
        0,
        0,
        0,
        0,
        0,
        0,
        0,
        0,
        0,
        0,
        0,
        0,
        0,
        0,
        0,
        0,
        0,
        0,
        0,
        0,
        0,
        0,
        0,
        0,
        1,
        1,
        1,
        1,
        1,
        1,
        1,
        1,
        1,
        1,
        1,
        1,
        1,
        1,
        1,
        1,
        1,
        1,
        1,
        1,
        1,
        1,
        1,
        1,
        1
    ],
    "preds": [
        1,
        0,
        0,
        0,
        0,
        0,
        0,
        0,
        0,
        0,
        0,
        1,
        0,
        0,
        0,
        0,
        0,
        0,
        0,
        0,
        0,
        0,
        0,
        0,
        0,
        0,
        0,
        0,
        0,
        0,
        0,
        0,
        1,
        0,
        0,
        0,
        1,
        0,
        0,
        0,
        1,
        1,
        1,
        1,
        1,
        0,
        0,
        0,
        1,
        0,
        1,
        1,
        1,
        1,
        1,
        1,
        1,
        1,
        1,
        1,
        1,
        0,
        1,
        1
    ],
    "probs": [
        0.8303117156028748,
        0.4881085455417633,
        0.11028661578893661,
        0.2712358832359314,
        0.1258174479007721,
        0.2853689193725586,
        0.08637306094169617,
        0.28239408135414124,
        0.12564592063426971,
        0.13480067253112793,
        0.1362868845462799,
        0.7248513698577881,
        0.09945674240589142,
        0.11889462172985077,
        0.1891508549451828,
        0.1454160362482071,
        0.08082416653633118,
        0.09061694890260696,
        0.11447519063949585,
        0.17923031747341156,
        0.1662430614233017,
        0.3688277304172516,
        0.09018069505691528,
        0.09661082178354263,
        0.15991339087486267,
        0.1389341503381729,
        0.23334091901779175,
        0.12572501599788666,
        0.10227091610431671,
        0.10353398323059082,
        0.1777852475643158,
        0.1507905125617981,
        0.8624680042266846,
        0.2721529006958008,
        0.14530156552791595,
        0.19411326944828033,
        0.5613587498664856,
        0.341539204120636,
        0.18913410604000092,
        0.1633792519569397,
        0.9270886778831482,
        0.8812733888626099,
        0.7384229898452759,
        0.9444959759712219,
        0.9038078784942627,
        0.10447829961776733,
        0.10155922919511795,
        0.1939757913351059,
        0.8522943258285522,
        0.10047470033168793,
        0.9177166223526001,
        0.7465678453445435,
        0.8394973874092102,
        0.870651125907898,
        0.677783191204071,
        0.6024802923202515,
        0.8648339509963989,
        0.6303724050521851,
        0.7724072337150574,
        0.8898931741714478,
        0.776875913143158,
        0.19929340481758118,
        0.7762047052383423,
        0.8754199147224426
    ]
}