{
    "train_loss": [
        0.6906158526738485,
        0.673931876818339,
        0.6462226311365763,
        0.5883822441101074,
        0.5148378113905588,
        0.438492089509964,
        0.3264493942260742,
        0.2211114466190338,
        0.13988609115282694,
        0.1015393262108167,
        0.08608554551998775,
        0.07773264373342197,
        0.051236726343631744,
        0.04590868825713793,
        0.16869182884693146,
        0.3616587705910206,
        0.4459053575992584,
        0.18221094707647958,
        0.2602330694595973,
        0.14275548358758292
    ],
    "val_loss": [
        0.6683977246284485,
        0.6358413696289062,
        0.6039202213287354,
        0.5426334142684937,
        0.4557948112487793,
        0.3942888677120209,
        0.3430020213127136,
        0.2389204204082489,
        0.27466264367103577,
        0.13778136670589447,
        0.290878564119339,
        0.2730376124382019,
        0.5553286075592041,
        0.7048883438110352,
        1.5082255601882935,
        0.794174313545227,
        0.3442862331867218,
        0.8498263359069824,
        0.30694741010665894,
        0.5461728572845459
    ],
    "val_auc": [
        0.7333333333333334,
        0.8021505376344087,
        0.8666666666666667,
        0.8817204301075269,
        0.9053763440860214,
        0.9268817204301076,
        0.9290322580645162,
        0.9720430107526882,
        0.946236559139785,
        0.9827956989247313,
        0.956989247311828,
        0.9741935483870967,
        0.9333333333333333,
        0.8924731182795698,
        0.8236559139784947,
        0.9354838709677419,
        0.9376344086021505,
        0.9161290322580645,
        0.9440860215053763,
        0.896774193548387
    ],
    "val_accuracy": [
        0.6739130434782609,
        0.6739130434782609,
        0.8260869565217391,
        0.8043478260869565,
        0.8043478260869565,
        0.8478260869565217,
        0.8913043478260869,
        0.8913043478260869,
        0.9130434782608695,
        0.9565217391304348,
        0.8913043478260869,
        0.8913043478260869,
        0.8043478260869565,
        0.8695652173913043,
        0.6304347826086957,
        0.782608695652174,
        0.8695652173913043,
        0.6304347826086957,
        0.8695652173913043,
        0.8478260869565217
    ],
    "val_precision": [
        0.5,
        0.0,
        1.0,
        0.75,
        0.8,
        0.7857142857142857,
        0.7777777777777778,
        0.7777777777777778,
        0.8235294117647058,
        0.8823529411764706,
        0.7777777777777778,
        0.7777777777777778,
        0.6363636363636364,
        1.0,
        0.46875,
        1.0,
        0.8461538461538461,
        0.46875,
        0.8461538461538461,
        0.9
    ],
    "val_recall": [
        0.06666666666666667,
        0.0,
        0.4666666666666667,
        0.6,
        0.5333333333333333,
        0.7333333333333333,
        0.9333333333333333,
        0.9333333333333333,
        0.9333333333333333,
        1.0,
        0.9333333333333333,
        0.9333333333333333,
        0.9333333333333333,
        0.6,
        1.0,
        0.3333333333333333,
        0.7333333333333333,
        1.0,
        0.7333333333333333,
        0.6
    ],
    "val_f1_score": [
        0.11764705882352941,
        0.0,
        0.6363636363636364,
        0.6666666666666666,
        0.64,
        0.7586206896551724,
        0.8484848484848485,
        0.8484848484848485,
        0.875,
        0.9375,
        0.8484848484848485,
        0.8484848484848485,
        0.7567567567567568,
        0.75,
        0.6382978723404256,
        0.5,
        0.7857142857142857,
        0.6382978723404256,
        0.7857142857142857,
        0.72
    ]
}