{
    "labels": [
        0,
        0,
        0,
        0,
        0,
        0,
        0,
        0,
        0,
        0,
        0,
        0,
        0,
        0,
        0,
        0,
        0,
        0,
        0,
        0,
        0,
        0,
        0,
        0,
        0,
        0,
        0,
        0,
        0,
        0,
        0,
        0,
        0,
        0,
        0,
        0,
        0,
        0,
        0,
        1,
        1,
        1,
        1,
        1,
        1,
        1,
        1,
        1,
        1,
        1,
        1,
        1,
        1,
        1,
        1,
        1,
        1,
        1,
        1,
        1,
        1,
        1,
        1,
        1
    ],
    "preds": [
        1,
        1,
        0,
        0,
        0,
        0,
        0,
        0,
        0,
        0,
        0,
        1,
        0,
        0,
        0,
        0,
        0,
        0,
        0,
        0,
        0,
        1,
        0,
        0,
        0,
        0,
        0,
        0,
        0,
        0,
        0,
        0,
        1,
        0,
        0,
        0,
        1,
        1,
        0,
        0,
        1,
        1,
        1,
        1,
        1,
        0,
        0,
        0,
        1,
        0,
        1,
        0,
        1,
        0,
        1,
        0,
        1,
        1,
        1,
        1,
        1,
        0,
        1,
        1
    ],
    "probs": [
        0.8462675213813782,
        0.8782144784927368,
        0.0015390627086162567,
        0.025062814354896545,
        0.0019498902838677168,
        0.003502235049381852,
        0.002009020419791341,
        0.06482481211423874,
        0.004322965629398823,
        0.0029158079996705055,
        0.04655123129487038,
        0.868283212184906,
        0.0019729433115571737,
        0.0032435590401291847,
        0.003557253396138549,
        0.04565965011715889,
        0.001561830285936594,
        0.0013838486047461629,
        0.002389059867709875,
        0.0033437744714319706,
        0.004122534766793251,
        0.9612928032875061,
        0.005282130092382431,
        0.002641617553308606,
        0.004572885110974312,
        0.0021604574285447598,
        0.02241184003651142,
        0.0042179343290627,
        0.0029708759393543005,
        0.0028579155914485455,
        0.38817349076271057,
        0.007887408137321472,
        0.9738319516181946,
        0.0040571424178779125,
        0.0019699286203831434,
        0.0016014552675187588,
        0.8915404081344604,
        0.9424790143966675,
        0.0868130624294281,
        0.07491005957126617,
        0.9820605516433716,
        0.9459749460220337,
        0.8683648109436035,
        0.9829671382904053,
        0.9732449054718018,
        0.0018242630176246166,
        0.0028552019502967596,
        0.016149645671248436,
        0.9749026298522949,
        0.0019051098497584462,
        0.9827576279640198,
        0.2055339217185974,
        0.9589458703994751,
        0.09229154884815216,
        0.9601892828941345,
        0.4602178931236267,
        0.9532250165939331,
        0.8866793513298035,
        0.9774278998374939,
        0.9534627199172974,
        0.9382302761077881,
        0.0043213507160544395,
        0.9183529019355774,
        0.9542892575263977
    ]
}