{
    "best_hyperparameters": {
        "hidden_size": 96,
        "num_layers": 2,
        "bidirectional": true,
        "lr": 0.0006863397057559898,
        "weight_decay": 0.0004064871436868464,
        "batch_size": 64,
        "dropout_fc": 0.5460254353169282
    },
    "best_validation_loss": 0.13778136670589447,
    "best_validation_auc": 0.9827956989247313,
    "best_epoch": 10,
    "test_metrics": {
        "loss": 0.8593215942382812,
        "accuracy": 0.75,
        "precision": 0.6956521739130435,
        "recall": 0.64,
        "f1_score": 0.6666666666666666,
        "auc": 0.8051282051282052
    },
    "features_manifest": "..\\experiments\\exp_74\\results\\tables\\manifest_features.csv"
}