{
    "train_loss": [
        0.6968249976634979,
        0.6892675310373306,
        0.678100973367691,
        0.6245722323656082,
        0.5195445939898491,
        0.39434075355529785,
        0.5083988904953003,
        0.48806992173194885,
        0.3444715067744255,
        0.2914482206106186,
        0.23917889967560768,
        0.1965612657368183,
        0.19658816047012806,
        0.309234831482172,
        0.20009902864694595,
        0.16443435288965702,
        0.15077443234622478,
        0.10810263641178608,
        0.08376795426011086,
        0.08349526487290859,
        0.04984342772513628,
        0.08381951646879315,
        0.06727609829977155,
        0.04272625793237239,
        0.031404393492266536,
        0.022382077295333147,
        0.03190856124274433,
        0.011835312936455011
    ],
    "val_loss": [
        0.6925948858261108,
        0.6799430251121521,
        0.6551258563995361,
        0.561187744140625,
        0.5022960305213928,
        0.5847384333610535,
        0.6856063604354858,
        0.5584157109260559,
        0.5944965481758118,
        0.4192703068256378,
        0.4874926209449768,
        0.4571257531642914,
        0.626596987247467,
        0.4738845229148865,
        0.3720707297325134,
        0.3391920328140259,
        0.3281448781490326,
        0.32315582036972046,
        0.42108508944511414,
        0.42410001158714294,
        0.4383220374584198,
        0.45380163192749023,
        0.525705099105835,
        0.5530424118041992,
        0.6527777910232544,
        0.8072227835655212,
        0.529288649559021,
        0.37326908111572266
    ],
    "val_auc": [
        0.7741935483870968,
        0.8279569892473118,
        0.7978494623655914,
        0.8559139784946237,
        0.8580645161290321,
        0.8989247311827957,
        0.886021505376344,
        0.8344086021505377,
        0.8408602150537634,
        0.8838709677419354,
        0.8709677419354839,
        0.8709677419354839,
        0.9096774193548387,
        0.9268817204301074,
        0.9419354838709678,
        0.9397849462365592,
        0.9333333333333333,
        0.9290322580645163,
        0.9290322580645161,
        0.946236559139785,
        0.9440860215053763,
        0.9505376344086022,
        0.9612903225806452,
        0.9397849462365591,
        0.9118279569892473,
        0.886021505376344,
        0.9161290322580644,
        0.946236559139785
    ],
    "val_accuracy": [
        0.5869565217391305,
        0.6739130434782609,
        0.7608695652173914,
        0.8043478260869565,
        0.7608695652173914,
        0.6304347826086957,
        0.782608695652174,
        0.6956521739130435,
        0.7391304347826086,
        0.8260869565217391,
        0.8043478260869565,
        0.8478260869565217,
        0.8043478260869565,
        0.8043478260869565,
        0.8695652173913043,
        0.8913043478260869,
        0.8913043478260869,
        0.9130434782608695,
        0.8695652173913043,
        0.8695652173913043,
        0.8695652173913043,
        0.8695652173913043,
        0.8695652173913043,
        0.8695652173913043,
        0.8478260869565217,
        0.8478260869565217,
        0.8913043478260869,
        0.8913043478260869
    ],
    "val_precision": [
        0.43333333333333335,
        0.0,
        0.7,
        0.8,
        0.6111111111111112,
        0.46875,
        0.8571428571428571,
        0.52,
        0.6666666666666666,
        0.7333333333333333,
        0.8,
        0.8333333333333334,
        0.6363636363636364,
        0.8,
        0.7647058823529411,
        0.9166666666666666,
        0.9166666666666666,
        0.9230769230769231,
        0.9090909090909091,
        0.8461538461538461,
        0.8461538461538461,
        0.8461538461538461,
        0.9090909090909091,
        0.9090909090909091,
        0.8333333333333334,
        0.8333333333333334,
        0.8571428571428571,
        0.8571428571428571
    ],
    "val_recall": [
        0.8666666666666667,
        0.0,
        0.4666666666666667,
        0.5333333333333333,
        0.7333333333333333,
        1.0,
        0.4,
        0.8666666666666667,
        0.4,
        0.7333333333333333,
        0.5333333333333333,
        0.6666666666666666,
        0.9333333333333333,
        0.5333333333333333,
        0.8666666666666667,
        0.7333333333333333,
        0.7333333333333333,
        0.8,
        0.6666666666666666,
        0.7333333333333333,
        0.7333333333333333,
        0.7333333333333333,
        0.6666666666666666,
        0.6666666666666666,
        0.6666666666666666,
        0.6666666666666666,
        0.8,
        0.8
    ],
    "val_f1_score": [
        0.5777777777777777,
        0.0,
        0.56,
        0.64,
        0.6666666666666666,
        0.6382978723404256,
        0.5454545454545454,
        0.65,
        0.5,
        0.7333333333333333,
        0.64,
        0.7407407407407407,
        0.7567567567567568,
        0.64,
        0.8125,
        0.8148148148148148,
        0.8148148148148148,
        0.8571428571428571,
        0.7692307692307693,
        0.7857142857142857,
        0.7857142857142857,
        0.7857142857142857,
        0.7692307692307693,
        0.7692307692307693,
        0.7407407407407407,
        0.7407407407407407,
        0.8275862068965517,
        0.8275862068965517
    ]
}