{
    "labels": [
        0,
        0,
        0,
        0,
        0,
        0,
        0,
        0,
        0,
        0,
        0,
        0,
        0,
        0,
        0,
        0,
        0,
        0,
        0,
        0,
        0,
        0,
        0,
        0,
        0,
        0,
        0,
        0,
        0,
        0,
        0,
        0,
        0,
        0,
        0,
        0,
        0,
        0,
        0,
        1,
        1,
        1,
        1,
        1,
        1,
        1,
        1,
        1,
        1,
        1,
        1,
        1,
        1,
        1,
        1,
        1,
        1,
        1,
        1,
        1,
        1,
        1,
        1,
        1
    ],
    "preds": [
        0,
        1,
        0,
        0,
        0,
        0,
        0,
        0,
        0,
        0,
        0,
        0,
        0,
        0,
        0,
        0,
        0,
        0,
        0,
        0,
        0,
        0,
        0,
        0,
        0,
        0,
        0,
        0,
        0,
        0,
        0,
        0,
        1,
        0,
        0,
        0,
        1,
        0,
        0,
        0,
        1,
        1,
        1,
        1,
        1,
        0,
        0,
        0,
        1,
        0,
        1,
        1,
        1,
        0,
        1,
        0,
        1,
        0,
        0,
        1,
        1,
        0,
        1,
        1
    ],
    "probs": [
        0.3768518567085266,
        0.9470088481903076,
        0.009351524524390697,
        0.012687694281339645,
        0.01058132667094469,
        0.01119821984320879,
        0.00965124275535345,
        0.012641002424061298,
        0.03565390408039093,
        0.00922760833054781,
        0.011202137917280197,
        0.13539555668830872,
        0.05228261277079582,
        0.011667325161397457,
        0.09736739099025726,
        0.016516584903001785,
        0.010085872374475002,
        0.007782833185046911,
        0.010965880006551743,
        0.017566075548529625,
        0.011466775089502335,
        0.05286768078804016,
        0.008347418159246445,
        0.013327410444617271,
        0.03345969691872597,
        0.014976068399846554,
        0.016352999955415726,
        0.028723809868097305,
        0.015448134392499924,
        0.12409289181232452,
        0.0620398223400116,
        0.03701019287109375,
        0.8335139155387878,
        0.010895445011556149,
        0.028255771845579147,
        0.011816427111625671,
        0.9151772260665894,
        0.09685741364955902,
        0.08074095845222473,
        0.04445742443203926,
        0.9605125784873962,
        0.9700379967689514,
        0.9571354389190674,
        0.9680398106575012,
        0.9700062274932861,
        0.009081242606043816,
        0.021857868880033493,
        0.136220321059227,
        0.9604456424713135,
        0.00888163223862648,
        0.963124692440033,
        0.9332746863365173,
        0.9712669253349304,
        0.23537789285182953,
        0.5967680215835571,
        0.2504442632198334,
        0.9281697869300842,
        0.039006855338811874,
        0.011043814942240715,
        0.9722256660461426,
        0.7041525840759277,
        0.026358308270573616,
        0.9694812297821045,
        0.9571397304534912
    ]
}