{
  "source_experiment": "exp_40",
  "seed": 42,
  "num_epochs": 60,
  "patience": 10,
  "model_config": {
    "hidden_size": 64,
    "num_layers": 3,
    "bidirectional": false,
    "dropout_fc": 0.3642522684798423,
    "lr": 0.0011513472357853978,
    "weight_decay": 0.0001089792450902726,
    "batch_size": 64,
    "input_size": 512
  },
  "original_test_metrics": {
    "loss": 0.53807133436203,
    "accuracy": 0.765625,
    "precision": 0.6785714285714286,
    "recall": 0.76,
    "f1_score": 0.7169811320754716,
    "auc": 0.8338461538461539
  },
  "manifest_features": "experiments\\exp_40\\results\\tables\\manifest_features.csv"
}