{
    "train_loss": [
        0.6879499405622482,
        0.6464626342058182,
        0.5306812673807144,
        0.4035824090242386,
        0.3432553634047508,
        0.24481774494051933,
        0.2290028277784586,
        0.25285888463258743,
        0.1292137559503317,
        0.10671203676611185,
        0.11003913078457117,
        0.18957991432398558,
        0.28178787510842085,
        0.11924499645829201,
        0.10662521980702877,
        0.09301321301609278,
        0.06548866163939238,
        0.06824339833110571,
        0.05066316993907094,
        0.060658615082502365,
        0.0350757974665612,
        0.036511323880404234,
        0.039440411259420216,
        0.04549271101132035,
        0.03752411110326648,
        0.026915757218375802,
        0.028596453834325075,
        0.025970668939407915,
        0.024326158338226378,
        0.026756064093206078,
        0.029850236256606877,
        0.029280175338499248
    ],
    "val_loss": [
        0.6795063018798828,
        0.6167957782745361,
        0.617254376411438,
        0.571179211139679,
        0.5850661993026733,
        0.4762372374534607,
        0.7413172721862793,
        0.2844075858592987,
        0.315023273229599,
        0.5034567713737488,
        0.8457223773002625,
        0.8454762697219849,
        0.38891884684562683,
        0.3742223381996155,
        0.2402457594871521,
        0.28269460797309875,
        0.26199182868003845,
        0.39229896664619446,
        0.2639389932155609,
        0.315533310174942,
        0.5050489902496338,
        0.13124613463878632,
        0.2946683168411255,
        0.37571820616722107,
        0.5161647200584412,
        0.6651332974433899,
        0.6015444397926331,
        0.4782301187515259,
        0.4449406862258911,
        0.4969162344932556,
        0.5067596435546875,
        0.542656421661377
    ],
    "val_auc": [
        0.76875,
        0.8291666666666666,
        0.8291666666666666,
        0.8833333333333333,
        0.875,
        0.89375,
        0.8937499999999999,
        0.9500000000000001,
        0.9479166666666666,
        0.9500000000000001,
        0.9354166666666668,
        0.9708333333333333,
        0.95625,
        0.9500000000000001,
        0.9729166666666667,
        0.9729166666666667,
        0.96875,
        0.9750000000000001,
        0.9812500000000001,
        0.9770833333333334,
        0.9791666666666666,
        0.9958333333333333,
        0.9770833333333333,
        0.9562499999999999,
        0.9354166666666667,
        0.9479166666666667,
        0.9666666666666668,
        0.9625000000000001,
        0.9625000000000001,
        0.9666666666666667,
        0.9625000000000001,
        0.9583333333333333
    ],
    "val_accuracy": [
        0.6304347826086957,
        0.7391304347826086,
        0.6521739130434783,
        0.7391304347826086,
        0.717391304347826,
        0.7608695652173914,
        0.7608695652173914,
        0.8695652173913043,
        0.8478260869565217,
        0.8260869565217391,
        0.7608695652173914,
        0.7608695652173914,
        0.8478260869565217,
        0.8478260869565217,
        0.8695652173913043,
        0.8913043478260869,
        0.8913043478260869,
        0.8913043478260869,
        0.8913043478260869,
        0.9130434782608695,
        0.8695652173913043,
        0.9130434782608695,
        0.8913043478260869,
        0.8695652173913043,
        0.8478260869565217,
        0.8260869565217391,
        0.8478260869565217,
        0.8913043478260869,
        0.8695652173913043,
        0.8478260869565217,
        0.8695652173913043,
        0.8478260869565217
    ],
    "val_precision": [
        0.48,
        0.6111111111111112,
        0.5,
        0.5909090909090909,
        0.5714285714285714,
        0.6470588235294118,
        0.5925925925925926,
        0.9166666666666666,
        0.7368421052631579,
        0.6818181818181818,
        0.5925925925925926,
        1.0,
        0.6956521739130435,
        1.0,
        0.75,
        1.0,
        0.8235294117647058,
        1.0,
        0.9230769230769231,
        0.8333333333333334,
        1.0,
        1.0,
        1.0,
        0.8571428571428571,
        0.7647058823529411,
        1.0,
        1.0,
        1.0,
        0.9166666666666666,
        0.8461538461538461,
        0.8125,
        0.8
    ],
    "val_recall": [
        0.75,
        0.6875,
        0.6875,
        0.8125,
        0.75,
        0.6875,
        1.0,
        0.6875,
        0.875,
        0.9375,
        1.0,
        0.3125,
        1.0,
        0.5625,
        0.9375,
        0.6875,
        0.875,
        0.6875,
        0.75,
        0.9375,
        0.625,
        0.75,
        0.6875,
        0.75,
        0.8125,
        0.5,
        0.5625,
        0.6875,
        0.6875,
        0.6875,
        0.8125,
        0.75
    ],
    "val_f1_score": [
        0.5853658536585366,
        0.6470588235294118,
        0.5789473684210527,
        0.6842105263157895,
        0.6486486486486487,
        0.6666666666666666,
        0.7441860465116279,
        0.7857142857142857,
        0.8,
        0.7894736842105263,
        0.7441860465116279,
        0.47619047619047616,
        0.8205128205128205,
        0.72,
        0.8333333333333334,
        0.8148148148148148,
        0.8484848484848485,
        0.8148148148148148,
        0.8275862068965517,
        0.8823529411764706,
        0.7692307692307693,
        0.8571428571428571,
        0.8148148148148148,
        0.8,
        0.7878787878787878,
        0.6666666666666666,
        0.72,
        0.8148148148148148,
        0.7857142857142857,
        0.7586206896551724,
        0.8125,
        0.7741935483870968
    ]
}