{
    "labels": [
        0,
        0,
        0,
        0,
        0,
        0,
        0,
        0,
        0,
        0,
        0,
        0,
        0,
        0,
        0,
        0,
        0,
        0,
        0,
        0,
        0,
        0,
        0,
        0,
        0,
        0,
        0,
        0,
        0,
        0,
        0,
        0,
        0,
        0,
        0,
        0,
        0,
        0,
        0,
        1,
        1,
        1,
        1,
        1,
        1,
        1,
        1,
        1,
        1,
        1,
        1,
        1,
        1,
        1,
        1,
        1,
        1,
        1,
        1,
        1,
        1,
        1,
        1,
        1
    ],
    "preds": [
        1,
        1,
        0,
        0,
        0,
        0,
        0,
        0,
        0,
        0,
        0,
        0,
        0,
        0,
        0,
        0,
        0,
        0,
        0,
        0,
        0,
        0,
        0,
        0,
        0,
        0,
        0,
        0,
        0,
        0,
        0,
        0,
        1,
        0,
        0,
        0,
        1,
        0,
        0,
        0,
        1,
        1,
        1,
        1,
        1,
        0,
        0,
        1,
        1,
        0,
        1,
        1,
        1,
        1,
        0,
        1,
        1,
        1,
        1,
        1,
        1,
        0,
        1,
        1
    ],
    "probs": [
        0.8160494565963745,
        0.9988489151000977,
        0.004098367877304554,
        0.018036259338259697,
        0.00865183025598526,
        0.003610135754570365,
        0.0046583809889853,
        0.01860136166214943,
        0.012809793464839458,
        0.006587034557014704,
        0.00510031683370471,
        0.02539285644888878,
        0.007548666093498468,
        0.0035912792664021254,
        0.16630201041698456,
        0.006047147326171398,
        0.019231600686907768,
        0.004050059709697962,
        0.005577332805842161,
        0.012331406585872173,
        0.004192780703306198,
        0.0067150648683309555,
        0.00411330908536911,
        0.00380533654242754,
        0.004773912485688925,
        0.004090834874659777,
        0.005853275302797556,
        0.012357539497315884,
        0.004385731182992458,
        0.011554336175322533,
        0.00921535398811102,
        0.006967941764742136,
        0.999381422996521,
        0.37169310450553894,
        0.004851989913731813,
        0.006579656153917313,
        0.9988476037979126,
        0.008572430349886417,
        0.004647078923881054,
        0.006043261848390102,
        0.9992621541023254,
        0.9994857311248779,
        0.9980064034461975,
        0.9995077848434448,
        0.9997005462646484,
        0.004089881666004658,
        0.007770331110805273,
        0.9965742826461792,
        0.9994767308235168,
        0.004637373145669699,
        0.9990596175193787,
        0.8821784853935242,
        0.9995359182357788,
        0.9995375871658325,
        0.026860302314162254,
        0.9949411153793335,
        0.9986271858215332,
        0.9969490170478821,
        0.9995614886283875,
        0.9995352029800415,
        0.9984330534934998,
        0.0058573586866259575,
        0.9995232820510864,
        0.9991788268089294
    ]
}