{
    "train_loss": [
        0.6917419135570526,
        0.6511064767837524,
        0.5514391139149666,
        0.4883667528629303,
        0.44278764724731445,
        0.2936737947165966,
        0.30469856783747673,
        0.16760795935988426,
        0.15769367385655642,
        0.11035612598061562,
        0.12384832091629505,
        0.1137269726023078,
        0.14789132960140705,
        0.14923467114567757,
        0.10096710734069347,
        0.0726624596863985,
        0.061397152952849865,
        0.032535509672015905,
        0.01759417715948075,
        0.006906185415573418
    ],
    "val_loss": [
        0.6661818027496338,
        0.6352978944778442,
        0.6454903483390808,
        0.6272205710411072,
        0.7126563191413879,
        0.6477568745613098,
        0.5819986462593079,
        0.52834552526474,
        0.6568741202354431,
        0.4219377338886261,
        0.6163227558135986,
        0.5526347160339355,
        0.8062896132469177,
        0.8244888186454773,
        0.7526328563690186,
        0.7493383884429932,
        0.9167934656143188,
        1.0337413549423218,
        1.2297154664993286,
        1.3630309104919434
    ],
    "val_auc": [
        0.7016129032258065,
        0.7419354838709677,
        0.7661290322580645,
        0.782258064516129,
        0.8016129032258065,
        0.8064516129032258,
        0.8064516129032258,
        0.8096774193548386,
        0.8177419354838711,
        0.8693548387096774,
        0.867741935483871,
        0.8564516129032258,
        0.85,
        0.8306451612903226,
        0.8209677419354838,
        0.8225806451612903,
        0.8129032258064517,
        0.8129032258064516,
        0.8048387096774193,
        0.8
    ],
    "val_accuracy": [
        0.6078431372549019,
        0.6274509803921569,
        0.6666666666666666,
        0.6666666666666666,
        0.7843137254901961,
        0.7843137254901961,
        0.7843137254901961,
        0.8235294117647058,
        0.7843137254901961,
        0.8627450980392157,
        0.7843137254901961,
        0.8235294117647058,
        0.803921568627451,
        0.803921568627451,
        0.803921568627451,
        0.7450980392156863,
        0.7843137254901961,
        0.7647058823529411,
        0.7647058823529411,
        0.7647058823529411
    ],
    "val_precision": [
        0.0,
        1.0,
        1.0,
        0.5454545454545454,
        0.9090909090909091,
        0.8461538461538461,
        0.8461538461538461,
        1.0,
        0.8461538461538461,
        0.9333333333333333,
        1.0,
        0.8235294117647058,
        1.0,
        1.0,
        0.9166666666666666,
        0.7692307692307693,
        0.8461538461538461,
        0.7857142857142857,
        0.7857142857142857,
        0.7857142857142857
    ],
    "val_recall": [
        0.0,
        0.05,
        0.15,
        0.9,
        0.5,
        0.55,
        0.55,
        0.55,
        0.55,
        0.7,
        0.45,
        0.7,
        0.5,
        0.5,
        0.55,
        0.5,
        0.55,
        0.55,
        0.55,
        0.55
    ],
    "val_f1_score": [
        0.0,
        0.09523809523809523,
        0.2608695652173913,
        0.6792452830188679,
        0.6451612903225806,
        0.6666666666666666,
        0.6666666666666666,
        0.7096774193548387,
        0.6666666666666666,
        0.8,
        0.6206896551724138,
        0.7567567567567568,
        0.6666666666666666,
        0.6666666666666666,
        0.6875,
        0.6060606060606061,
        0.6666666666666666,
        0.6470588235294118,
        0.6470588235294118,
        0.6470588235294118
    ]
}