{
    "labels": [
        0,
        0,
        0,
        0,
        0,
        0,
        0,
        0,
        0,
        0,
        0,
        0,
        0,
        0,
        0,
        0,
        0,
        0,
        0,
        0,
        0,
        0,
        0,
        0,
        0,
        0,
        0,
        0,
        0,
        0,
        0,
        0,
        0,
        0,
        0,
        0,
        0,
        0,
        0,
        1,
        1,
        1,
        1,
        1,
        1,
        1,
        1,
        1,
        1,
        1,
        1,
        1,
        1,
        1,
        1,
        1,
        1,
        1,
        1,
        1,
        1,
        1,
        1,
        1
    ],
    "preds": [
        1,
        1,
        0,
        0,
        0,
        0,
        0,
        0,
        0,
        0,
        0,
        1,
        0,
        0,
        0,
        0,
        0,
        0,
        0,
        0,
        0,
        0,
        0,
        0,
        0,
        0,
        0,
        0,
        0,
        0,
        0,
        0,
        1,
        1,
        0,
        0,
        0,
        0,
        0,
        1,
        1,
        1,
        1,
        1,
        1,
        0,
        0,
        1,
        1,
        0,
        1,
        1,
        1,
        1,
        1,
        0,
        1,
        1,
        1,
        1,
        1,
        0,
        1,
        1
    ],
    "probs": [
        0.9334731698036194,
        0.9732232093811035,
        0.04171181470155716,
        0.0503283329308033,
        0.030228158459067345,
        0.022570079192519188,
        0.03275180608034134,
        0.022836357355117798,
        0.019903406500816345,
        0.018187716603279114,
        0.05000585690140724,
        0.9678207039833069,
        0.09383437782526016,
        0.014760859310626984,
        0.27135226130485535,
        0.031098270788788795,
        0.024703536182641983,
        0.013002125546336174,
        0.04151323065161705,
        0.02765846438705921,
        0.01837746426463127,
        0.02900335006415844,
        0.015687959268689156,
        0.029127169400453568,
        0.04062465578317642,
        0.01484641246497631,
        0.029211604967713356,
        0.020220257341861725,
        0.031959276646375656,
        0.029921753332018852,
        0.1942964792251587,
        0.03933946415781975,
        0.9931014776229858,
        0.9626691937446594,
        0.07253187149763107,
        0.06726665794849396,
        0.15010400116443634,
        0.034758277237415314,
        0.06255469471216202,
        0.9813234210014343,
        0.9953486323356628,
        0.9952538013458252,
        0.9922856092453003,
        0.9959601759910583,
        0.9962034821510315,
        0.017378229647874832,
        0.026148250326514244,
        0.5090957880020142,
        0.9839091897010803,
        0.014967958442866802,
        0.9953525066375732,
        0.9333007335662842,
        0.995841920375824,
        0.9859689474105835,
        0.995089590549469,
        0.18516094982624054,
        0.989538311958313,
        0.8764387369155884,
        0.9960834980010986,
        0.9953045845031738,
        0.986855685710907,
        0.0776200070977211,
        0.9950523972511292,
        0.9959624409675598
    ]
}