{
    "best_hyperparameters": {
        "hidden_size": 128,
        "num_layers": 2,
        "bidirectional": false,
        "lr": 0.0014776121302311528,
        "weight_decay": 0.00010931937060831293,
        "batch_size": 64,
        "dropout_fc": 0.5781319652681388
    },
    "best_validation_loss": 0.4219377338886261,
    "best_validation_auc": 0.8693548387096774,
    "best_epoch": 10,
    "test_metrics": {
        "loss": 0.5776228904724121,
        "accuracy": 0.84375,
        "precision": 0.8,
        "recall": 0.8,
        "f1_score": 0.8,
        "auc": 0.8605128205128205
    },
    "features_manifest": "..\\experiments\\exp_24\\results\\tables\\manifest_features.csv"
}