{
    "labels": [
        0,
        0,
        0,
        0,
        0,
        0,
        0,
        0,
        0,
        0,
        0,
        0,
        0,
        0,
        0,
        0,
        0,
        0,
        0,
        0,
        0,
        0,
        0,
        0,
        0,
        0,
        0,
        0,
        0,
        0,
        0,
        0,
        0,
        0,
        0,
        0,
        0,
        0,
        0,
        1,
        1,
        1,
        1,
        1,
        1,
        1,
        1,
        1,
        1,
        1,
        1,
        1,
        1,
        1,
        1,
        1,
        1,
        1,
        1,
        1,
        1,
        1,
        1,
        1
    ],
    "preds": [
        1,
        1,
        0,
        0,
        0,
        0,
        0,
        0,
        0,
        0,
        0,
        0,
        0,
        0,
        0,
        0,
        0,
        0,
        0,
        0,
        0,
        0,
        0,
        0,
        0,
        0,
        0,
        0,
        0,
        0,
        1,
        0,
        1,
        0,
        0,
        0,
        1,
        0,
        0,
        0,
        1,
        1,
        1,
        1,
        1,
        0,
        0,
        1,
        1,
        0,
        1,
        1,
        1,
        1,
        1,
        1,
        1,
        1,
        1,
        1,
        1,
        0,
        1,
        1
    ],
    "probs": [
        0.7476890683174133,
        0.8467236161231995,
        0.006570623721927404,
        0.17045138776302338,
        0.005695471540093422,
        0.029313739389181137,
        0.0029464035760611296,
        0.24791832268238068,
        0.0037772036157548428,
        0.006769266910851002,
        0.007076857145875692,
        0.198853000998497,
        0.004605885129421949,
        0.003198374528437853,
        0.02984866313636303,
        0.009175902232527733,
        0.003261446487158537,
        0.0025003214832395315,
        0.0056303394958376884,
        0.020516224205493927,
        0.0037142725195735693,
        0.022026460617780685,
        0.0032887801062315702,
        0.00896873977035284,
        0.0038039900828152895,
        0.005309275817126036,
        0.16220824420452118,
        0.0037189375143498182,
        0.008081925101578236,
        0.012230411171913147,
        0.839903712272644,
        0.09195303916931152,
        0.9019870162010193,
        0.03257346898317337,
        0.0046697212383151054,
        0.005712297745049,
        0.6565462946891785,
        0.18764279782772064,
        0.05762604624032974,
        0.10197862982749939,
        0.9872629046440125,
        0.9842235445976257,
        0.6395610570907593,
        0.9955475330352783,
        0.9937766790390015,
        0.0027573429979383945,
        0.004017435945570469,
        0.6437063217163086,
        0.9770400524139404,
        0.003995848353952169,
        0.9832313060760498,
        0.7961511611938477,
        0.9828786849975586,
        0.8696874976158142,
        0.9820151329040527,
        0.8750960826873779,
        0.9400051832199097,
        0.7420955896377563,
        0.9777839779853821,
        0.9831033945083618,
        0.8737936615943909,
        0.02043687179684639,
        0.9709826111793518,
        0.8603187203407288
    ]
}