{
    "train_loss": [
        0.6851702779531479,
        0.656441941857338,
        0.6278625875711441,
        0.48511873185634613,
        0.414350189268589,
        0.29000477492809296,
        0.20497285574674606,
        0.6215619146823883,
        0.28737393766641617,
        0.26463812589645386,
        0.18377212062478065,
        0.11640030983835459,
        0.1454630894586444,
        0.05598472245037556,
        0.06392048578709364,
        0.1843856037594378,
        0.16738245822489262,
        0.11741789802908897,
        0.10494045447558165,
        0.058934977278113365,
        0.028148667654022574,
        0.03924464527517557,
        0.08787371637299657,
        0.16048506740480661,
        0.16885470412671566,
        0.14334051683545113,
        0.15397408604621887,
        0.07299814000725746,
        0.040845322888344526
    ],
    "val_loss": [
        0.6596454977989197,
        0.6946160793304443,
        0.553148627281189,
        0.6051918268203735,
        0.4969039559364319,
        0.42272600531578064,
        1.005392074584961,
        0.3946264088153839,
        0.46328005194664,
        0.47385913133621216,
        0.5110720992088318,
        0.5611079335212708,
        0.44491881132125854,
        0.3850814998149872,
        0.4501104950904846,
        0.419958233833313,
        0.37223029136657715,
        0.26886460185050964,
        0.25538378953933716,
        0.37452569603919983,
        0.4139142334461212,
        0.5198538303375244,
        0.7062547206878662,
        0.9873932003974915,
        0.7218701243400574,
        0.48797962069511414,
        0.42661020159721375,
        0.4301704466342926,
        0.4951079785823822
    ],
    "val_auc": [
        0.74375,
        0.7041666666666667,
        0.7833333333333333,
        0.7875000000000001,
        0.8270833333333334,
        0.8729166666666667,
        0.85625,
        0.925,
        0.8708333333333333,
        0.88125,
        0.8979166666666667,
        0.9104166666666667,
        0.90625,
        0.9395833333333333,
        0.94375,
        0.9458333333333333,
        0.9395833333333334,
        0.9500000000000001,
        0.9541666666666666,
        0.9437500000000001,
        0.9520833333333334,
        0.9312500000000001,
        0.9500000000000001,
        0.8895833333333333,
        0.9104166666666667,
        0.9124999999999999,
        0.9145833333333333,
        0.9125000000000001,
        0.9145833333333333
    ],
    "val_accuracy": [
        0.6521739130434783,
        0.5434782608695652,
        0.7391304347826086,
        0.6739130434782609,
        0.7608695652173914,
        0.8478260869565217,
        0.7391304347826086,
        0.7608695652173914,
        0.8043478260869565,
        0.7391304347826086,
        0.8260869565217391,
        0.8260869565217391,
        0.8478260869565217,
        0.8695652173913043,
        0.8478260869565217,
        0.8478260869565217,
        0.8695652173913043,
        0.9130434782608695,
        0.8913043478260869,
        0.8913043478260869,
        0.8695652173913043,
        0.9130434782608695,
        0.8478260869565217,
        0.8043478260869565,
        0.7608695652173914,
        0.7608695652173914,
        0.8260869565217391,
        0.8913043478260869,
        0.8695652173913043
    ],
    "val_precision": [
        0.0,
        0.42857142857142855,
        0.8333333333333334,
        0.52,
        0.6923076923076923,
        0.8,
        1.0,
        0.6190476190476191,
        0.8888888888888888,
        0.5833333333333334,
        0.8333333333333334,
        0.6818181818181818,
        0.7647058823529411,
        0.8125,
        0.7142857142857143,
        0.7647058823529411,
        1.0,
        0.8333333333333334,
        0.8666666666666667,
        0.9230769230769231,
        0.7777777777777778,
        0.9285714285714286,
        0.7142857142857143,
        1.0,
        0.6,
        0.8571428571428571,
        0.7222222222222222,
        0.8666666666666667,
        0.8125
    ],
    "val_recall": [
        0.0,
        0.9375,
        0.3125,
        0.8125,
        0.5625,
        0.75,
        0.25,
        0.8125,
        0.5,
        0.875,
        0.625,
        0.9375,
        0.8125,
        0.8125,
        0.9375,
        0.8125,
        0.625,
        0.9375,
        0.8125,
        0.75,
        0.875,
        0.8125,
        0.9375,
        0.4375,
        0.9375,
        0.375,
        0.8125,
        0.8125,
        0.8125
    ],
    "val_f1_score": [
        0.0,
        0.5882352941176471,
        0.45454545454545453,
        0.6341463414634146,
        0.6206896551724138,
        0.7741935483870968,
        0.4,
        0.7027027027027027,
        0.64,
        0.7,
        0.7142857142857143,
        0.7894736842105263,
        0.7878787878787878,
        0.8125,
        0.8108108108108109,
        0.7878787878787878,
        0.7692307692307693,
        0.8823529411764706,
        0.8387096774193549,
        0.8275862068965517,
        0.8235294117647058,
        0.8666666666666667,
        0.8108108108108109,
        0.6086956521739131,
        0.7317073170731707,
        0.5217391304347826,
        0.7647058823529411,
        0.8387096774193549,
        0.8125
    ]
}