{
  "source_experiment": "exp_16",
  "seed": 42,
  "num_epochs": 60,
  "patience": 10,
  "model_config": {
    "hidden_size": 96,
    "num_layers": 2,
    "bidirectional": false,
    "dropout_fc": 0.49059435153133807,
    "lr": 0.0005202248396935937,
    "weight_decay": 4.094949119424546e-05,
    "batch_size": 64,
    "input_size": 512
  },
  "original_test_metrics": {
    "loss": 0.6810790300369263,
    "accuracy": 0.75,
    "precision": 0.7142857142857143,
    "recall": 0.6,
    "f1_score": 0.6521739130434783,
    "auc": 0.7928205128205129
  },
  "manifest_features": "experiments\\exp_16\\results\\tables\\manifest_features.csv"
}