{
    "labels": [
        0,
        0,
        0,
        0,
        0,
        0,
        0,
        0,
        0,
        0,
        0,
        0,
        0,
        0,
        0,
        0,
        0,
        0,
        0,
        0,
        0,
        0,
        0,
        0,
        0,
        0,
        0,
        0,
        0,
        0,
        0,
        0,
        0,
        0,
        0,
        0,
        0,
        0,
        0,
        1,
        1,
        1,
        1,
        1,
        1,
        1,
        1,
        1,
        1,
        1,
        1,
        1,
        1,
        1,
        1,
        1,
        1,
        1,
        1,
        1,
        1,
        1,
        1,
        1
    ],
    "preds": [
        0,
        0,
        0,
        0,
        0,
        0,
        0,
        0,
        0,
        0,
        0,
        0,
        0,
        0,
        0,
        0,
        0,
        0,
        0,
        0,
        0,
        0,
        0,
        1,
        0,
        0,
        0,
        0,
        1,
        0,
        1,
        1,
        1,
        0,
        0,
        0,
        1,
        0,
        0,
        0,
        1,
        1,
        1,
        1,
        1,
        0,
        0,
        0,
        1,
        0,
        1,
        1,
        1,
        1,
        1,
        1,
        1,
        0,
        1,
        1,
        0,
        1,
        1,
        1
    ],
    "probs": [
        0.3728223741054535,
        0.4315168857574463,
        0.042132265865802765,
        0.2209257185459137,
        0.036829642951488495,
        0.08623243123292923,
        0.03623050078749657,
        0.2283840924501419,
        0.052495021373033524,
        0.034316226840019226,
        0.06610561907291412,
        0.16965748369693756,
        0.062182631343603134,
        0.03230438008904457,
        0.06022130325436592,
        0.04889357089996338,
        0.03569281846284866,
        0.033909887075424194,
        0.035398632287979126,
        0.11947065591812134,
        0.05016748979687691,
        0.0489254854619503,
        0.03249037638306618,
        0.8700973987579346,
        0.04776066169142723,
        0.05020390450954437,
        0.16923989355564117,
        0.05254019424319267,
        0.7102343440055847,
        0.29940274357795715,
        0.8659771680831909,
        0.9032313823699951,
        0.9139021039009094,
        0.055806830525398254,
        0.03937540575861931,
        0.041916895657777786,
        0.6670966148376465,
        0.055544182658195496,
        0.10127109289169312,
        0.06718465685844421,
        0.9448691606521606,
        0.8954291939735413,
        0.823448896408081,
        0.9382229447364807,
        0.9106024503707886,
        0.0344528965651989,
        0.04024268686771393,
        0.12985391914844513,
        0.8481003642082214,
        0.03214710205793381,
        0.9330085515975952,
        0.8346742391586304,
        0.8617239594459534,
        0.9160022139549255,
        0.6824963688850403,
        0.8891794681549072,
        0.896045446395874,
        0.13480915129184723,
        0.5098151564598083,
        0.8861742615699768,
        0.0607319101691246,
        0.90469890832901,
        0.7870824933052063,
        0.7496907711029053
    ]
}