{
    "train_loss": [
        0.6997059136629105,
        0.6805271059274673,
        0.6712721884250641,
        0.6948226094245911,
        0.6519859880208969,
        0.5850852876901627,
        0.5783876776695251,
        0.5524816066026688,
        0.41808996349573135,
        0.37578996270895004,
        0.34827592968940735,
        0.210072822868824,
        0.19219932332634926,
        0.2763448394834995,
        0.8138436302542686,
        0.42848076671361923,
        0.34164052456617355,
        0.5058065056800842,
        0.32488517835736275,
        0.30064792186021805,
        0.2973546013236046,
        0.2808360680937767
    ],
    "val_loss": [
        0.6866121292114258,
        0.6685155034065247,
        0.6456236839294434,
        0.6237046122550964,
        0.6001368761062622,
        0.5614550113677979,
        0.5293089747428894,
        0.3996802270412445,
        0.3904593586921692,
        0.4430641531944275,
        0.37806305289268494,
        0.26793402433395386,
        0.3840350806713104,
        0.6497905850410461,
        0.31473031640052795,
        0.3768399655818939,
        0.38388791680336,
        0.35422948002815247,
        0.46661314368247986,
        0.43850359320640564,
        0.3022482097148895,
        0.27247002720832825
    ],
    "val_auc": [
        0.6408602150537634,
        0.6086021505376344,
        0.6279569892473118,
        0.843010752688172,
        0.8258064516129032,
        0.7741935483870969,
        0.8064516129032258,
        0.913978494623656,
        0.9268817204301075,
        0.8838709677419355,
        0.9096774193548387,
        0.9397849462365592,
        0.9075268817204301,
        0.8494623655913978,
        0.9161290322580645,
        0.8924731182795699,
        0.9118279569892473,
        0.9440860215053763,
        0.8451612903225806,
        0.896774193548387,
        0.9333333333333333,
        0.9526881720430107
    ],
    "val_accuracy": [
        0.6521739130434783,
        0.6739130434782609,
        0.6739130434782609,
        0.6739130434782609,
        0.7391304347826086,
        0.717391304347826,
        0.717391304347826,
        0.8043478260869565,
        0.8478260869565217,
        0.8043478260869565,
        0.8478260869565217,
        0.9347826086956522,
        0.8695652173913043,
        0.8260869565217391,
        0.9130434782608695,
        0.8260869565217391,
        0.8478260869565217,
        0.8695652173913043,
        0.782608695652174,
        0.8043478260869565,
        0.9130434782608695,
        0.8913043478260869
    ],
    "val_precision": [
        0.0,
        0.0,
        0.0,
        0.0,
        1.0,
        1.0,
        0.5625,
        0.75,
        1.0,
        0.875,
        0.8333333333333334,
        0.9285714285714286,
        1.0,
        1.0,
        1.0,
        1.0,
        0.75,
        0.9090909090909091,
        0.8571428571428571,
        0.6875,
        1.0,
        0.9166666666666666
    ],
    "val_recall": [
        0.0,
        0.0,
        0.0,
        0.0,
        0.2,
        0.13333333333333333,
        0.6,
        0.6,
        0.5333333333333333,
        0.4666666666666667,
        0.6666666666666666,
        0.8666666666666667,
        0.6,
        0.4666666666666667,
        0.7333333333333333,
        0.4666666666666667,
        0.8,
        0.6666666666666666,
        0.4,
        0.7333333333333333,
        0.7333333333333333,
        0.7333333333333333
    ],
    "val_f1_score": [
        0.0,
        0.0,
        0.0,
        0.0,
        0.3333333333333333,
        0.23529411764705882,
        0.5806451612903226,
        0.6666666666666666,
        0.6956521739130435,
        0.6086956521739131,
        0.7407407407407407,
        0.896551724137931,
        0.75,
        0.6363636363636364,
        0.8461538461538461,
        0.6363636363636364,
        0.7741935483870968,
        0.7692307692307693,
        0.5454545454545454,
        0.7096774193548387,
        0.8461538461538461,
        0.8148148148148148
    ]
}