{
    "labels": [
        0,
        0,
        0,
        0,
        0,
        0,
        0,
        0,
        0,
        0,
        0,
        0,
        0,
        0,
        0,
        0,
        0,
        0,
        0,
        0,
        0,
        0,
        0,
        0,
        0,
        0,
        0,
        0,
        0,
        0,
        0,
        0,
        0,
        0,
        0,
        0,
        0,
        0,
        0,
        1,
        1,
        1,
        1,
        1,
        1,
        1,
        1,
        1,
        1,
        1,
        1,
        1,
        1,
        1,
        1,
        1,
        1,
        1,
        1,
        1,
        1,
        1,
        1,
        1
    ],
    "preds": [
        1,
        0,
        0,
        0,
        0,
        0,
        0,
        0,
        0,
        0,
        0,
        0,
        0,
        0,
        0,
        0,
        0,
        0,
        0,
        0,
        0,
        0,
        0,
        0,
        0,
        0,
        0,
        0,
        0,
        1,
        1,
        0,
        1,
        0,
        0,
        0,
        0,
        1,
        0,
        0,
        1,
        1,
        1,
        1,
        1,
        0,
        0,
        0,
        1,
        0,
        1,
        0,
        1,
        1,
        0,
        0,
        1,
        1,
        1,
        1,
        1,
        0,
        1,
        1
    ],
    "probs": [
        0.9484710693359375,
        0.05620910972356796,
        0.020618731155991554,
        0.006946051027625799,
        0.028923582285642624,
        0.012845455668866634,
        0.019327104091644287,
        0.006324542220681906,
        0.05159834399819374,
        0.010423462837934494,
        0.012388230301439762,
        0.09997736662626266,
        0.04955466091632843,
        0.004824492149055004,
        0.037786103785037994,
        0.03091161884367466,
        0.025636255741119385,
        0.020389491692185402,
        0.025535231456160545,
        0.011417665518820286,
        0.030565224587917328,
        0.03850885108113289,
        0.02414800226688385,
        0.36809197068214417,
        0.06585970520973206,
        0.02728411555290222,
        0.009041325189173222,
        0.04999104142189026,
        0.022522082552313805,
        0.9646292328834534,
        0.8878834247589111,
        0.11170297861099243,
        0.9535208344459534,
        0.05591246485710144,
        0.01415856834501028,
        0.022580936551094055,
        0.09963048994541168,
        0.6967928409576416,
        0.026949528604745865,
        0.3733319938182831,
        0.993324339389801,
        0.9991363883018494,
        0.9235137701034546,
        0.9996238946914673,
        0.999409556388855,
        0.020085299387574196,
        0.03077692538499832,
        0.3621278703212738,
        0.9977651834487915,
        0.022647647187113762,
        0.999279797077179,
        0.12488143891096115,
        0.998704195022583,
        0.9848389625549316,
        0.44156163930892944,
        0.0606708861887455,
        0.9985299110412598,
        0.7660786509513855,
        0.9994625449180603,
        0.9991742968559265,
        0.9461179375648499,
        0.1093585267663002,
        0.998221218585968,
        0.998428463935852
    ]
}