{
    "train_loss": [
        0.6954049630598589,
        0.6708736040375449,
        0.625117150220004,
        0.49865994263779034,
        0.5320289392362941,
        0.47097057375040924,
        0.46807880293239246,
        0.40133076770739123,
        0.3323124267838218,
        0.40641654147343204,
        0.3225272988731211,
        0.31683409078554675,
        0.24632803079756824,
        0.20675978318534113,
        0.22764012539251285,
        0.17165324887768788,
        0.38313967937772925,
        0.1992382468994368,
        0.09017405210232193,
        0.08395444504408674,
        0.07331896188076246,
        0.09327806100587953,
        0.11690661023286256,
        0.11983450282026421,
        0.07990574845197526,
        0.017990038751370528,
        0.0586497714235024,
        0.1289662221573632,
        0.10819317518987438,
        0.04616740117357536,
        0.010546055453067476
    ],
    "val_loss": [
        0.683520495891571,
        0.6735776662826538,
        0.7701700578133265,
        0.4456742505232493,
        0.529884859919548,
        0.48690325021743774,
        0.4594026406606038,
        0.40375953912734985,
        0.35815272728602093,
        0.43841462582349777,
        0.5607369244098663,
        0.44343599677085876,
        0.21277969082196554,
        0.4606537992755572,
        0.3086705965300401,
        1.0622757027546565,
        0.4293234447638194,
        0.23366882900396982,
        0.27845946451028186,
        0.2644144097963969,
        0.19503645909329256,
        0.2367786020040512,
        0.6202864994605383,
        0.551366069043676,
        0.36541525771220523,
        0.5304769749442736,
        0.3615866834297776,
        0.5181387104094028,
        0.24266786873340607,
        0.3985435590147972,
        0.45043974990646046
    ],
    "val_auc": [
        0.7823275862068966,
        0.8211206896551724,
        0.8275862068965518,
        0.8663793103448275,
        0.8620689655172413,
        0.8448275862068966,
        0.8750000000000001,
        0.8900862068965517,
        0.896551724137931,
        0.896551724137931,
        0.8512931034482758,
        0.8922413793103449,
        0.9612068965517242,
        0.9439655172413793,
        0.9461206896551724,
        0.8038793103448276,
        0.9159482758620691,
        0.9698275862068966,
        0.9676724137931035,
        0.9698275862068966,
        0.9806034482758621,
        0.9806034482758621,
        0.9245689655172413,
        0.9676724137931034,
        0.959051724137931,
        0.9698275862068965,
        0.9568965517241379,
        0.959051724137931,
        0.9806034482758621,
        0.9612068965517242,
        0.9612068965517242
    ],
    "val_accuracy": [
        0.7111111111111111,
        0.5333333333333333,
        0.5111111111111111,
        0.8666666666666667,
        0.7777777777777778,
        0.8,
        0.8444444444444444,
        0.8666666666666667,
        0.9111111111111111,
        0.8666666666666667,
        0.7333333333333333,
        0.8444444444444444,
        0.9333333333333333,
        0.8,
        0.9111111111111111,
        0.6888888888888889,
        0.8,
        0.9111111111111111,
        0.9111111111111111,
        0.9111111111111111,
        0.9333333333333333,
        0.9111111111111111,
        0.8222222222222222,
        0.8444444444444444,
        0.8666666666666667,
        0.8888888888888888,
        0.9333333333333333,
        0.8666666666666667,
        0.9111111111111111,
        0.8888888888888888,
        0.8888888888888888
    ],
    "val_precision": [
        0.6363636363636364,
        0.43243243243243246,
        0.42105263157894735,
        0.8125,
        0.6153846153846154,
        0.7692307692307693,
        0.7368421052631579,
        0.8571428571428571,
        1.0,
        1.0,
        1.0,
        1.0,
        0.9333333333333333,
        0.6521739130434783,
        0.9285714285714286,
        1.0,
        1.0,
        0.9285714285714286,
        0.9285714285714286,
        0.875,
        1.0,
        0.875,
        1.0,
        1.0,
        0.8571428571428571,
        1.0,
        1.0,
        1.0,
        1.0,
        1.0,
        0.8235294117647058
    ],
    "val_recall": [
        0.4375,
        1.0,
        1.0,
        0.8125,
        1.0,
        0.625,
        0.875,
        0.75,
        0.75,
        0.625,
        0.25,
        0.5625,
        0.875,
        0.9375,
        0.8125,
        0.125,
        0.4375,
        0.8125,
        0.8125,
        0.875,
        0.8125,
        0.875,
        0.5,
        0.5625,
        0.75,
        0.6875,
        0.8125,
        0.625,
        0.75,
        0.6875,
        0.875
    ],
    "val_f1_score": [
        0.5185185185185185,
        0.6037735849056604,
        0.5925925925925926,
        0.8125,
        0.7619047619047619,
        0.6896551724137931,
        0.8,
        0.8,
        0.8571428571428571,
        0.7692307692307693,
        0.4,
        0.72,
        0.9032258064516129,
        0.7692307692307693,
        0.8666666666666667,
        0.2222222222222222,
        0.6086956521739131,
        0.8666666666666667,
        0.8666666666666667,
        0.875,
        0.896551724137931,
        0.875,
        0.6666666666666666,
        0.72,
        0.8,
        0.8148148148148148,
        0.896551724137931,
        0.7692307692307693,
        0.8571428571428571,
        0.8148148148148148,
        0.8484848484848485
    ]
}