{
    "train_loss": [
        0.6988579481840134,
        0.6775088757276535,
        0.6679224967956543,
        0.6793912202119827,
        0.6196559816598892,
        0.5601331442594528,
        0.5165601223707199,
        0.5277687907218933,
        0.4114931598305702,
        0.4042624831199646,
        0.44565607607364655,
        0.38395626097917557,
        0.45891305804252625,
        0.3436073586344719,
        0.3412138819694519,
        0.24112104624509811,
        0.17525946348905563,
        0.14411509782075882,
        0.2375260815024376,
        0.1967564895749092,
        0.1543098222464323,
        0.1642922405153513,
        0.1114588757045567
    ],
    "val_loss": [
        0.6853680610656738,
        0.6724885106086731,
        0.6553131937980652,
        0.6347323060035706,
        0.6627208590507507,
        0.592869222164154,
        0.6662130355834961,
        0.5598145723342896,
        0.5368150472640991,
        0.5349199175834656,
        0.5469443798065186,
        0.7579992413520813,
        0.45289793610572815,
        0.5438237190246582,
        0.5315104126930237,
        0.48989343643188477,
        0.670517086982727,
        1.082306981086731,
        0.7610594034194946,
        0.7819640636444092,
        0.645068347454071,
        0.5960039496421814,
        0.7043212056159973
    ],
    "val_auc": [
        0.6532258064516129,
        0.635483870967742,
        0.6758064516129032,
        0.6919354838709677,
        0.7112903225806453,
        0.7403225806451613,
        0.782258064516129,
        0.814516129032258,
        0.8080645161290323,
        0.8209677419354839,
        0.8129032258064516,
        0.7693548387096774,
        0.8338709677419355,
        0.8032258064516129,
        0.8241935483870968,
        0.8483870967741935,
        0.8306451612903225,
        0.7935483870967742,
        0.817741935483871,
        0.7999999999999999,
        0.8241935483870968,
        0.8193548387096774,
        0.8129032258064517
    ],
    "val_accuracy": [
        0.6078431372549019,
        0.6078431372549019,
        0.6078431372549019,
        0.6470588235294118,
        0.6470588235294118,
        0.7058823529411765,
        0.6862745098039216,
        0.7647058823529411,
        0.7254901960784313,
        0.7254901960784313,
        0.7647058823529411,
        0.6666666666666666,
        0.803921568627451,
        0.803921568627451,
        0.7647058823529411,
        0.8235294117647058,
        0.7843137254901961,
        0.7450980392156863,
        0.7647058823529411,
        0.7647058823529411,
        0.7843137254901961,
        0.8431372549019608,
        0.7843137254901961
    ],
    "val_precision": [
        0.0,
        0.0,
        0.0,
        1.0,
        1.0,
        0.7272727272727273,
        0.8333333333333334,
        0.9,
        0.6666666666666666,
        0.6666666666666666,
        0.9,
        1.0,
        0.8125,
        1.0,
        0.8333333333333334,
        0.8235294117647058,
        0.8461538461538461,
        1.0,
        0.75,
        0.8333333333333334,
        0.8,
        1.0,
        0.7647058823529411
    ],
    "val_recall": [
        0.0,
        0.0,
        0.0,
        0.1,
        0.1,
        0.4,
        0.25,
        0.45,
        0.6,
        0.6,
        0.45,
        0.15,
        0.65,
        0.5,
        0.5,
        0.7,
        0.55,
        0.35,
        0.6,
        0.5,
        0.6,
        0.6,
        0.65
    ],
    "val_f1_score": [
        0.0,
        0.0,
        0.0,
        0.18181818181818182,
        0.18181818181818182,
        0.5161290322580645,
        0.38461538461538464,
        0.6,
        0.631578947368421,
        0.631578947368421,
        0.6,
        0.2608695652173913,
        0.7222222222222222,
        0.6666666666666666,
        0.625,
        0.7567567567567568,
        0.6666666666666666,
        0.5185185185185185,
        0.6666666666666666,
        0.625,
        0.6857142857142857,
        0.75,
        0.7027027027027027
    ]
}