{
    "labels": [
        0,
        0,
        0,
        0,
        0,
        0,
        0,
        0,
        0,
        0,
        0,
        0,
        0,
        0,
        0,
        0,
        0,
        0,
        0,
        0,
        0,
        0,
        0,
        0,
        0,
        0,
        0,
        0,
        0,
        0,
        0,
        0,
        0,
        0,
        0,
        0,
        0,
        0,
        0,
        1,
        1,
        1,
        1,
        1,
        1,
        1,
        1,
        1,
        1,
        1,
        1,
        1,
        1,
        1,
        1,
        1,
        1,
        1,
        1,
        1,
        1,
        1,
        1,
        1
    ],
    "preds": [
        1,
        1,
        0,
        0,
        0,
        0,
        0,
        0,
        0,
        0,
        0,
        0,
        0,
        0,
        0,
        0,
        0,
        0,
        1,
        0,
        0,
        0,
        0,
        0,
        0,
        0,
        0,
        0,
        0,
        0,
        0,
        0,
        1,
        1,
        0,
        0,
        1,
        1,
        1,
        0,
        1,
        1,
        1,
        1,
        1,
        0,
        0,
        0,
        1,
        0,
        1,
        1,
        1,
        1,
        1,
        1,
        1,
        1,
        1,
        1,
        1,
        1,
        1,
        1
    ],
    "probs": [
        0.9206297397613525,
        0.9795877933502197,
        0.0008274035644717515,
        0.004118535667657852,
        0.0290686022490263,
        0.003932996653020382,
        0.008078798651695251,
        0.3656439483165741,
        0.000972238602116704,
        0.04826504364609718,
        0.4008272886276245,
        0.025843285024166107,
        0.029003161936998367,
        0.003118427935987711,
        0.06272530555725098,
        0.05260670930147171,
        0.18491137027740479,
        0.0012380052357912064,
        0.8853609561920166,
        0.2531038820743561,
        0.00032827333780005574,
        0.0481438934803009,
        0.006120141129940748,
        0.006177967879921198,
        0.1284208446741104,
        0.0014619416324421763,
        0.005182451102882624,
        0.0009788161842152476,
        0.0004582268593367189,
        0.22700317203998566,
        0.011569518595933914,
        0.00116917269770056,
        0.9379759430885315,
        0.9702438712120056,
        0.010069089941680431,
        0.00869483407586813,
        0.9603176712989807,
        0.7502607703208923,
        0.7644428014755249,
        0.07157975435256958,
        0.9965839385986328,
        0.9854283928871155,
        0.9765609502792358,
        0.9987965822219849,
        0.9896866679191589,
        0.08679606765508652,
        0.0006023110472597182,
        0.4948011338710785,
        0.9974660873413086,
        0.2329126000404358,
        0.7932032346725464,
        0.9652069807052612,
        0.9875105619430542,
        0.9969884753227234,
        0.7434912323951721,
        0.9000527858734131,
        0.9716513156890869,
        0.968235433101654,
        0.8656279444694519,
        0.9845675230026245,
        0.8625488877296448,
        0.6678610444068909,
        0.9838585257530212,
        0.9795429706573486
    ]
}