{
    "labels": [
        0,
        0,
        0,
        0,
        0,
        0,
        0,
        0,
        0,
        0,
        0,
        0,
        0,
        0,
        0,
        0,
        0,
        0,
        0,
        0,
        0,
        0,
        0,
        0,
        0,
        0,
        0,
        0,
        0,
        0,
        0,
        0,
        0,
        0,
        0,
        0,
        0,
        0,
        0,
        1,
        1,
        1,
        1,
        1,
        1,
        1,
        1,
        1,
        1,
        1,
        1,
        1,
        1,
        1,
        1,
        1,
        1,
        1,
        1,
        1,
        1,
        1,
        1,
        1
    ],
    "preds": [
        0,
        0,
        0,
        0,
        0,
        0,
        0,
        0,
        0,
        0,
        0,
        0,
        0,
        0,
        0,
        0,
        0,
        0,
        0,
        0,
        0,
        0,
        0,
        0,
        0,
        0,
        0,
        0,
        0,
        1,
        0,
        0,
        0,
        0,
        0,
        0,
        1,
        1,
        0,
        0,
        1,
        1,
        1,
        1,
        1,
        0,
        0,
        0,
        1,
        0,
        1,
        0,
        1,
        1,
        1,
        1,
        0,
        0,
        1,
        1,
        0,
        1,
        1,
        1
    ],
    "probs": [
        0.35514184832572937,
        0.3818484842777252,
        0.0631159171462059,
        0.3531406819820404,
        0.20738080143928528,
        0.24606700241565704,
        0.08083254098892212,
        0.3491423726081848,
        0.48451706767082214,
        0.1394405961036682,
        0.21063275635242462,
        0.12481454759836197,
        0.10583794862031937,
        0.12664693593978882,
        0.31193920969963074,
        0.2555333971977234,
        0.12396936118602753,
        0.08487072587013245,
        0.12120391428470612,
        0.22241519391536713,
        0.06089628115296364,
        0.23410673439502716,
        0.056440986692905426,
        0.16866174340248108,
        0.14534379541873932,
        0.13356490433216095,
        0.31702038645744324,
        0.3797069787979126,
        0.1601560115814209,
        0.9285803437232971,
        0.1495695561170578,
        0.3836537003517151,
        0.36670565605163574,
        0.10650032758712769,
        0.148530051112175,
        0.10135375708341599,
        0.709296703338623,
        0.8698152899742126,
        0.2266223132610321,
        0.26212942600250244,
        0.9492117762565613,
        0.907257616519928,
        0.7624214291572571,
        0.9796144366264343,
        0.9267489314079285,
        0.07681389898061752,
        0.09358353167772293,
        0.35886141657829285,
        0.9238730072975159,
        0.10624311864376068,
        0.9796121716499329,
        0.21461108326911926,
        0.8813862800598145,
        0.6291768550872803,
        0.7025927901268005,
        0.5128120183944702,
        0.24242964386940002,
        0.3676987886428833,
        0.9782124161720276,
        0.9071561694145203,
        0.31824830174446106,
        0.6456559896469116,
        0.8390109539031982,
        0.8865973353385925
    ]
}