{
    "train_loss": [
        0.675500676035881,
        0.660030871629715,
        0.6489518582820892,
        0.6230864375829697,
        0.534636989235878,
        0.40801284462213516,
        0.4177398532629013,
        0.41873251646757126,
        0.45966344326734543,
        0.28495411574840546,
        0.24587883800268173,
        0.16906710900366306,
        0.16273285821080208,
        0.15884960256516933,
        0.22038033977150917,
        0.13960692659020424,
        0.10036641079932451,
        0.1463363580405712,
        0.1198136955499649,
        0.09984679985791445,
        0.05857165204361081,
        0.0586206279695034,
        0.04212871356867254,
        0.1031975531950593,
        0.1940731042996049,
        0.21200627787038684,
        0.20331093296408653,
        0.2587915863841772,
        0.14662688598036766,
        0.1370956413447857,
        0.09728781878948212,
        0.07879441138356924,
        0.07991447439417243,
        0.05560155585408211,
        0.04032513406127691
    ],
    "val_loss": [
        0.658287525177002,
        0.6427531838417053,
        0.6191534399986267,
        0.596784770488739,
        0.5811036825180054,
        0.5489014387130737,
        0.596723735332489,
        0.551720142364502,
        0.5070415735244751,
        0.5888607501983643,
        0.4774807393550873,
        0.5363447070121765,
        0.6276839971542358,
        0.7741886377334595,
        0.4434337317943573,
        0.6837558150291443,
        0.46927693486213684,
        0.7243742346763611,
        0.45269575715065,
        0.638351321220398,
        0.4794336259365082,
        0.8878187537193298,
        0.8915627598762512,
        1.2649401426315308,
        0.3876573145389557,
        0.5509052872657776,
        0.5475516319274902,
        0.5154099464416504,
        0.5952062010765076,
        0.5188274383544922,
        0.617476761341095,
        0.6948100328445435,
        0.6457193493843079,
        0.5921605825424194,
        0.5300112366676331
    ],
    "val_auc": [
        0.7790322580645161,
        0.7758064516129033,
        0.8064516129032259,
        0.7854838709677421,
        0.8096774193548387,
        0.8225806451612904,
        0.8112903225806452,
        0.814516129032258,
        0.8370967741935483,
        0.8274193548387097,
        0.885483870967742,
        0.8822580645161291,
        0.8564516129032258,
        0.8612903225806452,
        0.8951612903225806,
        0.8919354838709677,
        0.867741935483871,
        0.8741935483870966,
        0.9193548387096774,
        0.9387096774193547,
        0.9,
        0.9225806451612902,
        0.8516129032258064,
        0.9016129032258065,
        0.9145161290322581,
        0.8838709677419354,
        0.917741935483871,
        0.8741935483870968,
        0.8306451612903225,
        0.8322580645161289,
        0.8548387096774194,
        0.8612903225806452,
        0.8677419354838709,
        0.8741935483870967,
        0.8887096774193548
    ],
    "val_accuracy": [
        0.6078431372549019,
        0.6078431372549019,
        0.6078431372549019,
        0.6470588235294118,
        0.7254901960784313,
        0.7647058823529411,
        0.6470588235294118,
        0.7058823529411765,
        0.7647058823529411,
        0.7843137254901961,
        0.7843137254901961,
        0.8627450980392157,
        0.7450980392156863,
        0.803921568627451,
        0.803921568627451,
        0.803921568627451,
        0.8627450980392157,
        0.7254901960784313,
        0.803921568627451,
        0.803921568627451,
        0.8431372549019608,
        0.7843137254901961,
        0.7058823529411765,
        0.7450980392156863,
        0.8823529411764706,
        0.8431372549019608,
        0.8431372549019608,
        0.7843137254901961,
        0.803921568627451,
        0.8235294117647058,
        0.7647058823529411,
        0.7450980392156863,
        0.7843137254901961,
        0.7843137254901961,
        0.8431372549019608
    ],
    "val_precision": [
        0.0,
        0.0,
        0.0,
        1.0,
        1.0,
        0.7857142857142857,
        0.5333333333333333,
        0.6,
        0.75,
        0.8,
        0.8461538461538461,
        1.0,
        0.6666666666666666,
        1.0,
        0.75,
        1.0,
        0.8095238095238095,
        0.875,
        0.7083333333333334,
        0.9166666666666666,
        0.8,
        1.0,
        0.5862068965517241,
        1.0,
        0.8888888888888888,
        0.9285714285714286,
        1.0,
        0.7368421052631579,
        0.9166666666666666,
        0.9230769230769231,
        0.7857142857142857,
        0.8181818181818182,
        0.7368421052631579,
        0.8,
        0.8333333333333334
    ],
    "val_recall": [
        0.0,
        0.0,
        0.0,
        0.1,
        0.3,
        0.55,
        0.8,
        0.75,
        0.6,
        0.6,
        0.55,
        0.65,
        0.7,
        0.5,
        0.75,
        0.5,
        0.85,
        0.35,
        0.85,
        0.55,
        0.8,
        0.45,
        0.85,
        0.35,
        0.8,
        0.65,
        0.6,
        0.7,
        0.55,
        0.6,
        0.55,
        0.45,
        0.7,
        0.6,
        0.75
    ],
    "val_f1_score": [
        0.0,
        0.0,
        0.0,
        0.18181818181818182,
        0.46153846153846156,
        0.6470588235294118,
        0.64,
        0.6666666666666666,
        0.6666666666666666,
        0.6857142857142857,
        0.6666666666666666,
        0.7878787878787878,
        0.6829268292682927,
        0.6666666666666666,
        0.75,
        0.6666666666666666,
        0.8292682926829268,
        0.5,
        0.7727272727272727,
        0.6875,
        0.8,
        0.6206896551724138,
        0.6938775510204082,
        0.5185185185185185,
        0.8421052631578947,
        0.7647058823529411,
        0.75,
        0.717948717948718,
        0.6875,
        0.7272727272727273,
        0.6470588235294118,
        0.5806451612903226,
        0.717948717948718,
        0.6857142857142857,
        0.7894736842105263
    ]
}