{
    "train_loss": [
        0.6798754185438156,
        0.6441480368375778,
        0.5038584694266319,
        0.43170125037431717,
        0.37235449627041817,
        0.7047253325581551,
        0.47421956807374954,
        0.37824205309152603,
        0.4069194123148918,
        0.34075073152780533,
        0.32352231442928314,
        0.21542436629533768,
        0.16371606942266226,
        0.10412615677341819,
        0.07929944293573499,
        0.10010758601129055,
        0.1438332824036479,
        0.09785051783546805,
        0.1071616280823946,
        0.06316962093114853,
        0.048460606252774596,
        0.05069938919041306,
        0.03516366006806493,
        0.08627952414099127
    ],
    "val_loss": [
        0.6423708200454712,
        0.5686522126197815,
        0.4894629120826721,
        0.5662834644317627,
        1.0468953847885132,
        0.7383077144622803,
        0.462825745344162,
        0.49474650621414185,
        0.4966318905353546,
        0.54349684715271,
        0.34755152463912964,
        0.3083399832248688,
        0.3087882101535797,
        0.27984941005706787,
        0.6037420630455017,
        0.38138914108276367,
        0.47597306966781616,
        0.8489571809768677,
        0.4778793752193451,
        0.5368755459785461,
        0.6189903616905212,
        0.7602091431617737,
        0.5796948671340942,
        1.2435613870620728
    ],
    "val_auc": [
        0.746236559139785,
        0.7698924731182797,
        0.8258064516129032,
        0.7505376344086022,
        0.7333333333333334,
        0.7591397849462366,
        0.8258064516129032,
        0.8150537634408602,
        0.8516129032258064,
        0.853763440860215,
        0.9118279569892473,
        0.9333333333333333,
        0.9182795698924731,
        0.924731182795699,
        0.9182795698924732,
        0.935483870967742,
        0.9311827956989247,
        0.8817204301075269,
        0.9268817204301076,
        0.9139784946236559,
        0.896774193548387,
        0.8795698924731182,
        0.9053763440860215,
        0.8559139784946237
    ],
    "val_accuracy": [
        0.6739130434782609,
        0.717391304347826,
        0.8043478260869565,
        0.6739130434782609,
        0.6956521739130435,
        0.6304347826086957,
        0.7608695652173914,
        0.782608695652174,
        0.7391304347826086,
        0.717391304347826,
        0.8913043478260869,
        0.8913043478260869,
        0.9347826086956522,
        0.8913043478260869,
        0.8260869565217391,
        0.8913043478260869,
        0.8695652173913043,
        0.7391304347826086,
        0.8695652173913043,
        0.8043478260869565,
        0.8478260869565217,
        0.8043478260869565,
        0.8695652173913043,
        0.6956521739130435
    ],
    "val_precision": [
        0.0,
        1.0,
        0.875,
        0.5,
        1.0,
        0.4666666666666667,
        0.625,
        0.8571428571428571,
        0.5652173913043478,
        0.5416666666666666,
        0.8571428571428571,
        0.8571428571428571,
        0.9285714285714286,
        0.8125,
        0.6842105263157895,
        0.9166666666666666,
        0.8461538461538461,
        0.56,
        1.0,
        0.65,
        1.0,
        0.65,
        1.0,
        0.5185185185185185
    ],
    "val_recall": [
        0.0,
        0.13333333333333333,
        0.4666666666666667,
        0.9333333333333333,
        0.06666666666666667,
        0.9333333333333333,
        0.6666666666666666,
        0.4,
        0.8666666666666667,
        0.8666666666666667,
        0.8,
        0.8,
        0.8666666666666667,
        0.8666666666666667,
        0.8666666666666667,
        0.7333333333333333,
        0.7333333333333333,
        0.9333333333333333,
        0.6,
        0.8666666666666667,
        0.5333333333333333,
        0.8666666666666667,
        0.6,
        0.9333333333333333
    ],
    "val_f1_score": [
        0.0,
        0.23529411764705882,
        0.6086956521739131,
        0.6511627906976745,
        0.125,
        0.6222222222222222,
        0.6451612903225806,
        0.5454545454545454,
        0.6842105263157895,
        0.6666666666666666,
        0.8275862068965517,
        0.8275862068965517,
        0.896551724137931,
        0.8387096774193549,
        0.7647058823529411,
        0.8148148148148148,
        0.7857142857142857,
        0.7,
        0.75,
        0.7428571428571429,
        0.6956521739130435,
        0.7428571428571429,
        0.75,
        0.6666666666666666
    ]
}