{
    "labels": [
        0,
        0,
        0,
        0,
        0,
        0,
        0,
        0,
        0,
        0,
        0,
        0,
        0,
        0,
        0,
        0,
        0,
        0,
        0,
        0,
        0,
        0,
        0,
        0,
        0,
        0,
        0,
        0,
        0,
        0,
        0,
        0,
        0,
        0,
        0,
        0,
        0,
        0,
        0,
        1,
        1,
        1,
        1,
        1,
        1,
        1,
        1,
        1,
        1,
        1,
        1,
        1,
        1,
        1,
        1,
        1,
        1,
        1,
        1,
        1,
        1,
        1,
        1,
        1
    ],
    "preds": [
        1,
        0,
        0,
        0,
        0,
        0,
        0,
        0,
        0,
        0,
        0,
        0,
        0,
        0,
        0,
        0,
        0,
        0,
        0,
        0,
        0,
        0,
        0,
        0,
        0,
        0,
        0,
        0,
        0,
        0,
        0,
        0,
        1,
        0,
        0,
        0,
        0,
        1,
        0,
        0,
        1,
        1,
        1,
        1,
        1,
        0,
        0,
        0,
        1,
        0,
        1,
        0,
        1,
        1,
        1,
        0,
        1,
        1,
        1,
        1,
        1,
        0,
        1,
        1
    ],
    "probs": [
        0.9741921424865723,
        0.1830691397190094,
        0.006577565334737301,
        0.08492979407310486,
        0.01106846984475851,
        0.026777002960443497,
        0.0065679727122187614,
        0.11248143762350082,
        0.007611262612044811,
        0.018203310668468475,
        0.014109686017036438,
        0.02118338830769062,
        0.006654737982898951,
        0.006878446321934462,
        0.04274746775627136,
        0.026985807344317436,
        0.008023632690310478,
        0.006956597790122032,
        0.01194442342966795,
        0.03966003656387329,
        0.0067343153059482574,
        0.00808810442686081,
        0.0068003106862306595,
        0.007383652497082949,
        0.011998907662928104,
        0.009702959097921848,
        0.059041135013103485,
        0.007573100738227367,
        0.007076508831232786,
        0.019783513620495796,
        0.015833556652069092,
        0.009886556304991245,
        0.9633705615997314,
        0.03880530595779419,
        0.011482210829854012,
        0.007600429002195597,
        0.21949130296707153,
        0.9309030771255493,
        0.022387197241187096,
        0.022409839555621147,
        0.9916887879371643,
        0.982628345489502,
        0.9041072130203247,
        0.993522584438324,
        0.9865076541900635,
        0.011810208670794964,
        0.008169791661202908,
        0.042064376175403595,
        0.9918203353881836,
        0.007016152609139681,
        0.9916585087776184,
        0.012308412231504917,
        0.9756421446800232,
        0.9194615483283997,
        0.874965250492096,
        0.10361957550048828,
        0.8768268823623657,
        0.8675490021705627,
        0.9921073317527771,
        0.9815682768821716,
        0.7921014428138733,
        0.009309097193181515,
        0.9685009717941284,
        0.9756821990013123
    ]
}