{
    "labels": [
        0,
        0,
        0,
        0,
        0,
        0,
        0,
        0,
        0,
        0,
        0,
        0,
        0,
        0,
        0,
        0,
        0,
        0,
        0,
        0,
        0,
        0,
        0,
        0,
        0,
        0,
        0,
        0,
        0,
        0,
        0,
        0,
        0,
        0,
        0,
        0,
        0,
        0,
        0,
        1,
        1,
        1,
        1,
        1,
        1,
        1,
        1,
        1,
        1,
        1,
        1,
        1,
        1,
        1,
        1,
        1,
        1,
        1,
        1,
        1,
        1,
        1,
        1,
        1
    ],
    "preds": [
        1,
        1,
        0,
        0,
        0,
        0,
        0,
        0,
        0,
        0,
        0,
        1,
        0,
        0,
        0,
        0,
        0,
        0,
        0,
        0,
        0,
        1,
        0,
        0,
        0,
        0,
        0,
        0,
        0,
        0,
        0,
        0,
        1,
        1,
        0,
        0,
        1,
        0,
        0,
        0,
        1,
        1,
        1,
        1,
        1,
        0,
        0,
        1,
        1,
        0,
        1,
        0,
        1,
        1,
        1,
        1,
        0,
        1,
        1,
        1,
        1,
        0,
        1,
        1
    ],
    "probs": [
        0.9714797139167786,
        0.9838483929634094,
        0.004383287392556667,
        0.10285992920398712,
        0.006766369100660086,
        0.010002728551626205,
        0.0042096409015357494,
        0.1271224319934845,
        0.008213281631469727,
        0.0300277266651392,
        0.018826253712177277,
        0.6630975604057312,
        0.018624262884259224,
        0.010200158692896366,
        0.26302409172058105,
        0.026697147637605667,
        0.011410144157707691,
        0.001958847977221012,
        0.012969348579645157,
        0.015894992277026176,
        0.014130688272416592,
        0.6189913749694824,
        0.016933923587203026,
        0.0060445391573011875,
        0.0248721856623888,
        0.0050726886838674545,
        0.02793651819229126,
        0.008038478903472424,
        0.05157984048128128,
        0.017899591475725174,
        0.12731024622917175,
        0.05346304923295975,
        0.9894208908081055,
        0.8458312153816223,
        0.004265906754881144,
        0.005843292456120253,
        0.9794214963912964,
        0.41455212235450745,
        0.014933262020349503,
        0.09940022975206375,
        0.9973059892654419,
        0.9965201616287231,
        0.9800289869308472,
        0.9938179850578308,
        0.9980027079582214,
        0.004574020393192768,
        0.012559891678392887,
        0.9471384286880493,
        0.9957755208015442,
        0.0040580034255981445,
        0.9932953715324402,
        0.025608280673623085,
        0.99638831615448,
        0.9503580331802368,
        0.8171498775482178,
        0.9836445450782776,
        0.48242464661598206,
        0.9770107269287109,
        0.9963706731796265,
        0.994848906993866,
        0.9911866784095764,
        0.12463764101266861,
        0.9909539818763733,
        0.9868953824043274
    ]
}