{
    "train_loss": [
        0.6930245161056519,
        0.6605061888694763,
        0.6245718995730082,
        0.569021741549174,
        0.5023179451624552,
        0.4420747558275859,
        0.36816473801930744,
        0.39133309324582416,
        0.31704771518707275,
        0.26099030176798504,
        0.22879189252853394,
        0.19431495169798532,
        0.17158080637454987,
        0.1607961356639862,
        0.11605505769451459,
        0.12728340178728104,
        0.078988050421079,
        0.10874729603528976,
        0.09969625684122245,
        0.046334438025951385,
        0.07177335396409035,
        0.03351155358056227,
        0.17793242881695429,
        0.3229492117340366,
        0.34363524119059247,
        0.1905454769730568,
        0.14290428161621094,
        0.1018061563372612
    ],
    "val_loss": [
        0.6799850463867188,
        0.6550880074501038,
        0.6385692358016968,
        0.5640062093734741,
        0.5325197577476501,
        0.4265742599964142,
        0.38378095626831055,
        0.4293654263019562,
        0.32407835125923157,
        0.3630254566669464,
        0.30811527371406555,
        0.27118128538131714,
        0.30478188395500183,
        0.21274052560329437,
        0.3721008896827698,
        0.2549842596054077,
        0.185158833861351,
        0.11917734146118164,
        0.2127368003129959,
        0.2863706052303314,
        0.1794724017381668,
        0.35703614354133606,
        1.5218127965927124,
        0.7036738991737366,
        0.31495609879493713,
        0.5951137542724609,
        0.33179914951324463,
        0.38923588395118713
    ],
    "val_auc": [
        0.825,
        0.8458333333333333,
        0.8291666666666666,
        0.8479166666666668,
        0.8520833333333334,
        0.9,
        0.925,
        0.9395833333333334,
        0.9458333333333334,
        0.91875,
        0.9395833333333334,
        0.9583333333333333,
        0.9624999999999999,
        0.9666666666666666,
        0.9854166666666667,
        0.9708333333333333,
        0.98125,
        0.9916666666666667,
        0.9854166666666667,
        0.9687500000000001,
        0.9791666666666667,
        0.9812500000000001,
        0.9500000000000001,
        0.9291666666666666,
        0.9354166666666668,
        0.9166666666666667,
        0.9375,
        0.93125
    ],
    "val_accuracy": [
        0.5869565217391305,
        0.6956521739130435,
        0.6521739130434783,
        0.8043478260869565,
        0.8043478260869565,
        0.8913043478260869,
        0.8478260869565217,
        0.8695652173913043,
        0.9130434782608695,
        0.8695652173913043,
        0.8913043478260869,
        0.8478260869565217,
        0.8695652173913043,
        0.9565217391304348,
        0.8478260869565217,
        0.8695652173913043,
        0.9130434782608695,
        0.9347826086956522,
        0.8695652173913043,
        0.8478260869565217,
        0.9347826086956522,
        0.8913043478260869,
        0.6521739130434783,
        0.8260869565217391,
        0.8478260869565217,
        0.782608695652174,
        0.8478260869565217,
        0.8695652173913043
    ],
    "val_precision": [
        0.45454545454545453,
        0.5384615384615384,
        0.5,
        0.6842105263157895,
        0.6842105263157895,
        0.8666666666666667,
        0.7647058823529411,
        0.75,
        0.9285714285714286,
        0.7777777777777778,
        0.8235294117647058,
        0.8461538461538461,
        0.75,
        0.9375,
        0.6956521739130435,
        0.8571428571428571,
        0.875,
        0.8823529411764706,
        0.9166666666666666,
        0.7368421052631579,
        0.9333333333333333,
        1.0,
        0.5,
        1.0,
        0.7647058823529411,
        0.6153846153846154,
        0.7647058823529411,
        0.9166666666666666
    ],
    "val_recall": [
        0.9375,
        0.875,
        0.8125,
        0.8125,
        0.8125,
        0.8125,
        0.8125,
        0.9375,
        0.8125,
        0.875,
        0.875,
        0.6875,
        0.9375,
        0.9375,
        1.0,
        0.75,
        0.875,
        0.9375,
        0.6875,
        0.875,
        0.875,
        0.6875,
        1.0,
        0.5,
        0.8125,
        1.0,
        0.8125,
        0.6875
    ],
    "val_f1_score": [
        0.6122448979591837,
        0.6666666666666666,
        0.6190476190476191,
        0.7428571428571429,
        0.7428571428571429,
        0.8387096774193549,
        0.7878787878787878,
        0.8333333333333334,
        0.8666666666666667,
        0.8235294117647058,
        0.8484848484848485,
        0.7586206896551724,
        0.8333333333333334,
        0.9375,
        0.8205128205128205,
        0.8,
        0.875,
        0.9090909090909091,
        0.7857142857142857,
        0.8,
        0.9032258064516129,
        0.8148148148148148,
        0.6666666666666666,
        0.6666666666666666,
        0.7878787878787878,
        0.7619047619047619,
        0.7878787878787878,
        0.7857142857142857
    ]
}