{
    "train_loss": [
        0.6967743039131165,
        0.6914238731066386,
        0.682763914267222,
        0.6712607940038046,
        0.6377758582433065,
        0.5717756549517313,
        0.4842618703842163,
        0.3577808241049449,
        0.3051448464393616,
        0.33569694062074024,
        0.2927000919977824,
        0.32194578647613525,
        0.476441631714503,
        0.40185393889745075,
        0.2780310610930125,
        0.3249146044254303,
        0.4679471552371979,
        0.2674818883339564,
        0.32635273536046344,
        0.2727578381697337,
        0.2730291436115901,
        0.25315316518147785,
        0.17197675009568533,
        0.15296600759029388,
        0.13371328016122183,
        0.09470503901441892,
        0.08741448322931926
    ],
    "val_loss": [
        0.7016661763191223,
        0.6951262950897217,
        0.6917524337768555,
        0.6711359620094299,
        0.6372894048690796,
        0.5841097831726074,
        0.5184078216552734,
        0.46052661538124084,
        0.5065912008285522,
        0.6235105991363525,
        0.6908581256866455,
        1.25128173828125,
        0.737709641456604,
        0.6810853481292725,
        0.7411520481109619,
        0.8255490660667419,
        0.35278066992759705,
        0.7786600589752197,
        0.3801681697368622,
        0.5035947561264038,
        0.48665276169776917,
        0.5322762727737427,
        0.4575970768928528,
        0.45277485251426697,
        0.5057496428489685,
        0.6176280975341797,
        0.5809348225593567
    ],
    "val_auc": [
        0.6709677419354838,
        0.7032258064516129,
        0.7548387096774194,
        0.7435483870967742,
        0.7887096774193549,
        0.7983870967741935,
        0.8306451612903226,
        0.8467741935483871,
        0.8290322580645161,
        0.8338709677419355,
        0.7774193548387097,
        0.7080645161290322,
        0.7838709677419355,
        0.8306451612903225,
        0.8338709677419355,
        0.8016129032258065,
        0.9096774193548387,
        0.8258064516129032,
        0.8870967741935484,
        0.8612903225806451,
        0.8451612903225806,
        0.8467741935483871,
        0.864516129032258,
        0.8725806451612903,
        0.8596774193548388,
        0.8451612903225807,
        0.8629032258064516
    ],
    "val_accuracy": [
        0.39215686274509803,
        0.39215686274509803,
        0.43137254901960786,
        0.7254901960784313,
        0.7254901960784313,
        0.7254901960784313,
        0.7843137254901961,
        0.8235294117647058,
        0.803921568627451,
        0.7450980392156863,
        0.7254901960784313,
        0.5490196078431373,
        0.7647058823529411,
        0.7058823529411765,
        0.6666666666666666,
        0.7058823529411765,
        0.8823529411764706,
        0.6470588235294118,
        0.8627450980392157,
        0.803921568627451,
        0.803921568627451,
        0.7843137254901961,
        0.8431372549019608,
        0.8431372549019608,
        0.8431372549019608,
        0.8235294117647058,
        0.8235294117647058
    ],
    "val_precision": [
        0.39215686274509803,
        0.39215686274509803,
        0.40816326530612246,
        0.65,
        0.7142857142857143,
        0.75,
        0.7368421052631579,
        0.7894736842105263,
        0.7272727272727273,
        0.6842105263157895,
        0.7142857142857143,
        0.46153846153846156,
        0.9,
        0.6190476190476191,
        0.5454545454545454,
        1.0,
        0.8181818181818182,
        0.5294117647058824,
        0.8823529411764706,
        1.0,
        0.7272727272727273,
        0.68,
        0.8,
        0.875,
        0.8,
        0.7391304347826086,
        0.7619047619047619
    ],
    "val_recall": [
        1.0,
        1.0,
        1.0,
        0.65,
        0.5,
        0.45,
        0.7,
        0.75,
        0.8,
        0.65,
        0.5,
        0.9,
        0.45,
        0.65,
        0.9,
        0.25,
        0.9,
        0.9,
        0.75,
        0.5,
        0.8,
        0.85,
        0.8,
        0.7,
        0.8,
        0.85,
        0.8
    ],
    "val_f1_score": [
        0.5633802816901409,
        0.5633802816901409,
        0.5797101449275363,
        0.65,
        0.5882352941176471,
        0.5625,
        0.717948717948718,
        0.7692307692307693,
        0.7619047619047619,
        0.6666666666666666,
        0.5882352941176471,
        0.6101694915254238,
        0.6,
        0.6341463414634146,
        0.6792452830188679,
        0.4,
        0.8571428571428571,
        0.6666666666666666,
        0.8108108108108109,
        0.6666666666666666,
        0.7619047619047619,
        0.7555555555555555,
        0.8,
        0.7777777777777778,
        0.8,
        0.7906976744186046,
        0.7804878048780488
    ]
}