{
    "labels": [
        0,
        0,
        0,
        0,
        0,
        0,
        0,
        0,
        0,
        0,
        0,
        0,
        0,
        0,
        0,
        0,
        0,
        0,
        0,
        0,
        0,
        0,
        0,
        0,
        0,
        0,
        0,
        0,
        0,
        0,
        0,
        0,
        0,
        0,
        0,
        0,
        0,
        0,
        0,
        1,
        1,
        1,
        1,
        1,
        1,
        1,
        1,
        1,
        1,
        1,
        1,
        1,
        1,
        1,
        1,
        1,
        1,
        1,
        1,
        1,
        1,
        1,
        1,
        1
    ],
    "preds": [
        1,
        1,
        0,
        0,
        0,
        0,
        0,
        1,
        0,
        0,
        0,
        0,
        1,
        0,
        0,
        0,
        0,
        0,
        0,
        0,
        0,
        1,
        0,
        0,
        0,
        0,
        0,
        0,
        0,
        0,
        1,
        0,
        1,
        1,
        0,
        0,
        1,
        0,
        0,
        0,
        1,
        1,
        1,
        1,
        1,
        0,
        0,
        0,
        1,
        0,
        1,
        1,
        1,
        1,
        1,
        0,
        1,
        1,
        1,
        1,
        1,
        1,
        1,
        1
    ],
    "probs": [
        0.8211899995803833,
        0.8248530626296997,
        0.041814230382442474,
        0.39151594042778015,
        0.08338455110788345,
        0.15337449312210083,
        0.04994314908981323,
        0.5217814445495605,
        0.0660262480378151,
        0.04542504623532295,
        0.057916708290576935,
        0.23306512832641602,
        0.8397143483161926,
        0.041606709361076355,
        0.061844661831855774,
        0.05694381892681122,
        0.04693097248673439,
        0.050227291882038116,
        0.0568789541721344,
        0.23876599967479706,
        0.04812661185860634,
        0.7882979512214661,
        0.04591054469347,
        0.05900202691555023,
        0.057207509875297546,
        0.0485462062060833,
        0.272829532623291,
        0.051363348960876465,
        0.051214609295129776,
        0.10792084783315659,
        0.8424067497253418,
        0.0714653804898262,
        0.8658255338668823,
        0.8915345072746277,
        0.0466826967895031,
        0.04330169036984444,
        0.8244960904121399,
        0.08174468576908112,
        0.14283686876296997,
        0.2768588364124298,
        0.9074255228042603,
        0.8698616027832031,
        0.8344110250473022,
        0.9250701069831848,
        0.903940737247467,
        0.04983652010560036,
        0.04414242133498192,
        0.12534569203853607,
        0.868040144443512,
        0.08476393669843674,
        0.9216087460517883,
        0.7523066997528076,
        0.8872432112693787,
        0.5874810814857483,
        0.8119762539863586,
        0.42145413160324097,
        0.8810818791389465,
        0.8159526586532593,
        0.915119469165802,
        0.8728484511375427,
        0.8565772175788879,
        0.84490567445755,
        0.861237645149231,
        0.8685763478279114
    ]
}