{
    "train_loss": [
        0.7028450278135446,
        0.6298031463072851,
        0.47176711146648115,
        0.385979094184362,
        0.3359946574156101,
        0.2944176965034925,
        0.2502331246550267,
        0.1672991674679976,
        0.17423159227921411,
        0.11720495986250731,
        0.09690779461883582,
        0.0781026822873033,
        0.045386320911347866,
        0.050917648495389864,
        0.009855417964550165,
        0.018195842052451693,
        0.0313646316062659,
        0.3332813016783733
    ],
    "val_loss": [
        0.6376176178455353,
        0.5791630347569784,
        0.4657067507505417,
        0.45745254556337994,
        0.41588227450847626,
        0.4145764534672101,
        0.3281227946281433,
        0.26060159752766293,
        0.3398309051990509,
        0.2923429496586323,
        0.4379367455840111,
        0.3088317960500717,
        0.40418593492358923,
        0.2926861643791199,
        0.4117608964443207,
        0.31025781234105426,
        0.6051355879753828,
        0.3066093325614929
    ],
    "val_auc": [
        0.7419354838709677,
        0.7698924731182796,
        0.8365591397849463,
        0.8838709677419354,
        0.9032258064516129,
        0.9204301075268817,
        0.9333333333333333,
        0.9612903225806452,
        0.9483870967741935,
        0.9612903225806451,
        0.956989247311828,
        0.956989247311828,
        0.9612903225806452,
        0.9655913978494624,
        0.9612903225806452,
        0.9612903225806451,
        0.9655913978494624,
        0.9591397849462366
    ],
    "val_accuracy": [
        0.6739130434782609,
        0.7608695652173914,
        0.8260869565217391,
        0.782608695652174,
        0.8478260869565217,
        0.8695652173913043,
        0.8260869565217391,
        0.8913043478260869,
        0.8043478260869565,
        0.8695652173913043,
        0.8913043478260869,
        0.8913043478260869,
        0.8695652173913043,
        0.8695652173913043,
        0.8260869565217391,
        0.8478260869565217,
        0.8478260869565217,
        0.8695652173913043
    ],
    "val_precision": [
        0.0,
        0.75,
        0.7692307692307693,
        0.8571428571428571,
        0.9,
        1.0,
        0.7058823529411765,
        0.8125,
        0.65,
        0.7647058823529411,
        1.0,
        0.8125,
        0.9090909090909091,
        0.7368421052631579,
        0.6666666666666666,
        0.7222222222222222,
        1.0,
        0.9090909090909091
    ],
    "val_recall": [
        0.0,
        0.4,
        0.6666666666666666,
        0.4,
        0.6,
        0.6,
        0.8,
        0.8666666666666667,
        0.8666666666666667,
        0.8666666666666667,
        0.6666666666666666,
        0.8666666666666667,
        0.6666666666666666,
        0.9333333333333333,
        0.9333333333333333,
        0.8666666666666667,
        0.5333333333333333,
        0.6666666666666666
    ],
    "val_f1_score": [
        0.0,
        0.5217391304347826,
        0.7142857142857143,
        0.5454545454545454,
        0.72,
        0.75,
        0.75,
        0.8387096774193549,
        0.7428571428571429,
        0.8125,
        0.8,
        0.8387096774193549,
        0.7692307692307693,
        0.8235294117647058,
        0.7777777777777778,
        0.7878787878787878,
        0.6956521739130435,
        0.7692307692307693
    ]
}