{
    "best_hyperparameters": {
        "hidden_size": 192,
        "num_layers": 1,
        "bidirectional": true,
        "lr": 0.0019313789994055313,
        "weight_decay": 0.0007111394027966315,
        "batch_size": 16,
        "dropout_fc": 0.20015213772648388
    },
    "best_validation_loss": 0.26060159752766293,
    "best_validation_auc": 0.9612903225806452,
    "best_epoch": 8,
    "test_metrics": {
        "loss": 0.6456353953108191,
        "accuracy": 0.765625,
        "precision": 0.7272727272727273,
        "recall": 0.64,
        "f1_score": 0.6808510638297872,
        "auc": 0.8646153846153847
    },
    "features_manifest": "..\\experiments\\exp_46\\results\\tables\\manifest_features.csv"
}