{
    "labels": [
        0,
        0,
        0,
        0,
        0,
        0,
        0,
        0,
        0,
        0,
        0,
        0,
        0,
        0,
        0,
        0,
        0,
        0,
        0,
        0,
        0,
        0,
        0,
        0,
        0,
        0,
        0,
        0,
        0,
        0,
        0,
        0,
        0,
        0,
        0,
        0,
        0,
        0,
        0,
        1,
        1,
        1,
        1,
        1,
        1,
        1,
        1,
        1,
        1,
        1,
        1,
        1,
        1,
        1,
        1,
        1,
        1,
        1,
        1,
        1,
        1,
        1,
        1,
        1
    ],
    "preds": [
        1,
        1,
        0,
        0,
        0,
        0,
        0,
        0,
        0,
        0,
        0,
        1,
        0,
        0,
        0,
        0,
        0,
        0,
        0,
        0,
        0,
        0,
        0,
        0,
        0,
        0,
        0,
        0,
        0,
        0,
        0,
        0,
        1,
        0,
        0,
        0,
        1,
        1,
        0,
        0,
        1,
        1,
        1,
        1,
        1,
        0,
        0,
        0,
        1,
        0,
        1,
        0,
        1,
        1,
        1,
        1,
        1,
        0,
        1,
        1,
        0,
        0,
        1,
        1
    ],
    "probs": [
        0.9506084322929382,
        0.9473492503166199,
        0.006886376067996025,
        0.037084221839904785,
        0.008596548810601234,
        0.00622863182798028,
        0.01148255169391632,
        0.07096975296735764,
        0.012809022329747677,
        0.009641598910093307,
        0.014614262618124485,
        0.652435839176178,
        0.010936888866126537,
        0.002609176794067025,
        0.027774766087532043,
        0.044920023530721664,
        0.008156889118254185,
        0.00436526769772172,
        0.010957551188766956,
        0.013178893364965916,
        0.007698528002947569,
        0.01659158430993557,
        0.005202196538448334,
        0.011438610963523388,
        0.034283384680747986,
        0.0065187495201826096,
        0.024517204612493515,
        0.012096406891942024,
        0.006218749098479748,
        0.04342081397771835,
        0.10031083226203918,
        0.019589943811297417,
        0.9453128576278687,
        0.329311341047287,
        0.009083878248929977,
        0.00729351956397295,
        0.843630850315094,
        0.8338411450386047,
        0.023388229310512543,
        0.03141968697309494,
        0.9795147180557251,
        0.9864705204963684,
        0.9586668610572815,
        0.9895360469818115,
        0.9921731948852539,
        0.014611007645726204,
        0.01642793044447899,
        0.24630330502986908,
        0.9618796110153198,
        0.007407458499073982,
        0.9748287200927734,
        0.03434985503554344,
        0.9843703508377075,
        0.9732032418251038,
        0.5901530385017395,
        0.8884717226028442,
        0.9472959637641907,
        0.2769591212272644,
        0.9792963862419128,
        0.9862406849861145,
        0.3289855718612671,
        0.15394458174705505,
        0.9839287996292114,
        0.9792065620422363
    ]
}