{
    "labels": [
        0,
        0,
        0,
        0,
        0,
        0,
        0,
        0,
        0,
        0,
        0,
        0,
        0,
        0,
        0,
        0,
        0,
        0,
        0,
        0,
        0,
        0,
        0,
        0,
        0,
        0,
        0,
        0,
        0,
        0,
        0,
        0,
        0,
        0,
        0,
        0,
        0,
        0,
        0,
        1,
        1,
        1,
        1,
        1,
        1,
        1,
        1,
        1,
        1,
        1,
        1,
        1,
        1,
        1,
        1,
        1,
        1,
        1,
        1,
        1,
        1,
        1,
        1,
        1
    ],
    "preds": [
        1,
        1,
        0,
        0,
        0,
        0,
        0,
        0,
        0,
        0,
        0,
        0,
        0,
        0,
        0,
        0,
        0,
        0,
        0,
        0,
        0,
        0,
        0,
        0,
        0,
        0,
        0,
        0,
        0,
        0,
        0,
        0,
        1,
        1,
        0,
        0,
        1,
        0,
        0,
        0,
        1,
        1,
        1,
        1,
        1,
        0,
        0,
        1,
        1,
        0,
        1,
        0,
        1,
        1,
        1,
        1,
        1,
        1,
        1,
        1,
        1,
        0,
        1,
        1
    ],
    "probs": [
        0.5290591716766357,
        0.919891357421875,
        0.052471984177827835,
        0.1010981947183609,
        0.09375244379043579,
        0.05417008697986603,
        0.053424254059791565,
        0.1617354154586792,
        0.09706109762191772,
        0.046562310308218,
        0.08329853415489197,
        0.13223230838775635,
        0.07278569042682648,
        0.04407196491956711,
        0.4453851282596588,
        0.06772398203611374,
        0.11291227489709854,
        0.057458020746707916,
        0.06143157184123993,
        0.10533114522695541,
        0.06205644831061363,
        0.13617390394210815,
        0.044009190052747726,
        0.06061040982604027,
        0.06056702136993408,
        0.08966819196939468,
        0.12280084192752838,
        0.11676691472530365,
        0.09168902784585953,
        0.2925565540790558,
        0.33754050731658936,
        0.05774528160691261,
        0.7620118856430054,
        0.912706196308136,
        0.05693893879652023,
        0.06859899312257767,
        0.767554521560669,
        0.3735162913799286,
        0.17863142490386963,
        0.16146570444107056,
        0.9578326344490051,
        0.9574902057647705,
        0.926810085773468,
        0.9690791368484497,
        0.972353994846344,
        0.04275358468294144,
        0.11665794998407364,
        0.8632141351699829,
        0.9618244767189026,
        0.07358957082033157,
        0.9556214809417725,
        0.15401220321655273,
        0.9668112993240356,
        0.9616036415100098,
        0.6783127188682556,
        0.8712283372879028,
        0.9168970584869385,
        0.917784571647644,
        0.9529497623443604,
        0.9519287943840027,
        0.9234855771064758,
        0.1327502429485321,
        0.9641304612159729,
        0.9513314962387085
    ]
}