{
    "train_loss": [
        0.6932298541069031,
        0.6832825243473053,
        0.6345812827348709,
        0.526245005428791,
        0.4121931493282318,
        0.36029038578271866,
        0.3574133664369583,
        0.30358417332172394,
        0.2704951912164688,
        0.19498339295387268,
        0.11003617011010647,
        0.131398169323802,
        0.13731956016272306,
        0.08869520900771022,
        0.18176661618053913,
        0.17015493661165237,
        0.1456650923937559,
        0.05345423333346844,
        0.06623899284750223,
        0.026200973894447088
    ],
    "val_loss": [
        0.6923508048057556,
        0.6773219704627991,
        0.6393359303474426,
        0.5660384297370911,
        0.5447229146957397,
        0.4730474650859833,
        0.5415740013122559,
        0.6499738693237305,
        0.49809595942497253,
        0.37369585037231445,
        0.4188353717327118,
        0.5151507258415222,
        0.7144808769226074,
        0.9148579239845276,
        0.8463989496231079,
        0.5760177373886108,
        0.628108024597168,
        0.6520985960960388,
        0.5377442836761475,
        0.8379085063934326
    ],
    "val_auc": [
        0.7290322580645161,
        0.7306451612903226,
        0.7741935483870968,
        0.7887096774193548,
        0.8322580645161289,
        0.853225806451613,
        0.8338709677419355,
        0.8467741935483871,
        0.8612903225806451,
        0.8758064516129033,
        0.8887096774193548,
        0.882258064516129,
        0.8661290322580645,
        0.8225806451612904,
        0.8483870967741935,
        0.8467741935483872,
        0.8403225806451613,
        0.8580645161290323,
        0.8564516129032258,
        0.853225806451613
    ],
    "val_accuracy": [
        0.47058823529411764,
        0.7058823529411765,
        0.6862745098039216,
        0.7254901960784313,
        0.7647058823529411,
        0.8235294117647058,
        0.7843137254901961,
        0.7254901960784313,
        0.7843137254901961,
        0.8627450980392157,
        0.8627450980392157,
        0.8431372549019608,
        0.7450980392156863,
        0.7647058823529411,
        0.7450980392156863,
        0.803921568627451,
        0.7843137254901961,
        0.7843137254901961,
        0.8431372549019608,
        0.803921568627451
    ],
    "val_precision": [
        0.4222222222222222,
        0.631578947368421,
        0.5769230769230769,
        0.875,
        0.8333333333333334,
        0.8666666666666667,
        0.9090909090909091,
        0.6,
        1.0,
        0.8421052631578947,
        1.0,
        1.0,
        0.6296296296296297,
        1.0,
        0.6296296296296297,
        0.9166666666666666,
        0.9090909090909091,
        0.68,
        0.8333333333333334,
        0.9166666666666666
    ],
    "val_recall": [
        0.95,
        0.6,
        0.75,
        0.35,
        0.5,
        0.65,
        0.5,
        0.9,
        0.45,
        0.8,
        0.65,
        0.6,
        0.85,
        0.4,
        0.85,
        0.55,
        0.5,
        0.85,
        0.75,
        0.55
    ],
    "val_f1_score": [
        0.5846153846153846,
        0.6153846153846154,
        0.6521739130434783,
        0.5,
        0.625,
        0.7428571428571429,
        0.6451612903225806,
        0.72,
        0.6206896551724138,
        0.8205128205128205,
        0.7878787878787878,
        0.75,
        0.723404255319149,
        0.5714285714285714,
        0.723404255319149,
        0.6875,
        0.6451612903225806,
        0.7555555555555555,
        0.7894736842105263,
        0.6875
    ]
}