{
    "train_loss": [
        0.6875556508700053,
        0.646084705988566,
        0.6091592311859131,
        0.5459927320480347,
        0.46475693583488464,
        0.38024096687634784,
        0.2842364062865575,
        0.22732881704966226,
        0.1682762255271276,
        0.11744418491919835,
        0.11253129194180171,
        0.08113734424114227,
        0.06856657564640045,
        0.03215289115905762,
        0.03548490256071091,
        0.016836709653337795,
        0.01328314064691464,
        0.007651579255859057,
        0.009466191288083792,
        0.005089872982352972,
        0.0076591876956323785,
        0.003913842141628265,
        0.002635822515003383,
        0.0028055697524299226,
        0.0026038771805663905,
        0.0013336212141439319,
        0.0011098655716826518
    ],
    "val_loss": [
        0.6422231197357178,
        0.6044079661369324,
        0.5730984807014465,
        0.5162005424499512,
        0.4254052937030792,
        0.38368916511535645,
        0.3200909197330475,
        0.3480972945690155,
        0.27981165051460266,
        0.34896916151046753,
        0.30748432874679565,
        0.3247709274291992,
        0.3171130418777466,
        0.3276579976081848,
        0.23737555742263794,
        0.3221762776374817,
        0.169359490275383,
        0.19634902477264404,
        0.20460595190525055,
        0.4269261062145233,
        0.4541197121143341,
        0.2881243824958801,
        0.29967615008354187,
        0.31351059675216675,
        0.3139318823814392,
        0.32735544443130493,
        0.3948829770088196
    ],
    "val_auc": [
        0.8110599078341013,
        0.8479262672811061,
        0.8778801843317972,
        0.8847926267281105,
        0.9193548387096774,
        0.9147465437788018,
        0.933179723502304,
        0.9239631336405529,
        0.9516129032258065,
        0.9377880184331797,
        0.9539170506912442,
        0.9447004608294931,
        0.9493087557603688,
        0.9746543778801844,
        0.9654377880184332,
        0.9631336405529953,
        0.9769585253456221,
        0.988479262672811,
        0.9723502304147464,
        0.9539170506912443,
        0.9516129032258065,
        0.967741935483871,
        0.9746543778801844,
        0.9769585253456221,
        0.9746543778801844,
        0.9700460829493087,
        0.9608294930875576
    ],
    "val_accuracy": [
        0.7111111111111111,
        0.7333333333333333,
        0.8,
        0.7777777777777778,
        0.8666666666666667,
        0.8222222222222222,
        0.8666666666666667,
        0.8222222222222222,
        0.9111111111111111,
        0.8444444444444444,
        0.8888888888888888,
        0.8222222222222222,
        0.8444444444444444,
        0.9111111111111111,
        0.8888888888888888,
        0.8444444444444444,
        0.8888888888888888,
        0.9333333333333333,
        0.9111111111111111,
        0.8666666666666667,
        0.8444444444444444,
        0.8666666666666667,
        0.8888888888888888,
        0.9111111111111111,
        0.8888888888888888,
        0.8666666666666667,
        0.8666666666666667
    ],
    "val_precision": [
        1.0,
        1.0,
        0.7272727272727273,
        0.6666666666666666,
        0.9,
        0.6875,
        0.9,
        0.6875,
        0.9166666666666666,
        0.7058823529411765,
        0.9090909090909091,
        0.6875,
        0.7333333333333333,
        1.0,
        0.8461538461538461,
        0.6842105263157895,
        0.8461538461538461,
        1.0,
        0.8571428571428571,
        0.7222222222222222,
        0.6842105263157895,
        0.7857142857142857,
        0.8461538461538461,
        0.9166666666666666,
        0.8461538461538461,
        0.7857142857142857,
        0.75
    ],
    "val_recall": [
        0.07142857142857142,
        0.14285714285714285,
        0.5714285714285714,
        0.5714285714285714,
        0.6428571428571429,
        0.7857142857142857,
        0.6428571428571429,
        0.7857142857142857,
        0.7857142857142857,
        0.8571428571428571,
        0.7142857142857143,
        0.7857142857142857,
        0.7857142857142857,
        0.7142857142857143,
        0.7857142857142857,
        0.9285714285714286,
        0.7857142857142857,
        0.7857142857142857,
        0.8571428571428571,
        0.9285714285714286,
        0.9285714285714286,
        0.7857142857142857,
        0.7857142857142857,
        0.7857142857142857,
        0.7857142857142857,
        0.7857142857142857,
        0.8571428571428571
    ],
    "val_f1_score": [
        0.13333333333333333,
        0.25,
        0.64,
        0.6153846153846154,
        0.75,
        0.7333333333333333,
        0.75,
        0.7333333333333333,
        0.8461538461538461,
        0.7741935483870968,
        0.8,
        0.7333333333333333,
        0.7586206896551724,
        0.8333333333333334,
        0.8148148148148148,
        0.7878787878787878,
        0.8148148148148148,
        0.88,
        0.8571428571428571,
        0.8125,
        0.7878787878787878,
        0.7857142857142857,
        0.8148148148148148,
        0.8461538461538461,
        0.8148148148148148,
        0.7857142857142857,
        0.8
    ]
}