{
    "labels": [
        0,
        0,
        0,
        0,
        0,
        0,
        0,
        0,
        0,
        0,
        0,
        0,
        0,
        0,
        0,
        0,
        0,
        0,
        0,
        0,
        0,
        0,
        0,
        0,
        0,
        0,
        0,
        0,
        0,
        0,
        0,
        0,
        0,
        0,
        0,
        0,
        0,
        0,
        0,
        1,
        1,
        1,
        1,
        1,
        1,
        1,
        1,
        1,
        1,
        1,
        1,
        1,
        1,
        1,
        1,
        1,
        1,
        1,
        1,
        1,
        1,
        1,
        1,
        1
    ],
    "preds": [
        1,
        1,
        0,
        0,
        0,
        0,
        0,
        0,
        0,
        0,
        0,
        1,
        0,
        0,
        0,
        0,
        0,
        0,
        0,
        0,
        0,
        0,
        0,
        0,
        0,
        0,
        0,
        0,
        0,
        0,
        1,
        0,
        1,
        0,
        0,
        0,
        1,
        1,
        0,
        0,
        1,
        1,
        1,
        1,
        1,
        0,
        0,
        1,
        1,
        0,
        1,
        0,
        1,
        1,
        1,
        0,
        1,
        1,
        0,
        1,
        1,
        0,
        1,
        1
    ],
    "probs": [
        0.7427136898040771,
        0.8900277614593506,
        0.0008599619613960385,
        0.0005827989079989493,
        0.00018246225954499096,
        0.03930438682436943,
        0.005101482849568129,
        0.0020896699279546738,
        0.0006076150457374752,
        0.002896607154980302,
        0.0544239841401577,
        0.9508537650108337,
        0.00252942880615592,
        0.0004029874107800424,
        0.0007098632049746811,
        0.06218811869621277,
        0.0005861172685399652,
        8.924749272409827e-05,
        0.011117415502667427,
        0.0034914349671453238,
        0.0005212320247665048,
        0.019404403865337372,
        0.0005280236946418881,
        0.23109504580497742,
        0.0051770941354334354,
        0.0003155117738060653,
        0.023175131529569626,
        0.0005780391511507332,
        0.0014247098006308079,
        0.012832698412239552,
        0.9792624711990356,
        0.005830679554492235,
        0.8967487812042236,
        0.007023744285106659,
        0.001182114938274026,
        0.0022344430908560753,
        0.9874833822250366,
        0.8565683960914612,
        0.0011234211269766092,
        0.07007848471403122,
        0.9981703758239746,
        0.9984464049339294,
        0.9796527624130249,
        0.999508261680603,
        0.9991771578788757,
        0.0004897184553556144,
        0.00019703333964571357,
        0.8948081135749817,
        0.9335052371025085,
        0.000578306382521987,
        0.9982790946960449,
        0.21569009125232697,
        0.998087465763092,
        0.9378024339675903,
        0.7719131112098694,
        0.1345348060131073,
        0.9965471625328064,
        0.5156240463256836,
        0.0009978380985558033,
        0.9985743761062622,
        0.7733648419380188,
        0.03498825803399086,
        0.9989293217658997,
        0.9985117316246033
    ]
}