{
    "train_loss": [
        0.6910495559374491,
        0.6248177488644918,
        0.5094126661618551,
        0.3201935701072216,
        0.22370021681611738,
        0.17727230613430342,
        0.24215080589056015,
        0.17903910297900438,
        0.17952559453745684,
        0.09634887465896706,
        0.09474710879536967,
        0.43847814357529086,
        0.17879001485804716,
        0.06067541668501993,
        0.028363046410959214,
        0.03266832164566343,
        0.026008763190475293,
        0.028003359572418656,
        0.037232049517721556,
        0.040375820977108866
    ],
    "val_loss": [
        0.6550914645195007,
        0.6290223101774851,
        0.38806157807509106,
        0.4295099079608917,
        0.30105283856391907,
        0.6282368923226992,
        0.36250637223323184,
        0.4060810183485349,
        0.4152311397095521,
        0.11941618441293637,
        1.9866266186193873,
        0.3560059716304143,
        0.14734158913294473,
        0.3443220175492267,
        0.19377298889836916,
        0.12153860259180267,
        0.4466701016256896,
        0.384945680697759,
        0.5708354214827219,
        1.181075793535759
    ],
    "val_auc": [
        0.8172043010752689,
        0.886021505376344,
        0.9075268817204301,
        0.8838709677419354,
        0.9505376344086022,
        0.9204301075268818,
        0.9376344086021506,
        0.967741935483871,
        0.9806451612903225,
        1.0,
        0.9612903225806451,
        0.989247311827957,
        0.9935483870967743,
        0.9913978494623655,
        0.9956989247311828,
        0.9935483870967743,
        0.9913978494623656,
        0.956989247311828,
        0.9526881720430107,
        0.9612903225806452
    ],
    "val_accuracy": [
        0.7391304347826086,
        0.6086956521739131,
        0.8913043478260869,
        0.8478260869565217,
        0.8695652173913043,
        0.8043478260869565,
        0.8478260869565217,
        0.8695652173913043,
        0.8695652173913043,
        0.9565217391304348,
        0.4782608695652174,
        0.8913043478260869,
        0.9565217391304348,
        0.9347826086956522,
        0.9347826086956522,
        0.9565217391304348,
        0.9130434782608695,
        0.9130434782608695,
        0.8478260869565217,
        0.7608695652173914
    ],
    "val_precision": [
        0.6,
        0.45161290322580644,
        0.9166666666666666,
        0.8333333333333334,
        0.7647058823529411,
        1.0,
        0.9,
        0.7142857142857143,
        1.0,
        1.0,
        0.38461538461538464,
        0.75,
        0.8823529411764706,
        1.0,
        0.9285714285714286,
        1.0,
        1.0,
        0.8666666666666667,
        0.7222222222222222,
        0.5769230769230769
    ],
    "val_recall": [
        0.6,
        0.9333333333333333,
        0.7333333333333333,
        0.6666666666666666,
        0.8666666666666667,
        0.4,
        0.6,
        1.0,
        0.6,
        0.8666666666666667,
        1.0,
        1.0,
        1.0,
        0.8,
        0.8666666666666667,
        0.8666666666666667,
        0.7333333333333333,
        0.8666666666666667,
        0.8666666666666667,
        1.0
    ],
    "val_f1_score": [
        0.6,
        0.6086956521739131,
        0.8148148148148148,
        0.7407407407407407,
        0.8125,
        0.5714285714285714,
        0.72,
        0.8333333333333334,
        0.75,
        0.9285714285714286,
        0.5555555555555556,
        0.8571428571428571,
        0.9375,
        0.8888888888888888,
        0.896551724137931,
        0.9285714285714286,
        0.8461538461538461,
        0.8666666666666667,
        0.7878787878787878,
        0.7317073170731707
    ]
}