{
    "labels": [
        0,
        0,
        0,
        0,
        0,
        0,
        0,
        0,
        0,
        0,
        0,
        0,
        0,
        0,
        0,
        0,
        0,
        0,
        0,
        0,
        0,
        0,
        0,
        0,
        0,
        0,
        0,
        0,
        0,
        0,
        0,
        0,
        0,
        0,
        0,
        0,
        0,
        0,
        0,
        1,
        1,
        1,
        1,
        1,
        1,
        1,
        1,
        1,
        1,
        1,
        1,
        1,
        1,
        1,
        1,
        1,
        1,
        1,
        1,
        1,
        1,
        1,
        1,
        1
    ],
    "preds": [
        1,
        1,
        0,
        0,
        0,
        0,
        0,
        0,
        0,
        0,
        0,
        0,
        0,
        0,
        0,
        0,
        0,
        0,
        0,
        0,
        0,
        0,
        0,
        0,
        0,
        0,
        0,
        0,
        0,
        0,
        1,
        0,
        0,
        0,
        0,
        0,
        0,
        0,
        0,
        1,
        1,
        1,
        1,
        1,
        1,
        0,
        0,
        0,
        1,
        0,
        1,
        1,
        1,
        0,
        1,
        1,
        1,
        1,
        1,
        1,
        1,
        0,
        1,
        1
    ],
    "probs": [
        0.9447489976882935,
        0.9545824527740479,
        0.001218580873683095,
        0.0014163318555802107,
        0.0012744810665026307,
        0.0015070236986503005,
        0.001033384702168405,
        0.0035906757693737745,
        0.0010893127182498574,
        0.0008719711913727224,
        0.0014289789833128452,
        0.01261487789452076,
        0.0017385033424943686,
        0.0010389417875558138,
        0.002358721336349845,
        0.0018679224886000156,
        0.0008876489009708166,
        0.0008554278174415231,
        0.0013490826822817326,
        0.0052381856366992,
        0.000980751821771264,
        0.005904331337660551,
        0.0009333956404589117,
        0.0015565279172733426,
        0.0010094696190208197,
        0.0013048317050561309,
        0.0013675548834726214,
        0.0011157224653288722,
        0.0010998903308063745,
        0.0012933495454490185,
        0.884371280670166,
        0.0038565469440072775,
        0.180289626121521,
        0.0014934123028069735,
        0.0011698094895109534,
        0.0022866541985422373,
        0.027630778029561043,
        0.010008188895881176,
        0.0028776568360626698,
        0.9276294708251953,
        0.9894829392433167,
        0.9919838309288025,
        0.9028352499008179,
        0.9944562315940857,
        0.9951230883598328,
        0.0008321437635459006,
        0.0014714824501425028,
        0.14760783314704895,
        0.9895936250686646,
        0.0008808940183371305,
        0.9847093224525452,
        0.9749372601509094,
        0.9862304329872131,
        0.179563969373703,
        0.9933317303657532,
        0.682125985622406,
        0.9816607236862183,
        0.9796660542488098,
        0.994717538356781,
        0.9936292767524719,
        0.9326006770133972,
        0.001120720524340868,
        0.9955033659934998,
        0.9909571409225464
    ]
}