{
    "train_loss": [
        0.6937361756960551,
        0.6855582793553671,
        0.6610192855199178,
        0.5855532089869181,
        0.48838792244593304,
        0.3588222960631053,
        0.8031221628189087,
        0.3180488646030426,
        0.2958240161339442,
        0.24251333872477213,
        0.23257129391034445,
        0.2029594083627065,
        0.18114079038302103,
        0.12152433395385742,
        0.10381435354550679,
        0.11579844479759534,
        0.06510655706127484,
        0.05371998157352209,
        0.07914888858795166,
        0.3700119744365414,
        0.42920344074567157,
        0.082052747408549,
        0.21589523553848267,
        0.11937863131364186
    ],
    "val_loss": [
        0.6888447999954224,
        0.6771508455276489,
        0.6492030024528503,
        0.588585615158081,
        0.6237585544586182,
        0.933114767074585,
        0.6196059584617615,
        0.5271977782249451,
        0.5310525298118591,
        0.5364229679107666,
        0.4884989261627197,
        0.5401997566223145,
        0.46334630250930786,
        0.41251707077026367,
        0.7109185457229614,
        0.6652579307556152,
        0.8916357159614563,
        0.8403221964836121,
        1.3945749998092651,
        1.1150541305541992,
        0.7776201367378235,
        0.7042698860168457,
        0.5704516172409058,
        0.7382345199584961
    ],
    "val_auc": [
        0.7225806451612904,
        0.7387096774193548,
        0.7483870967741936,
        0.7564516129032257,
        0.7774193548387096,
        0.7741935483870968,
        0.7887096774193548,
        0.8080645161290323,
        0.8193548387096774,
        0.8467741935483871,
        0.853225806451613,
        0.8548387096774193,
        0.8580645161290323,
        0.8548387096774194,
        0.8483870967741935,
        0.8403225806451613,
        0.8290322580645162,
        0.8258064516129033,
        0.8129032258064517,
        0.8193548387096774,
        0.8129032258064516,
        0.8112903225806453,
        0.7983870967741935,
        0.8354838709677419
    ],
    "val_accuracy": [
        0.6078431372549019,
        0.6078431372549019,
        0.6862745098039216,
        0.7450980392156863,
        0.6274509803921569,
        0.6666666666666666,
        0.7647058823529411,
        0.7843137254901961,
        0.7647058823529411,
        0.7450980392156863,
        0.7843137254901961,
        0.7647058823529411,
        0.8235294117647058,
        0.8431372549019608,
        0.7254901960784313,
        0.803921568627451,
        0.7843137254901961,
        0.7843137254901961,
        0.7058823529411765,
        0.7254901960784313,
        0.7647058823529411,
        0.7058823529411765,
        0.7647058823529411,
        0.7647058823529411
    ],
    "val_precision": [
        0.0,
        0.0,
        0.625,
        0.8888888888888888,
        0.5142857142857142,
        1.0,
        0.9,
        0.8,
        0.9,
        0.8888888888888888,
        0.7142857142857143,
        1.0,
        0.9230769230769231,
        0.8333333333333334,
        0.875,
        0.9166666666666666,
        0.68,
        1.0,
        0.5925925925925926,
        1.0,
        0.9,
        0.6,
        0.7,
        1.0
    ],
    "val_recall": [
        0.0,
        0.0,
        0.5,
        0.4,
        0.9,
        0.15,
        0.45,
        0.6,
        0.45,
        0.4,
        0.75,
        0.4,
        0.6,
        0.75,
        0.35,
        0.55,
        0.85,
        0.45,
        0.8,
        0.3,
        0.45,
        0.75,
        0.7,
        0.4
    ],
    "val_f1_score": [
        0.0,
        0.0,
        0.5555555555555556,
        0.5517241379310345,
        0.6545454545454545,
        0.2608695652173913,
        0.6,
        0.6857142857142857,
        0.6,
        0.5517241379310345,
        0.7317073170731707,
        0.5714285714285714,
        0.7272727272727273,
        0.7894736842105263,
        0.5,
        0.6875,
        0.7555555555555555,
        0.6206896551724138,
        0.6808510638297872,
        0.46153846153846156,
        0.6,
        0.6666666666666666,
        0.7,
        0.5714285714285714
    ]
}