{
    "labels": [
        0,
        0,
        0,
        0,
        0,
        0,
        0,
        0,
        0,
        0,
        0,
        0,
        0,
        0,
        0,
        0,
        0,
        0,
        0,
        0,
        0,
        0,
        0,
        0,
        0,
        0,
        0,
        0,
        0,
        0,
        0,
        0,
        0,
        0,
        0,
        0,
        0,
        0,
        0,
        1,
        1,
        1,
        1,
        1,
        1,
        1,
        1,
        1,
        1,
        1,
        1,
        1,
        1,
        1,
        1,
        1,
        1,
        1,
        1,
        1,
        1,
        1,
        1,
        1
    ],
    "preds": [
        1,
        1,
        0,
        0,
        0,
        0,
        0,
        0,
        0,
        0,
        0,
        1,
        0,
        0,
        1,
        0,
        0,
        0,
        0,
        0,
        0,
        0,
        0,
        0,
        0,
        0,
        0,
        0,
        0,
        0,
        1,
        0,
        1,
        0,
        0,
        0,
        1,
        1,
        0,
        1,
        1,
        1,
        0,
        1,
        1,
        0,
        0,
        1,
        1,
        0,
        1,
        1,
        1,
        1,
        1,
        1,
        1,
        1,
        1,
        1,
        1,
        0,
        1,
        1
    ],
    "probs": [
        0.9834182858467102,
        0.9783309698104858,
        0.059780675917863846,
        0.06399636715650558,
        0.08283185213804245,
        0.05976853892207146,
        0.0660160481929779,
        0.16395345330238342,
        0.07852078229188919,
        0.06046643480658531,
        0.08074996620416641,
        0.9888396859169006,
        0.09916934370994568,
        0.059852443635463715,
        0.9644426107406616,
        0.06619790196418762,
        0.09172360599040985,
        0.052437618374824524,
        0.12340885400772095,
        0.07185153663158417,
        0.06705939024686813,
        0.12878532707691193,
        0.06322411447763443,
        0.1711181253194809,
        0.07619214802980423,
        0.05893440917134285,
        0.0705011859536171,
        0.07574451714754105,
        0.06043995916843414,
        0.06660778075456619,
        0.9844864010810852,
        0.06958096474409103,
        0.9669533967971802,
        0.1842898577451706,
        0.07883336395025253,
        0.0592806339263916,
        0.9880054593086243,
        0.9704741835594177,
        0.07743887603282928,
        0.9725578427314758,
        0.9887065887451172,
        0.9894657135009766,
        0.28472527861595154,
        0.9920027256011963,
        0.9914059638977051,
        0.06522362679243088,
        0.07727906852960587,
        0.9829277396202087,
        0.9849507808685303,
        0.06544461846351624,
        0.9837368130683899,
        0.9253467917442322,
        0.9923254251480103,
        0.9751119017601013,
        0.9890817403793335,
        0.9834480285644531,
        0.9854627847671509,
        0.9873411059379578,
        0.9903805255889893,
        0.9907229542732239,
        0.9879305362701416,
        0.0685076043009758,
        0.990924596786499,
        0.9897329211235046
    ]
}