{
    "labels": [
        0,
        0,
        0,
        0,
        0,
        0,
        0,
        0,
        0,
        0,
        0,
        0,
        0,
        0,
        0,
        0,
        0,
        0,
        0,
        0,
        0,
        0,
        0,
        0,
        0,
        0,
        0,
        0,
        0,
        0,
        0,
        0,
        0,
        0,
        0,
        0,
        0,
        0,
        0,
        1,
        1,
        1,
        1,
        1,
        1,
        1,
        1,
        1,
        1,
        1,
        1,
        1,
        1,
        1,
        1,
        1,
        1,
        1,
        1,
        1,
        1,
        1,
        1,
        1
    ],
    "preds": [
        1,
        1,
        0,
        0,
        0,
        0,
        0,
        0,
        0,
        0,
        0,
        1,
        0,
        0,
        0,
        0,
        0,
        0,
        0,
        0,
        0,
        0,
        0,
        0,
        0,
        0,
        0,
        0,
        0,
        0,
        0,
        0,
        1,
        1,
        0,
        0,
        1,
        1,
        0,
        0,
        1,
        1,
        1,
        1,
        1,
        0,
        0,
        1,
        1,
        0,
        1,
        0,
        1,
        1,
        0,
        1,
        1,
        1,
        1,
        1,
        1,
        0,
        1,
        1
    ],
    "probs": [
        0.999474823474884,
        0.9217504262924194,
        0.00015722848183941096,
        0.0007717148400843143,
        0.00013906537787988782,
        0.0010966104455292225,
        0.00011647334758890793,
        0.005643649958074093,
        0.00010440879123052582,
        0.0007397523149847984,
        0.00033305102260783315,
        0.6443723440170288,
        0.0010287846671417356,
        5.537105244002305e-05,
        0.0006679376820102334,
        0.025840943679213524,
        0.00010503420344321057,
        5.087430326966569e-05,
        0.0033984852489084005,
        8.523181895725429e-05,
        8.050501492107287e-05,
        0.0007945974939502776,
        8.708968380233273e-05,
        0.00030943090678192675,
        0.00026240889565087855,
        0.00016014247376006097,
        0.0005120501737110317,
        0.00010841729090316221,
        0.0022191680036485195,
        0.0032260811422020197,
        0.18591098487377167,
        0.00010356524580856785,
        0.9712461233139038,
        0.8488810062408447,
        0.00016805574705358595,
        9.152881102636456e-05,
        0.9988017082214355,
        0.7617533206939697,
        0.000265551614575088,
        0.0003891550877597183,
        0.9998408555984497,
        0.9996675252914429,
        0.9983022212982178,
        0.9998427629470825,
        0.9999369382858276,
        0.0003146109520457685,
        0.00012146146764280275,
        0.9042780995368958,
        0.9996366500854492,
        0.00010711835784604773,
        0.9991685152053833,
        0.0037802159786224365,
        0.999799907207489,
        0.9992833733558655,
        0.0032473490573465824,
        0.9890572428703308,
        0.9989469647407532,
        0.9972482323646545,
        0.9997835755348206,
        0.9996802806854248,
        0.992276132106781,
        0.003675870830193162,
        0.9998291730880737,
        0.9995679259300232
    ]
}