{
    "train_loss": [
        0.6779144406318665,
        0.622112880150477,
        0.5707075893878937,
        0.4562219778696696,
        0.3880716810623805,
        0.29895396033922833,
        0.23649825404087702,
        0.1604181888202826,
        0.14243297465145588,
        0.16855019330978394,
        0.1016253527874748,
        0.04923231682429711,
        0.06736706973363955,
        0.03164192164937655,
        0.026060613958785932,
        0.014417632948607206,
        0.010382246691733599,
        0.007729703638081749,
        0.007360077773531278,
        0.004660810111090541,
        0.0033629728325953088,
        0.0034603585954755545,
        0.002562684986817961,
        0.002399394055828452,
        0.0024075582429456213,
        0.0017523343170372148,
        0.0016484075070669253,
        0.002405383352500697,
        0.0015552860762303073,
        0.0012691225614010666,
        0.0016792411915957928,
        0.0012507308371520291,
        0.0012341368710622191,
        0.0009290452605152192,
        0.0010366887727286667,
        0.001023405706897999,
        0.0010754790370507787,
        0.0014024556730873883,
        0.0008424255865975283,
        0.0011821775891197224,
        0.0007683575919751698,
        0.0008953372356093799,
        0.0008415016830743601,
        0.0008995614528733616,
        0.0007134228823512482,
        0.001637112523894757,
        0.0007539512977624933,
        0.0006953004873745764,
        0.0008281578969520827,
        0.0006785474542994052,
        0.0005110214745703464,
        0.0007402838382404298,
        0.0006949826589940736,
        0.0005931778772113224,
        0.00053725230100099,
        0.0005248578187699119,
        0.0005016815436344283,
        0.0006228501394313449,
        0.0006592701732491454,
        0.0005714038513057554
    ],
    "val_loss": [
        0.6569021046161652,
        0.5943911969661713,
        0.5318967998027802,
        0.5022776871919632,
        0.4461232125759125,
        0.3724351227283478,
        0.3386814370751381,
        0.2747496962547302,
        0.43418165668845177,
        0.2547795847058296,
        0.4747524820268154,
        0.2979515641927719,
        0.4954470358788967,
        0.31401003897190094,
        0.3691287264227867,
        0.30639123171567917,
        0.3147762008011341,
        0.32815708965063095,
        0.21962687373161316,
        0.1698683723807335,
        0.20746460556983948,
        0.2664426602423191,
        0.23503325134515762,
        0.1836198940873146,
        0.16870057955384254,
        0.16179588064551353,
        0.16248935461044312,
        0.1702423244714737,
        0.17421508952975273,
        0.1581074818968773,
        0.14767758175730705,
        0.14057983085513115,
        0.13773036748170853,
        0.13534711673855782,
        0.13422489166259766,
        0.13333424925804138,
        0.1327553242444992,
        0.13246417790651321,
        0.13727308809757233,
        0.13093071430921555,
        0.14605693146586418,
        0.1475316658616066,
        0.13459275662899017,
        0.13380425423383713,
        0.13033593818545341,
        0.12847761064767838,
        0.12730970978736877,
        0.12897612154483795,
        0.13685820624232292,
        0.13451441377401352,
        0.1136537566781044,
        0.11833381652832031,
        0.12820835039019585,
        0.12878651171922684,
        0.1301722191274166,
        0.13040576502680779,
        0.12831002473831177,
        0.12615737318992615,
        0.1341029778122902,
        0.14366553351283073
    ],
    "val_auc": [
        0.8258064516129032,
        0.8709677419354838,
        0.886021505376344,
        0.8774193548387097,
        0.8946236559139785,
        0.9333333333333332,
        0.9483870967741935,
        0.9548387096774194,
        0.9741935483870967,
        0.9741935483870967,
        0.956989247311828,
        0.9526881720430108,
        0.9419354838709678,
        0.9526881720430107,
        0.9483870967741935,
        0.9634408602150537,
        0.9612903225806451,
        0.9698924731182795,
        0.9741935483870968,
        0.9827956989247313,
        0.9763440860215054,
        0.978494623655914,
        0.9806451612903225,
        0.9806451612903226,
        0.9827956989247312,
        0.9849462365591398,
        0.9870967741935484,
        0.9870967741935484,
        0.9849462365591398,
        0.9870967741935484,
        0.989247311827957,
        0.989247311827957,
        0.989247311827957,
        0.989247311827957,
        0.989247311827957,
        0.9913978494623655,
        0.9913978494623655,
        0.9913978494623655,
        0.9913978494623655,
        0.9913978494623655,
        0.9870967741935484,
        0.989247311827957,
        0.989247311827957,
        0.989247311827957,
        0.9913978494623655,
        0.9913978494623655,
        0.989247311827957,
        0.989247311827957,
        0.9913978494623655,
        0.9913978494623655,
        0.9935483870967742,
        0.9913978494623655,
        0.9913978494623655,
        0.9913978494623655,
        0.9913978494623655,
        0.9913978494623655,
        0.9913978494623655,
        0.9935483870967743,
        0.9913978494623655,
        0.989247311827957
    ],
    "val_accuracy": [
        0.782608695652174,
        0.782608695652174,
        0.7608695652173914,
        0.782608695652174,
        0.8043478260869565,
        0.8260869565217391,
        0.8478260869565217,
        0.8913043478260869,
        0.8695652173913043,
        0.8260869565217391,
        0.8478260869565217,
        0.8043478260869565,
        0.8913043478260869,
        0.8478260869565217,
        0.8695652173913043,
        0.8695652173913043,
        0.8695652173913043,
        0.8913043478260869,
        0.8913043478260869,
        0.9130434782608695,
        0.8913043478260869,
        0.8913043478260869,
        0.8913043478260869,
        0.9347826086956522,
        0.9347826086956522,
        0.9347826086956522,
        0.9347826086956522,
        0.9565217391304348,
        0.9565217391304348,
        0.9565217391304348,
        0.9565217391304348,
        0.9347826086956522,
        0.9347826086956522,
        0.9347826086956522,
        0.9347826086956522,
        0.9347826086956522,
        0.9347826086956522,
        0.9347826086956522,
        0.9347826086956522,
        0.9347826086956522,
        0.9565217391304348,
        0.9565217391304348,
        0.9565217391304348,
        0.9347826086956522,
        0.9565217391304348,
        0.9565217391304348,
        0.9565217391304348,
        0.9565217391304348,
        0.9347826086956522,
        0.9347826086956522,
        0.9565217391304348,
        0.9565217391304348,
        0.9565217391304348,
        0.9565217391304348,
        0.9565217391304348,
        0.9565217391304348,
        0.9565217391304348,
        0.9565217391304348,
        0.9565217391304348,
        0.9565217391304348
    ],