{
    "labels": [
        0,
        0,
        0,
        0,
        0,
        0,
        0,
        0,
        0,
        0,
        0,
        0,
        0,
        0,
        0,
        0,
        0,
        0,
        0,
        0,
        0,
        0,
        0,
        0,
        0,
        0,
        0,
        0,
        0,
        0,
        0,
        0,
        0,
        0,
        0,
        0,
        0,
        0,
        0,
        1,
        1,
        1,
        1,
        1,
        1,
        1,
        1,
        1,
        1,
        1,
        1,
        1,
        1,
        1,
        1,
        1,
        1,
        1,
        1,
        1,
        1,
        1,
        1,
        1
    ],
    "preds": [
        1,
        1,
        0,
        0,
        0,
        0,
        0,
        0,
        0,
        0,
        0,
        0,
        0,
        0,
        0,
        1,
        0,
        0,
        0,
        0,
        0,
        0,
        0,
        0,
        0,
        0,
        0,
        0,
        0,
        1,
        1,
        0,
        0,
        0,
        0,
        0,
        1,
        1,
        0,
        1,
        1,
        1,
        1,
        1,
        1,
        0,
        0,
        1,
        1,
        0,
        1,
        1,
        1,
        1,
        0,
        0,
        1,
        1,
        1,
        1,
        1,
        0,
        1,
        1
    ],
    "probs": [
        0.8911998271942139,
        0.9451566338539124,
        0.1555003821849823,
        0.048778023570775986,
        0.04212194308638573,
        0.02903924509882927,
        0.28061383962631226,
        0.03907233104109764,
        0.48901841044425964,
        0.04282820597290993,
        0.03730182722210884,
        0.06574750691652298,
        0.027693120762705803,
        0.037132468074560165,
        0.14994922280311584,
        0.783961832523346,
        0.04363362863659859,
        0.028069064021110535,
        0.038992516696453094,
        0.16438311338424683,
        0.024598130956292152,
        0.2622145414352417,
        0.09062717109918594,
        0.2584059536457062,
        0.2879745066165924,
        0.23937000334262848,
        0.1989513784646988,
        0.475332111120224,
        0.07669607549905777,
        0.5121272802352905,
        0.6867128014564514,
        0.18678395450115204,
        0.31190213561058044,
        0.0472862645983696,
        0.050276875495910645,
        0.17902575433254242,
        0.8486712574958801,
        0.8972810506820679,
        0.4425004720687866,
        0.627318263053894,
        0.9596810936927795,
        0.9912927746772766,
        0.9599632620811462,
        0.9906383752822876,
        0.9927663803100586,
        0.027522560209035873,
        0.21543318033218384,
        0.9704392552375793,
        0.8512352705001831,
        0.015712901949882507,
        0.9878646731376648,
        0.5863460898399353,
        0.7845709323883057,
        0.7606033682823181,
        0.3248171806335449,
        0.032767072319984436,
        0.9159356951713562,
        0.5224747061729431,
        0.6029496192932129,
        0.992087185382843,
        0.9641332626342773,
        0.042047396302223206,
        0.9904522895812988,
        0.9888706803321838
    ]
}