{
    "train_loss": [
        0.6786918789148331,
        0.6588918566703796,
        0.6136840283870697,
        0.5727726966142654,
        0.5536471009254456,
        0.3703085519373417,
        0.2808588854968548,
        0.20337022095918655,
        0.2218797756358981,
        0.2696072608232498,
        0.18999157845973969,
        0.10972492210566998,
        0.08680421975441277,
        0.2807729262858629,
        0.31543670408427715,
        0.282147865742445,
        0.24062523245811462,
        0.1765163280069828,
        0.11950200889259577,
        0.08703296072781086,
        0.19366587791591883,
        0.23664670810103416,
        0.1912431214004755,
        0.208762738853693,
        0.12592263147234917
    ],
    "val_loss": [
        0.6704735159873962,
        0.6464959383010864,
        0.6229162812232971,
        0.6923205852508545,
        0.6307440400123596,
        0.6489461660385132,
        0.7550588846206665,
        0.805706262588501,
        0.9610108137130737,
        0.6403096914291382,
        0.5498299598693848,
        0.6052200794219971,
        1.0197370052337646,
        0.8869362473487854,
        0.4520173966884613,
        0.510276734828949,
        0.49630653858184814,
        0.5800532698631287,
        0.8856587409973145,
        0.6337634921073914,
        1.1869781017303467,
        0.5081736445426941,
        0.6456705927848816,
        0.5344040989875793,
        0.9191261529922485
    ],
    "val_auc": [
        0.6612903225806451,
        0.6790322580645162,
        0.7048387096774194,
        0.7467741935483871,
        0.714516129032258,
        0.7032258064516129,
        0.7403225806451613,
        0.7774193548387096,
        0.764516129032258,
        0.7903225806451613,
        0.7983870967741935,
        0.8129032258064515,
        0.8193548387096774,
        0.8048387096774193,
        0.8403225806451613,
        0.8354838709677419,
        0.817741935483871,
        0.8048387096774193,
        0.8096774193548387,
        0.8112903225806452,
        0.8129032258064518,
        0.8403225806451613,
        0.8338709677419355,
        0.8161290322580644,
        0.8064516129032258
    ],
    "val_accuracy": [
        0.6078431372549019,
        0.6078431372549019,
        0.7450980392156863,
        0.7058823529411765,
        0.6666666666666666,
        0.7450980392156863,
        0.7058823529411765,
        0.7058823529411765,
        0.6470588235294118,
        0.7058823529411765,
        0.8235294117647058,
        0.803921568627451,
        0.7450980392156863,
        0.7647058823529411,
        0.8235294117647058,
        0.803921568627451,
        0.8235294117647058,
        0.8627450980392157,
        0.7843137254901961,
        0.8431372549019608,
        0.7450980392156863,
        0.8431372549019608,
        0.7647058823529411,
        0.7647058823529411,
        0.7450980392156863
    ],
    "val_precision": [
        0.0,
        0.0,
        0.8888888888888888,
        1.0,
        0.5652173913043478,
        0.8181818181818182,
        0.6666666666666666,
        0.631578947368421,
        0.5384615384615384,
        0.8571428571428571,
        1.0,
        0.9166666666666666,
        1.0,
        1.0,
        0.9230769230769231,
        1.0,
        1.0,
        1.0,
        1.0,
        0.8333333333333334,
        1.0,
        0.9285714285714286,
        1.0,
        0.7222222222222222,
        1.0
    ],
    "val_recall": [
        0.0,
        0.0,
        0.4,
        0.25,
        0.65,
        0.45,
        0.5,
        0.6,
        0.7,
        0.3,
        0.55,
        0.55,
        0.35,
        0.4,
        0.6,
        0.5,
        0.55,
        0.65,
        0.45,
        0.75,
        0.35,
        0.65,
        0.4,
        0.65,
        0.35
    ],
    "val_f1_score": [
        0.0,
        0.0,
        0.5517241379310345,
        0.4,
        0.6046511627906976,
        0.5806451612903226,
        0.5714285714285714,
        0.6153846153846154,
        0.6086956521739131,
        0.4444444444444444,
        0.7096774193548387,
        0.6875,
        0.5185185185185185,
        0.5714285714285714,
        0.7272727272727273,
        0.6666666666666666,
        0.7096774193548387,
        0.7878787878787878,
        0.6206896551724138,
        0.7894736842105263,
        0.5185185185185185,
        0.7647058823529411,
        0.5714285714285714,
        0.6842105263157895,
        0.5185185185185185
    ]
}