{
    "train_loss": [
        0.6723673641681671,
        0.6602520942687988,
        0.6237066835165024,
        0.5457894206047058,
        0.42675718665122986,
        0.25586898997426033,
        0.15306408517062664,
        0.16341346688568592,
        0.10158294206485152,
        0.05001300200819969,
        0.0450437453109771,
        0.028855068143457174,
        0.2831656771013513,
        1.2067987490445375,
        0.38086406514048576,
        0.18532665446400642
    ],
    "val_loss": [
        0.6658346652984619,
        0.6454951763153076,
        0.6151260137557983,
        0.5939906239509583,
        0.6314265131950378,
        0.5370756387710571,
        0.8792253136634827,
        0.6820367574691772,
        0.7876916527748108,
        1.0510568618774414,
        1.0657378435134888,
        1.4772427082061768,
        2.1221752166748047,
        1.0094618797302246,
        0.546405017375946,
        0.5633515119552612
    ],
    "val_auc": [
        0.7741935483870968,
        0.7467741935483871,
        0.7403225806451613,
        0.7645161290322581,
        0.785483870967742,
        0.7854838709677419,
        0.7983870967741935,
        0.7838709677419355,
        0.7564516129032258,
        0.7725806451612904,
        0.7516129032258065,
        0.7774193548387097,
        0.7790322580645161,
        0.7967741935483872,
        0.8032258064516129,
        0.7951612903225806
    ],
    "val_accuracy": [
        0.6078431372549019,
        0.6078431372549019,
        0.7450980392156863,
        0.7843137254901961,
        0.7647058823529411,
        0.803921568627451,
        0.7254901960784313,
        0.7450980392156863,
        0.7843137254901961,
        0.7647058823529411,
        0.7254901960784313,
        0.7254901960784313,
        0.6274509803921569,
        0.6862745098039216,
        0.7254901960784313,
        0.7058823529411765
    ],
    "val_precision": [
        0.0,
        0.0,
        0.7692307692307693,
        1.0,
        1.0,
        0.8125,
        1.0,
        0.6666666666666666,
        0.9090909090909091,
        1.0,
        0.6875,
        1.0,
        1.0,
        1.0,
        0.625,
        1.0
    ],
    "val_recall": [
        0.0,
        0.0,
        0.5,
        0.45,
        0.4,
        0.65,
        0.3,
        0.7,
        0.5,
        0.4,
        0.55,
        0.3,
        0.05,
        0.2,
        0.75,
        0.25
    ],
    "val_f1_score": [
        0.0,
        0.0,
        0.6060606060606061,
        0.6206896551724138,
        0.5714285714285714,
        0.7222222222222222,
        0.46153846153846156,
        0.6829268292682927,
        0.6451612903225806,
        0.5714285714285714,
        0.6111111111111112,
        0.46153846153846156,
        0.09523809523809523,
        0.3333333333333333,
        0.6818181818181818,
        0.4
    ]
}