{
    "labels": [
        0,
        0,
        0,
        0,
        0,
        0,
        0,
        0,
        0,
        0,
        0,
        0,
        0,
        0,
        0,
        0,
        0,
        0,
        0,
        0,
        0,
        0,
        0,
        0,
        0,
        0,
        0,
        0,
        0,
        0,
        0,
        0,
        0,
        0,
        0,
        0,
        0,
        0,
        0,
        1,
        1,
        1,
        1,
        1,
        1,
        1,
        1,
        1,
        1,
        1,
        1,
        1,
        1,
        1,
        1,
        1,
        1,
        1,
        1,
        1,
        1,
        1,
        1,
        1
    ],
    "preds": [
        0,
        1,
        0,
        0,
        0,
        0,
        0,
        0,
        0,
        0,
        0,
        1,
        0,
        0,
        1,
        0,
        0,
        0,
        0,
        0,
        0,
        0,
        0,
        0,
        0,
        0,
        0,
        0,
        0,
        0,
        1,
        0,
        1,
        0,
        0,
        0,
        1,
        1,
        0,
        0,
        1,
        1,
        1,
        1,
        1,
        0,
        0,
        0,
        1,
        0,
        1,
        1,
        1,
        0,
        0,
        1,
        1,
        1,
        0,
        1,
        1,
        0,
        1,
        1
    ],
    "probs": [
        0.43850547075271606,
        0.8874804377555847,
        0.04936438426375389,
        0.07081535458564758,
        0.05125095695257187,
        0.05749185010790825,
        0.05203112214803696,
        0.08337057381868362,
        0.052743684500455856,
        0.054005347192287445,
        0.08395567536354065,
        0.6277698278427124,
        0.05598217993974686,
        0.05821394547820091,
        0.7183459401130676,
        0.06749548763036728,
        0.0615055114030838,
        0.04668763652443886,
        0.056002192199230194,
        0.3826135993003845,
        0.05401422455906868,
        0.07985708117485046,
        0.04917185381054878,
        0.05973587930202484,
        0.07393970340490341,
        0.058464448899030685,
        0.4611034095287323,
        0.05320791155099869,
        0.05673234537243843,
        0.13938060402870178,
        0.6804735064506531,
        0.06891494989395142,
        0.7923485040664673,
        0.12245113402605057,
        0.050861239433288574,
        0.05616471916437149,
        0.8516671657562256,
        0.7148986458778381,
        0.11323552578687668,
        0.2066585123538971,
        0.8911800980567932,
        0.8982334136962891,
        0.8775091171264648,
        0.9031742215156555,
        0.9034335017204285,
        0.0743803083896637,
        0.11528964340686798,
        0.31072670221328735,
        0.8561641573905945,
        0.05109816789627075,
        0.9019415974617004,
        0.8212442994117737,
        0.8717842698097229,
        0.37189626693725586,
        0.2700062096118927,
        0.5755592584609985,
        0.8520783185958862,
        0.8369548916816711,
        0.07657285034656525,
        0.9010173082351685,
        0.8472001552581787,
        0.08027756214141846,
        0.8953612446784973,
        0.8901421427726746
    ]
}