{
    "train_loss": [
        0.6741119878632682,
        0.5488759875297546,
        0.4456924540655954,
        0.3529564269951412,
        0.36335103852408274,
        0.3409764638968876,
        0.24933673867157527,
        0.20278420405728476,
        0.1450947086725916,
        0.08472872631890434,
        0.031467028228299956,
        0.25447705015540123,
        0.463759038065161,
        0.3149193099566868,
        0.19890290711607253,
        0.12745546230248042,
        0.07075993557061468,
        0.031092152265565737
    ],
    "val_loss": [
        0.6638127565383911,
        0.577162966132164,
        0.5256663858890533,
        0.5024145692586899,
        0.4774499237537384,
        0.5558320954442024,
        0.3837319016456604,
        0.36322320997714996,
        0.4682273864746094,
        0.4168202430009842,
        0.6686137020587921,
        0.7295473031699657,
        0.9128610864281654,
        0.4452556371688843,
        0.47077709436416626,
        0.5152615308761597,
        0.5353482663631439,
        0.6940924525260925
    ],
    "val_auc": [
        0.7866004962779156,
        0.7952853598014888,
        0.825062034739454,
        0.8535980148883374,
        0.8535980148883375,
        0.9044665012406948,
        0.9044665012406947,
        0.9267990074441688,
        0.901985111662531,
        0.9143920595533499,
        0.8933002481389578,
        0.890818858560794,
        0.8982630272952853,
        0.8858560794044664,
        0.8734491315136477,
        0.8933002481389578,
        0.8833746898263026,
        0.8833746898263027
    ],
    "val_accuracy": [
        0.5964912280701754,
        0.6842105263157895,
        0.6842105263157895,
        0.7368421052631579,
        0.7543859649122807,
        0.7368421052631579,
        0.8245614035087719,
        0.8070175438596491,
        0.7894736842105263,
        0.8421052631578947,
        0.8245614035087719,
        0.7368421052631579,
        0.7192982456140351,
        0.7192982456140351,
        0.7894736842105263,
        0.7894736842105263,
        0.7719298245614035,
        0.7719298245614035
    ],
    "val_precision": [
        1.0,
        0.6111111111111112,
        0.6333333333333333,
        0.6896551724137931,
        0.7307692307692307,
        1.0,
        0.8333333333333334,
        0.7419354838709677,
        0.7916666666666666,
        0.8695652173913043,
        0.8636363636363636,
        0.6410256410256411,
        1.0,
        0.6666666666666666,
        0.7916666666666666,
        0.85,
        0.7096774193548387,
        0.76
    ],
    "val_recall": [
        0.11538461538461539,
        0.8461538461538461,
        0.7307692307692307,
        0.7692307692307693,
        0.7307692307692307,
        0.4230769230769231,
        0.7692307692307693,
        0.8846153846153846,
        0.7307692307692307,
        0.7692307692307693,
        0.7307692307692307,
        0.9615384615384616,
        0.38461538461538464,
        0.7692307692307693,
        0.7307692307692307,
        0.6538461538461539,
        0.8461538461538461,
        0.7307692307692307
    ],
    "val_f1_score": [
        0.20689655172413793,
        0.7096774193548387,
        0.6785714285714286,
        0.7272727272727273,
        0.7307692307692307,
        0.5945945945945946,
        0.8,
        0.8070175438596491,
        0.76,
        0.8163265306122449,
        0.7916666666666666,
        0.7692307692307693,
        0.5555555555555556,
        0.7142857142857143,
        0.76,
        0.7391304347826086,
        0.7719298245614035,
        0.7450980392156863
    ]
}