{
    "labels": [
        0,
        0,
        0,
        0,
        0,
        0,
        0,
        0,
        0,
        0,
        0,
        0,
        0,
        0,
        0,
        0,
        0,
        0,
        0,
        0,
        0,
        0,
        0,
        0,
        0,
        0,
        0,
        0,
        0,
        0,
        0,
        0,
        0,
        0,
        0,
        0,
        0,
        0,
        0,
        1,
        1,
        1,
        1,
        1,
        1,
        1,
        1,
        1,
        1,
        1,
        1,
        1,
        1,
        1,
        1,
        1,
        1,
        1,
        1,
        1,
        1,
        1,
        1,
        1
    ],
    "preds": [
        1,
        1,
        0,
        1,
        0,
        0,
        0,
        0,
        0,
        0,
        0,
        1,
        0,
        0,
        0,
        0,
        0,
        0,
        0,
        1,
        0,
        0,
        0,
        0,
        1,
        0,
        0,
        0,
        0,
        0,
        1,
        1,
        1,
        0,
        0,
        0,
        1,
        1,
        1,
        0,
        1,
        1,
        1,
        1,
        1,
        0,
        0,
        1,
        1,
        0,
        1,
        1,
        1,
        1,
        1,
        1,
        1,
        1,
        0,
        1,
        1,
        0,
        1,
        1
    ],
    "probs": [
        0.8124133348464966,
        0.8481168150901794,
        0.08699426800012589,
        0.5110288858413696,
        0.06986695528030396,
        0.09057474881410599,
        0.15015292167663574,
        0.2732539176940918,
        0.18978162109851837,
        0.08078612387180328,
        0.1721978485584259,
        0.5255883932113647,
        0.09244763851165771,
        0.18913380801677704,
        0.34910035133361816,
        0.23524343967437744,
        0.11111890524625778,
        0.05465368553996086,
        0.10416637361049652,
        0.6859055161476135,
        0.19533373415470123,
        0.24139156937599182,
        0.16332939267158508,
        0.2379286289215088,
        0.7074005007743835,
        0.09290196746587753,
        0.2128172665834427,
        0.20381282269954681,
        0.22358359396457672,
        0.43694809079170227,
        0.6303342580795288,
        0.6274251937866211,
        0.8537681698799133,
        0.38580963015556335,
        0.28789129853248596,
        0.14129917323589325,
        0.7190793752670288,
        0.6615492701530457,
        0.5651556253433228,
        0.18616344034671783,
        0.9107182025909424,
        0.9172796010971069,
        0.8468598127365112,
        0.9152461290359497,
        0.9142242074012756,
        0.08055911958217621,
        0.15615665912628174,
        0.7071905732154846,
        0.8376410007476807,
        0.0700826346874237,
        0.9125303030014038,
        0.568274199962616,
        0.902805745601654,
        0.5580427050590515,
        0.6018321514129639,
        0.5874627828598022,
        0.855459451675415,
        0.8191022276878357,
        0.10689816623926163,
        0.912321150302887,
        0.7585960030555725,
        0.35860908031463623,
        0.9067851901054382,
        0.8212781548500061
    ]
}