{
    "train_loss": [
        0.6888502240180969,
        0.6361227929592133,
        0.550033301115036,
        0.48494289070367813,
        0.3157242611050606,
        0.3779534697532654,
        0.49263717979192734,
        0.3798351287841797,
        0.3265591114759445,
        0.2350914292037487,
        0.22673339396715164,
        0.1692449226975441,
        0.19522251095622778,
        0.10332327289506793,
        0.10564777255058289,
        0.06918999925255775,
        0.04994852445088327,
        0.05740857217460871,
        0.031225746497511864
    ],
    "val_loss": [
        0.6680899262428284,
        0.6560955047607422,
        0.6574234366416931,
        0.6766870617866516,
        0.8123236298561096,
        0.9326012134552002,
        0.8315343260765076,
        0.6368182301521301,
        0.6125268936157227,
        0.7546180486679077,
        0.834235429763794,
        0.984245777130127,
        0.9366652965545654,
        0.9425590634346008,
        0.9734160900115967,
        1.0441340208053589,
        1.2468382120132446,
        1.2204563617706299,
        1.1927608251571655
    ],
    "val_auc": [
        0.7032258064516129,
        0.7177419354838709,
        0.7258064516129032,
        0.6935483870967742,
        0.7129032258064516,
        0.7080645161290322,
        0.7467741935483871,
        0.7387096774193549,
        0.7290322580645161,
        0.7129032258064516,
        0.7290322580645162,
        0.7338709677419355,
        0.7451612903225806,
        0.7338709677419354,
        0.7290322580645161,
        0.7338709677419355,
        0.7193548387096774,
        0.7177419354838709,
        0.7419354838709676
    ],
    "val_accuracy": [
        0.6078431372549019,
        0.5882352941176471,
        0.6078431372549019,
        0.7058823529411765,
        0.6666666666666666,
        0.6862745098039216,
        0.6666666666666666,
        0.7254901960784313,
        0.7254901960784313,
        0.803921568627451,
        0.7058823529411765,
        0.7647058823529411,
        0.7058823529411765,
        0.7843137254901961,
        0.7843137254901961,
        0.7843137254901961,
        0.7058823529411765,
        0.7450980392156863,
        0.7647058823529411
    ],
    "val_precision": [
        0.0,
        0.4838709677419355,
        0.5,
        0.7777777777777778,
        0.5555555555555556,
        1.0,
        0.5517241379310345,
        1.0,
        0.65,
        1.0,
        0.6,
        1.0,
        0.6470588235294118,
        0.9090909090909091,
        0.8461538461538461,
        1.0,
        0.6470588235294118,
        0.8181818181818182,
        0.7857142857142857
    ],
    "val_recall": [
        0.0,
        0.75,
        0.75,
        0.35,
        0.75,
        0.2,
        0.8,
        0.3,
        0.65,
        0.5,
        0.75,
        0.4,
        0.55,
        0.5,
        0.55,
        0.45,
        0.55,
        0.45,
        0.55
    ],
    "val_f1_score": [
        0.0,
        0.5882352941176471,
        0.6,
        0.4827586206896552,
        0.6382978723404256,
        0.3333333333333333,
        0.6530612244897959,
        0.46153846153846156,
        0.65,
        0.6666666666666666,
        0.6666666666666666,
        0.5714285714285714,
        0.5945945945945946,
        0.6451612903225806,
        0.6666666666666666,
        0.6206896551724138,
        0.5945945945945946,
        0.5806451612903226,
        0.6470588235294118
    ]
}