{
    "labels": [
        0,
        0,
        0,
        0,
        0,
        0,
        0,
        0,
        0,
        0,
        0,
        0,
        0,
        0,
        0,
        0,
        0,
        0,
        0,
        0,
        0,
        0,
        0,
        0,
        0,
        0,
        0,
        0,
        0,
        0,
        0,
        0,
        0,
        0,
        0,
        0,
        0,
        0,
        0,
        1,
        1,
        1,
        1,
        1,
        1,
        1,
        1,
        1,
        1,
        1,
        1,
        1,
        1,
        1,
        1,
        1,
        1,
        1,
        1,
        1,
        1,
        1,
        1,
        1,
        1,
        1,
        1,
        1,
        1,
        1,
        1
    ],
    "preds": [
        1,
        1,
        0,
        0,
        0,
        0,
        0,
        0,
        0,
        0,
        0,
        1,
        0,
        0,
        0,
        0,
        0,
        0,
        0,
        0,
        0,
        1,
        0,
        0,
        0,
        0,
        0,
        0,
        1,
        0,
        0,
        0,
        1,
        1,
        0,
        0,
        1,
        1,
        0,
        1,
        1,
        1,
        1,
        1,
        1,
        1,
        0,
        1,
        1,
        0,
        1,
        1,
        1,
        1,
        1,
        1,
        1,
        1,
        1,
        1,
        1,
        1,
        1,
        1,
        1,
        0,
        1,
        1,
        1,
        1,
        1
    ],
    "probs": [
        0.7658669352531433,
        0.784354567527771,
        0.2943604290485382,
        0.04771944507956505,
        0.04721696674823761,
        0.07680913805961609,
        0.17127826809883118,
        0.10951060801744461,
        0.02893969789147377,
        0.016087740659713745,
        0.3490370512008667,
        0.9471808671951294,
        0.36918264627456665,
        0.030357778072357178,
        0.07560718059539795,
        0.1682373434305191,
        0.03382416069507599,
        0.023890698328614235,
        0.13092097640037537,
        0.22749724984169006,
        0.0418790727853775,
        0.5752249956130981,
        0.047416772693395615,
        0.08238017559051514,
        0.10919512808322906,
        0.03559660166501999,
        0.10083594173192978,
        0.029867026954889297,
        0.5324717164039612,
        0.1717512309551239,
        0.4012814164161682,
        0.11176108568906784,
        0.8296089172363281,
        0.7824715971946716,
        0.03579329699277878,
        0.05935211852192879,
        0.9524382948875427,
        0.6829039454460144,
        0.39673206210136414,
        0.9832906723022461,
        0.9909405708312988,
        0.9815636873245239,
        0.9515708684921265,
        0.9518857002258301,
        0.9681646227836609,
        0.9925920963287354,
        0.05695619061589241,
        0.9940668344497681,
        0.9922791719436646,
        0.07000882178544998,
        0.97022545337677,
        0.9823179244995117,
        0.5483129620552063,
        0.9854905605316162,
        0.7604354023933411,
        0.9919829964637756,
        0.9882699251174927,
        0.9858878254890442,
        0.9858929514884949,
        0.88820481300354,
        0.7342840433120728,
        0.9433343410491943,
        0.9798465967178345,
        0.7595238089561462,
        0.9581158757209778,
        0.27037313580513,
        0.7893851399421692,
        0.8666753768920898,
        0.978450357913971,
        0.5683809518814087,
        0.9862998127937317
    ]
}