{
    "train_loss": [
        0.6878753503163656,
        0.6492283940315247,
        0.6039469639460245,
        0.528280516465505,
        0.47840336958567303,
        0.408944030602773,
        0.3128466506799062,
        0.2518020768960317,
        0.1989199866851171,
        0.13764076679944992,
        0.09807515392700832,
        0.06677246714631717,
        0.044790346175432205,
        0.046673801417152085,
        0.05065319531907638,
        0.06580766042073567,
        0.02942150520781676,
        0.017596363400419552,
        0.009371348035832247,
        0.007025583957632382,
        0.007227769276748101,
        0.004717035219073296,
        0.003387891144181291,
        0.0026120388647541404,
        0.002086265206647416,
        0.001305913261603564,
        0.0009616624059466025,
        0.0007354476450321575,
        0.0007165614903594056,
        0.0007220944971777499,
        0.000634819851256907,
        0.0005571764583388964
    ],
    "val_loss": [
        0.6776614189147949,
        0.6457000970840454,
        0.6145105361938477,
        0.5298818945884705,
        0.47323939204216003,
        0.4319988787174225,
        0.38941359519958496,
        0.38282519578933716,
        0.34761667251586914,
        0.32028600573539734,
        0.32869917154312134,
        0.2770830988883972,
        0.36832016706466675,
        0.38872525095939636,
        0.40377604961395264,
        0.24533867835998535,
        0.18049265444278717,
        0.2711457908153534,
        0.19894783198833466,
        0.10826295614242554,
        0.08034663647413254,
        0.07910057157278061,
        0.13152246177196503,
        0.22419264912605286,
        0.22539936006069183,
        0.18718235194683075,
        0.18780657649040222,
        0.20275992155075073,
        0.22502978146076202,
        0.24017304182052612,
        0.23342983424663544,
        0.2151084542274475
    ],
    "val_auc": [
        0.8318965517241379,
        0.8211206896551725,
        0.8512931034482758,
        0.8448275862068965,
        0.8599137931034483,
        0.8771551724137931,
        0.8857758620689655,
        0.8943965517241379,
        0.9073275862068966,
        0.9439655172413792,
        0.9375,
        0.9676724137931034,
        0.9418103448275861,
        0.9698275862068966,
        0.9612068965517242,
        0.9698275862068966,
        0.9849137931034483,
        0.9698275862068966,
        0.9806034482758621,
        0.9935344827586208,
        0.9935344827586208,
        0.997844827586207,
        0.9913793103448275,
        0.9806034482758621,
        0.9806034482758621,
        0.9849137931034483,
        0.9849137931034483,
        0.9849137931034483,
        0.9849137931034483,
        0.9870689655172414,
        0.9870689655172414,
        0.9870689655172414
    ],
    "val_accuracy": [
        0.6666666666666666,
        0.7555555555555555,
        0.6888888888888889,
        0.8444444444444444,
        0.8,
        0.8222222222222222,
        0.8444444444444444,
        0.8222222222222222,
        0.8666666666666667,
        0.8222222222222222,
        0.8666666666666667,
        0.8666666666666667,
        0.8666666666666667,
        0.8888888888888888,
        0.8666666666666667,
        0.8666666666666667,
        0.9111111111111111,
        0.9333333333333333,
        0.9333333333333333,
        0.9777777777777777,
        0.9777777777777777,
        0.9555555555555556,
        0.9333333333333333,
        0.9111111111111111,
        0.9111111111111111,
        0.9333333333333333,
        0.9333333333333333,
        0.9333333333333333,
        0.9111111111111111,
        0.9111111111111111,
        0.9111111111111111,
        0.9111111111111111
    ],
    "val_precision": [
        0.5185185185185185,
        0.6190476190476191,
        0.5416666666666666,
        0.9090909090909091,
        0.7058823529411765,
        0.7222222222222222,
        1.0,
        0.7222222222222222,
        0.9166666666666666,
        0.7,
        0.9166666666666666,
        0.75,
        0.9166666666666666,
        0.7619047619047619,
        1.0,
        0.7777777777777778,
        0.8333333333333334,
        1.0,
        0.9333333333333333,
        0.9411764705882353,
        0.9411764705882353,
        0.9375,
        0.9333333333333333,
        0.9285714285714286,
        0.9285714285714286,
        0.9333333333333333,
        0.9333333333333333,
        0.9333333333333333,
        0.875,
        0.875,
        0.875,
        0.875
    ],
    "val_recall": [
        0.875,
        0.8125,
        0.8125,
        0.625,
        0.75,
        0.8125,
        0.5625,
        0.8125,
        0.6875,
        0.875,
        0.6875,
        0.9375,
        0.6875,
        1.0,
        0.625,
        0.875,
        0.9375,
        0.8125,
        0.875,
        1.0,
        1.0,
        0.9375,
        0.875,
        0.8125,
        0.8125,
        0.875,
        0.875,
        0.875,
        0.875,
        0.875,
        0.875,
        0.875
    ],
    "val_f1_score": [
        0.6511627906976745,
        0.7027027027027027,
        0.65,
        0.7407407407407407,
        0.7272727272727273,
        0.7647058823529411,
        0.72,
        0.7647058823529411,
        0.7857142857142857,
        0.7777777777777778,
        0.7857142857142857,
        0.8333333333333334,
        0.7857142857142857,
        0.8648648648648649,
        0.7692307692307693,
        0.8235294117647058,
        0.8823529411764706,
        0.896551724137931,
        0.9032258064516129,
        0.9696969696969697,
        0.9696969696969697,
        0.9375,
        0.9032258064516129,
        0.8666666666666667,
        0.8666666666666667,
        0.9032258064516129,
        0.9032258064516129,
        0.9032258064516129,
        0.875,
        0.875,
        0.875,
        0.875
    ]
}