{
    "labels": [
        0,
        0,
        0,
        0,
        0,
        0,
        0,
        0,
        0,
        0,
        0,
        0,
        0,
        0,
        0,
        0,
        0,
        0,
        0,
        0,
        0,
        0,
        0,
        0,
        0,
        0,
        0,
        0,
        0,
        0,
        0,
        0,
        0,
        0,
        0,
        0,
        0,
        0,
        0,
        1,
        1,
        1,
        1,
        1,
        1,
        1,
        1,
        1,
        1,
        1,
        1,
        1,
        1,
        1,
        1,
        1,
        1,
        1,
        1,
        1,
        1,
        1,
        1,
        1
    ],
    "preds": [
        1,
        1,
        0,
        0,
        0,
        0,
        0,
        0,
        0,
        0,
        0,
        1,
        0,
        0,
        0,
        0,
        0,
        0,
        0,
        0,
        0,
        1,
        0,
        0,
        0,
        0,
        0,
        0,
        0,
        0,
        1,
        0,
        1,
        0,
        0,
        0,
        1,
        0,
        0,
        0,
        1,
        1,
        1,
        1,
        1,
        0,
        0,
        1,
        1,
        0,
        1,
        0,
        1,
        1,
        1,
        1,
        1,
        1,
        1,
        1,
        1,
        0,
        1,
        1
    ],
    "probs": [
        0.6852582693099976,
        0.9680855870246887,
        0.00020180920546408743,
        0.003446596907451749,
        0.006046762689948082,
        0.11624578386545181,
        0.0004911491996608675,
        0.016806744039058685,
        0.00039636128349229693,
        0.0025329466443508863,
        0.003149063093587756,
        0.9366677403450012,
        0.0021533751860260963,
        0.00031658326042816043,
        0.047611165791749954,
        0.25270983576774597,
        0.00013957085320726037,
        0.00013080210192129016,
        0.11408644914627075,
        0.0013610776513814926,
        0.0009219860658049583,
        0.6337963938713074,
        0.0005488526658155024,
        0.0022976091131567955,
        0.0008716567535884678,
        0.0008728962857276201,
        0.004812944680452347,
        0.00034896089346148074,
        0.0014667140785604715,
        0.00245408876799047,
        0.9925683736801147,
        0.0013187896693125367,
        0.6691232323646545,
        0.08332686126232147,
        0.0002669345703907311,
        0.0004945190739817917,
        0.9307830929756165,
        0.0013627457665279508,
        0.002630263799801469,
        0.005071548279374838,
        0.9995452761650085,
        0.9991694688796997,
        0.9908456206321716,
        0.9994563460350037,
        0.9995576739311218,
        0.0007582472171634436,
        0.0012510730884969234,
        0.5647453665733337,
        0.9954941272735596,
        0.00035956487408839166,
        0.9990997314453125,
        0.03828123211860657,
        0.999099612236023,
        0.994933545589447,
        0.9839369058609009,
        0.5350762009620667,
        0.9000303745269775,
        0.9388047456741333,
        0.9966049194335938,
        0.9986929297447205,
        0.9500733613967896,
        0.024550849571824074,
        0.999071478843689,
        0.9961881041526794
    ]
}