{
    "labels": [
        0,
        0,
        0,
        0,
        0,
        0,
        0,
        0,
        0,
        0,
        0,
        0,
        0,
        0,
        0,
        0,
        0,
        0,
        0,
        0,
        0,
        0,
        0,
        0,
        0,
        0,
        0,
        0,
        0,
        0,
        0,
        0,
        0,
        0,
        0,
        0,
        0,
        0,
        0,
        1,
        1,
        1,
        1,
        1,
        1,
        1,
        1,
        1,
        1,
        1,
        1,
        1,
        1,
        1,
        1,
        1,
        1,
        1,
        1,
        1,
        1,
        1,
        1,
        1
    ],
    "preds": [
        1,
        0,
        0,
        0,
        0,
        0,
        0,
        0,
        0,
        0,
        0,
        0,
        0,
        0,
        0,
        0,
        0,
        0,
        0,
        0,
        0,
        0,
        0,
        0,
        0,
        0,
        0,
        0,
        0,
        0,
        1,
        0,
        1,
        0,
        0,
        0,
        1,
        0,
        0,
        0,
        1,
        1,
        1,
        1,
        1,
        0,
        0,
        0,
        0,
        0,
        1,
        0,
        1,
        0,
        1,
        0,
        1,
        1,
        1,
        1,
        0,
        0,
        1,
        1
    ],
    "probs": [
        0.9548899531364441,
        0.20093956589698792,
        0.019787119701504707,
        0.003952804487198591,
        0.019909165799617767,
        0.006662278436124325,
        0.01903446950018406,
        0.0037022775504738092,
        0.06859753280878067,
        0.01895616203546524,
        0.026251211762428284,
        0.11280383914709091,
        0.06440229713916779,
        0.0043788799084723,
        0.10461068898439407,
        0.198252871632576,
        0.011120576411485672,
        0.004956343676894903,
        0.06532550603151321,
        0.01233434583991766,
        0.03756988048553467,
        0.11097284406423569,
        0.012785311788320541,
        0.0164978988468647,
        0.049934763461351395,
        0.026273654773831367,
        0.016767650842666626,
        0.05952129885554314,
        0.016421768814325333,
        0.06417381018400192,
        0.9066796898841858,
        0.04890364408493042,
        0.5111097097396851,
        0.09322203695774078,
        0.04091593250632286,
        0.042427677661180496,
        0.8663958311080933,
        0.2509390711784363,
        0.06618174910545349,
        0.05699440464377403,
        0.9591819047927856,
        0.9827605485916138,
        0.9392059445381165,
        0.9944412112236023,
        0.9941712021827698,
        0.014452198520302773,
        0.019268939271569252,
        0.34241408109664917,
        0.11170512437820435,
        0.011709541082382202,
        0.9805058240890503,
        0.06370361894369125,
        0.9632195830345154,
        0.46803614497184753,
        0.9843851327896118,
        0.13872694969177246,
        0.9867689609527588,
        0.8600417971611023,
        0.9884083867073059,
        0.9847545623779297,
        0.4783382713794708,
        0.19093218445777893,
        0.982833743095398,
        0.9801838994026184
    ]
}