{
    "train_loss": [
        0.6917568395535151,
        0.6362864921490351,
        0.5632018049558004,
        0.4743202328681946,
        0.3958072153230508,
        0.41328925639390945,
        0.3602202534675598,
        0.2624329275762041,
        0.2123071520278851,
        0.16324701625853777,
        0.2190836270650228,
        0.20684900196890035,
        0.05275180982425809,
        0.025238825745570164,
        0.015040299544731775,
        0.015217004421477517,
        0.007457305211573839,
        0.0056213875650428236,
        0.003515936628294488,
        0.0021918956481385976,
        0.0015594360932785396,
        0.0011830726531722273
    ],
    "val_loss": [
        0.6705542802810669,
        0.6099447011947632,
        0.5399825771649679,
        0.6577742397785187,
        0.47891706228256226,
        0.4805034101009369,
        0.4583738098541896,
        0.47930143276850384,
        0.4791162411371867,
        0.3990631103515625,
        0.4903058707714081,
        0.3395772526661555,
        0.48487378160158795,
        0.5075637896855673,
        0.5447707573572794,
        0.5240613557398319,
        0.5399736426770687,
        0.7520758410294851,
        0.6986121982336044,
        0.5967736567060152,
        0.6810506309072176,
        0.732361875474453
    ],
    "val_auc": [
        0.6903225806451614,
        0.7290322580645162,
        0.8408602150537634,
        0.8279569892473119,
        0.8709677419354838,
        0.8688172043010752,
        0.8817204301075269,
        0.9075268817204301,
        0.8795698924731182,
        0.8946236559139785,
        0.8946236559139784,
        0.9161290322580645,
        0.9032258064516129,
        0.9053763440860215,
        0.9118279569892473,
        0.9075268817204302,
        0.8946236559139785,
        0.8881720430107527,
        0.896774193548387,
        0.9010752688172042,
        0.8967741935483869,
        0.8989247311827956
    ],
    "val_accuracy": [
        0.717391304347826,
        0.7608695652173914,
        0.782608695652174,
        0.6739130434782609,
        0.7391304347826086,
        0.717391304347826,
        0.8478260869565217,
        0.8695652173913043,
        0.7608695652173914,
        0.8913043478260869,
        0.782608695652174,
        0.8695652173913043,
        0.8260869565217391,
        0.8913043478260869,
        0.8478260869565217,
        0.9130434782608695,
        0.8913043478260869,
        0.8043478260869565,
        0.8695652173913043,
        0.8913043478260869,
        0.8695652173913043,
        0.8695652173913043
    ],
    "val_precision": [
        0.6,
        0.75,
        0.6666666666666666,
        0.5,
        0.5882352941176471,
        0.5555555555555556,
        1.0,
        0.9090909090909091,
        0.6,
        0.9166666666666666,
        0.6086956521739131,
        0.8461538461538461,
        0.7058823529411765,
        0.8571428571428571,
        0.75,
        1.0,
        0.9166666666666666,
        0.6666666666666666,
        0.8,
        0.8571428571428571,
        0.8,
        0.8
    ],
    "val_recall": [
        0.4,
        0.4,
        0.6666666666666666,
        0.9333333333333333,
        0.6666666666666666,
        0.6666666666666666,
        0.5333333333333333,
        0.6666666666666666,
        0.8,
        0.7333333333333333,
        0.9333333333333333,
        0.7333333333333333,
        0.8,
        0.8,
        0.8,
        0.7333333333333333,
        0.7333333333333333,
        0.8,
        0.8,
        0.8,
        0.8,
        0.8
    ],
    "val_f1_score": [
        0.48,
        0.5217391304347826,
        0.6666666666666666,
        0.6511627906976745,
        0.625,
        0.6060606060606061,
        0.6956521739130435,
        0.7692307692307693,
        0.6857142857142857,
        0.8148148148148148,
        0.7368421052631579,
        0.7857142857142857,
        0.75,
        0.8275862068965517,
        0.7741935483870968,
        0.8461538461538461,
        0.8148148148148148,
        0.7272727272727273,
        0.8,
        0.8275862068965517,
        0.8,
        0.8
    ]
}