{
  "source_experiment": "exp_06",
  "seed": 42,
  "num_epochs": 60,
  "patience": 10,
  "model_config": {
    "hidden_size": 128,
    "num_layers": 3,
    "bidirectional": true,
    "dropout_fc": 0.4520527355290505,
    "lr": 0.0011077379757459076,
    "weight_decay": 0.00021116499423985588,
    "batch_size": 64,
    "input_size": 512
  },
  "original_test_metrics": {
    "loss": 0.5041711330413818,
    "accuracy": 0.8125,
    "precision": 0.782608695652174,
    "recall": 0.72,
    "f1_score": 0.75,
    "auc": 0.8502564102564103
  },
  "manifest_features": "experiments\\exp_06\\results\\tables\\manifest_features.csv"
}