{
    "labels": [
        0,
        0,
        0,
        0,
        0,
        0,
        0,
        0,
        0,
        0,
        0,
        0,
        0,
        0,
        0,
        0,
        0,
        0,
        0,
        0,
        0,
        0,
        0,
        0,
        0,
        0,
        0,
        0,
        0,
        0,
        0,
        0,
        0,
        0,
        0,
        0,
        0,
        0,
        0,
        1,
        1,
        1,
        1,
        1,
        1,
        1,
        1,
        1,
        1,
        1,
        1,
        1,
        1,
        1,
        1,
        1,
        1,
        1,
        1,
        1,
        1,
        1,
        1,
        1
    ],
    "preds": [
        1,
        1,
        0,
        0,
        0,
        0,
        0,
        0,
        0,
        0,
        0,
        0,
        0,
        0,
        0,
        0,
        0,
        0,
        0,
        0,
        0,
        1,
        0,
        0,
        0,
        0,
        0,
        0,
        0,
        0,
        1,
        0,
        1,
        0,
        0,
        0,
        1,
        0,
        0,
        1,
        1,
        1,
        1,
        1,
        1,
        0,
        0,
        1,
        1,
        0,
        1,
        1,
        1,
        1,
        1,
        1,
        1,
        1,
        1,
        1,
        1,
        0,
        1,
        1
    ],
    "probs": [
        0.9832850098609924,
        0.9775810241699219,
        0.030280539765954018,
        0.4998027980327606,
        0.04769769310951233,
        0.032120127230882645,
        0.0400853306055069,
        0.0966855064034462,
        0.04711904004216194,
        0.026920948177576065,
        0.06911078095436096,
        0.09337576478719711,
        0.07830505073070526,
        0.039263203740119934,
        0.03037203662097454,
        0.05852384865283966,
        0.03128558769822121,
        0.02962849847972393,
        0.050110820680856705,
        0.04097427800297737,
        0.08742211014032364,
        0.879650354385376,
        0.08987035602331161,
        0.18307171761989594,
        0.04446767643094063,
        0.05164794996380806,
        0.03872627019882202,
        0.0490865632891655,
        0.03894084692001343,
        0.06064292788505554,
        0.883945107460022,
        0.035733576864004135,
        0.7771108746528625,
        0.05384310334920883,
        0.05583236366510391,
        0.03517090529203415,
        0.9831855297088623,
        0.052399251610040665,
        0.052618443965911865,
        0.9785763621330261,
        0.9864842295646667,
        0.9862046241760254,
        0.978205144405365,
        0.9889842867851257,
        0.9877687096595764,
        0.035827651619911194,
        0.08683981001377106,
        0.9608253836631775,
        0.972870945930481,
        0.0363847054541111,
        0.8857609629631042,
        0.9769383072853088,
        0.9859551787376404,
        0.9647443294525146,
        0.9817028045654297,
        0.9813271164894104,
        0.7315366864204407,
        0.9844900965690613,
        0.9879817366600037,
        0.9869858622550964,
        0.9638718962669373,
        0.15732838213443756,
        0.988037109375,
        0.9834334850311279
    ]
}