{
    "train_loss": [
        0.6907956202824911,
        0.677736222743988,
        0.6565959850947062,
        0.6179097692171732,
        0.5670443773269653,
        0.48070837060610455,
        0.3997693359851837,
        0.3067021866639455,
        0.2450000544389089,
        0.18753073612848917,
        0.2176994482676188,
        0.15043791880210242,
        0.08197668939828873,
        0.08302115897337596,
        0.06947234521309535,
        0.036071667447686195,
        0.03287272900342941,
        0.01782698401560386,
        0.030055925560494263,
        0.09755955326060455,
        0.2360296348730723,
        0.425517571469148,
        0.0537741556763649
    ],
    "val_loss": [
        0.6856222748756409,
        0.6747181415557861,
        0.6593379974365234,
        0.6175010204315186,
        0.5808595418930054,
        0.5280604958534241,
        0.4727160334587097,
        0.4876217246055603,
        0.5365767478942871,
        0.6461108326911926,
        0.48572593927383423,
        0.42261117696762085,
        0.4116288125514984,
        0.4535631537437439,
        0.5560747385025024,
        0.5386279225349426,
        0.5894065499305725,
        0.8534133434295654,
        0.8824408054351807,
        1.0586737394332886,
        0.8431898951530457,
        0.5286223292350769,
        0.8646343946456909
    ],
    "val_auc": [
        0.7290322580645161,
        0.7387096774193549,
        0.7564516129032257,
        0.7467741935483871,
        0.7451612903225807,
        0.779032258064516,
        0.8064516129032258,
        0.7919354838709678,
        0.8129032258064517,
        0.8370967741935484,
        0.853225806451613,
        0.8725806451612903,
        0.8564516129032258,
        0.8516129032258064,
        0.8564516129032259,
        0.8370967741935483,
        0.8451612903225807,
        0.8516129032258065,
        0.8741935483870967,
        0.8258064516129032,
        0.8838709677419355,
        0.8596774193548388,
        0.8758064516129032
    ],
    "val_accuracy": [
        0.7450980392156863,
        0.7450980392156863,
        0.7058823529411765,
        0.7450980392156863,
        0.7254901960784313,
        0.8235294117647058,
        0.8235294117647058,
        0.803921568627451,
        0.7843137254901961,
        0.7450980392156863,
        0.8431372549019608,
        0.8627450980392157,
        0.9019607843137255,
        0.8627450980392157,
        0.8431372549019608,
        0.8431372549019608,
        0.8431372549019608,
        0.803921568627451,
        0.7450980392156863,
        0.7647058823529411,
        0.7450980392156863,
        0.8431372549019608,
        0.7450980392156863
    ],
    "val_precision": [
        0.7058823529411765,
        0.6842105263157895,
        0.6086956521739131,
        0.8181818181818182,
        0.75,
        0.8666666666666667,
        0.9230769230769231,
        1.0,
        0.8,
        1.0,
        0.8333333333333334,
        1.0,
        1.0,
        1.0,
        1.0,
        0.9285714285714286,
        0.9285714285714286,
        1.0,
        0.6296296296296297,
        1.0,
        0.6296296296296297,
        0.8333333333333334,
        1.0
    ],
    "val_recall": [
        0.6,
        0.65,
        0.7,
        0.45,
        0.45,
        0.65,
        0.6,
        0.5,
        0.6,
        0.35,
        0.75,
        0.65,
        0.75,
        0.65,
        0.6,
        0.65,
        0.65,
        0.5,
        0.85,
        0.4,
        0.85,
        0.75,
        0.35
    ],
    "val_f1_score": [
        0.6486486486486487,
        0.6666666666666666,
        0.6511627906976745,
        0.5806451612903226,
        0.5625,
        0.7428571428571429,
        0.7272727272727273,
        0.6666666666666666,
        0.6857142857142857,
        0.5185185185185185,
        0.7894736842105263,
        0.7878787878787878,
        0.8571428571428571,
        0.7878787878787878,
        0.75,
        0.7647058823529411,
        0.7647058823529411,
        0.6666666666666666,
        0.723404255319149,
        0.5714285714285714,
        0.723404255319149,
        0.7894736842105263,
        0.5185185185185185
    ]
}