{
  "source_experiment": "exp_01",
  "seed": 42,
  "num_epochs": 60,
  "patience": 10,
  "model_config": {
    "hidden_size": 256,
    "num_layers": 3,
    "bidirectional": false,
    "dropout_fc": 0.3912975997458038,
    "lr": 0.0018820671464162865,
    "weight_decay": 9.120163583355921e-05,
    "batch_size": 64,
    "input_size": 512
  },
  "original_test_metrics": {
    "loss": 0.5210753679275513,
    "accuracy": 0.78125,
    "precision": 0.7619047619047619,
    "recall": 0.64,
    "f1_score": 0.6956521739130435,
    "auc": 0.8492307692307693
  },
  "manifest_features": "experiments\\exp_01\\results\\tables\\manifest_features.csv"
}