{
    "labels": [
        0,
        0,
        0,
        0,
        0,
        0,
        0,
        0,
        0,
        0,
        0,
        0,
        0,
        0,
        0,
        0,
        0,
        0,
        0,
        0,
        0,
        0,
        0,
        0,
        0,
        0,
        0,
        0,
        0,
        0,
        0,
        0,
        0,
        0,
        0,
        0,
        0,
        0,
        0,
        1,
        1,
        1,
        1,
        1,
        1,
        1,
        1,
        1,
        1,
        1,
        1,
        1,
        1,
        1,
        1,
        1,
        1,
        1,
        1,
        1,
        1,
        1,
        1,
        1
    ],
    "preds": [
        1,
        1,
        0,
        0,
        0,
        0,
        0,
        0,
        0,
        0,
        0,
        0,
        0,
        0,
        0,
        0,
        0,
        0,
        0,
        0,
        0,
        1,
        0,
        0,
        0,
        0,
        0,
        0,
        0,
        0,
        1,
        0,
        1,
        0,
        0,
        0,
        1,
        0,
        0,
        0,
        1,
        1,
        1,
        1,
        1,
        0,
        0,
        1,
        1,
        0,
        1,
        1,
        1,
        0,
        0,
        0,
        0,
        1,
        0,
        1,
        1,
        0,
        1,
        1
    ],
    "probs": [
        0.9070509672164917,
        0.93515545129776,
        0.11471252888441086,
        0.32211175560951233,
        0.12730595469474792,
        0.12162423133850098,
        0.13764053583145142,
        0.1871475726366043,
        0.21291209757328033,
        0.11058330535888672,
        0.22928118705749512,
        0.12317151576280594,
        0.1513739377260208,
        0.1789533942937851,
        0.11856410652399063,
        0.16067732870578766,
        0.12482019513845444,
        0.11349084973335266,
        0.14439637959003448,
        0.23886336386203766,
        0.16954317688941956,
        0.7427196502685547,
        0.16443438827991486,
        0.2886580228805542,
        0.2808111608028412,
        0.14226366579532623,
        0.13203036785125732,
        0.20288197696208954,
        0.1710727959871292,
        0.25442934036254883,
        0.7170780301094055,
        0.176231250166893,
        0.66499263048172,
        0.18292534351348877,
        0.24584923684597015,
        0.12054983526468277,
        0.9237474799156189,
        0.2410767823457718,
        0.18168562650680542,
        0.14831484854221344,
        0.9741598963737488,
        0.9756214618682861,
        0.94919753074646,
        0.9712918996810913,
        0.976715624332428,
        0.13797296583652496,
        0.12955136597156525,
        0.5027056932449341,
        0.9277228116989136,
        0.14408960938453674,
        0.9708705544471741,
        0.9614455103874207,
        0.9711839556694031,
        0.47640132904052734,
        0.465295672416687,
        0.401079922914505,
        0.24043026566505432,
        0.9282530546188354,
        0.14617490768432617,
        0.9748618006706238,
        0.9526430368423462,
        0.1699836552143097,
        0.977143406867981,
        0.9507038593292236
    ]
}