{
    "train_loss": [
        0.6927597125371298,
        0.6718087792396545,
        0.6434178948402405,
        0.5881527860959371,
        0.5000284016132355,
        0.4291335542996724,
        0.3585372567176819,
        0.3375178674856822,
        0.4851226508617401,
        0.2580797995130221,
        0.314336359500885,
        0.22501572966575623,
        0.19687781234582266,
        0.24124452968438467,
        0.14296730856100717,
        0.09556906670331955,
        0.07136437048514684,
        0.05161984575291475,
        0.04570936970412731,
        0.046549310286839805,
        0.03928482967118422
    ],
    "val_loss": [
        0.6899965405464172,
        0.6859834790229797,
        0.6613967418670654,
        0.6139348745346069,
        0.5727661848068237,
        0.48769164085388184,
        0.4955761730670929,
        0.473824679851532,
        0.6311271786689758,
        0.6138433218002319,
        0.4147416055202484,
        0.5144253373146057,
        0.519871175289154,
        0.597205400466919,
        0.5262618660926819,
        0.5325916409492493,
        0.5231752991676331,
        0.5475442409515381,
        0.5791670083999634,
        0.6073393225669861,
        0.665848970413208
    ],
    "val_auc": [
        0.7370967741935484,
        0.7354838709677419,
        0.7483870967741936,
        0.7467741935483871,
        0.7596774193548387,
        0.8032258064516129,
        0.8129032258064516,
        0.817741935483871,
        0.7887096774193549,
        0.8274193548387098,
        0.8161290322580645,
        0.832258064516129,
        0.8096774193548386,
        0.8161290322580645,
        0.8274193548387097,
        0.8129032258064517,
        0.8032258064516129,
        0.7967741935483872,
        0.7983870967741936,
        0.7887096774193549,
        0.7870967741935484
    ],
    "val_accuracy": [
        0.5098039215686274,
        0.49019607843137253,
        0.6078431372549019,
        0.6862745098039216,
        0.7450980392156863,
        0.8235294117647058,
        0.7843137254901961,
        0.803921568627451,
        0.7254901960784313,
        0.7254901960784313,
        0.8235294117647058,
        0.7843137254901961,
        0.803921568627451,
        0.7843137254901961,
        0.803921568627451,
        0.803921568627451,
        0.8431372549019608,
        0.8431372549019608,
        0.8431372549019608,
        0.8431372549019608,
        0.8235294117647058
    ],
    "val_precision": [
        0.43902439024390244,
        0.42105263157894735,
        0.5,
        0.6,
        0.6842105263157895,
        1.0,
        0.8,
        1.0,
        1.0,
        0.6153846153846154,
        0.8666666666666667,
        1.0,
        0.8125,
        0.7368421052631579,
        0.9166666666666666,
        0.9166666666666666,
        0.875,
        0.9285714285714286,
        0.9285714285714286,
        0.875,
        0.8235294117647058
    ],
    "val_recall": [
        0.9,
        0.8,
        0.75,
        0.6,
        0.65,
        0.55,
        0.6,
        0.5,
        0.3,
        0.8,
        0.65,
        0.45,
        0.65,
        0.7,
        0.55,
        0.55,
        0.7,
        0.65,
        0.65,
        0.7,
        0.7
    ],
    "val_f1_score": [
        0.5901639344262295,
        0.5517241379310345,
        0.6,
        0.6,
        0.6666666666666666,
        0.7096774193548387,
        0.6857142857142857,
        0.6666666666666666,
        0.46153846153846156,
        0.6956521739130435,
        0.7428571428571429,
        0.6206896551724138,
        0.7222222222222222,
        0.717948717948718,
        0.6875,
        0.6875,
        0.7777777777777778,
        0.7647058823529411,
        0.7647058823529411,
        0.7777777777777778,
        0.7567567567567568
    ]
}