{
  "source_experiment": "exp_41",
  "seed": 42,
  "num_epochs": 60,
  "patience": 10,
  "model_config": {
    "hidden_size": 192,
    "num_layers": 2,
    "bidirectional": true,
    "dropout_fc": 0.41139896810991483,
    "lr": 0.0008675659091174237,
    "weight_decay": 1.5146909713608072e-05,
    "batch_size": 64,
    "input_size": 512
  },
  "original_test_metrics": {
    "loss": 0.6391669511795044,
    "accuracy": 0.796875,
    "precision": 0.7,
    "recall": 0.84,
    "f1_score": 0.7636363636363637,
    "auc": 0.8748717948717949
  },
  "manifest_features": "experiments\\exp_41\\results\\tables\\manifest_features.csv"
}