{
    "labels": [
        0,
        0,
        0,
        0,
        0,
        0,
        0,
        0,
        0,
        0,
        0,
        0,
        0,
        0,
        0,
        0,
        0,
        0,
        0,
        0,
        0,
        0,
        0,
        0,
        0,
        0,
        0,
        0,
        0,
        0,
        0,
        0,
        0,
        0,
        0,
        0,
        0,
        0,
        0,
        1,
        1,
        1,
        1,
        1,
        1,
        1,
        1,
        1,
        1,
        1,
        1,
        1,
        1,
        1,
        1,
        1,
        1,
        1,
        1,
        1,
        1,
        1,
        1,
        1
    ],
    "preds": [
        0,
        1,
        0,
        0,
        0,
        0,
        0,
        0,
        1,
        0,
        0,
        1,
        1,
        0,
        1,
        0,
        0,
        0,
        0,
        0,
        0,
        1,
        0,
        0,
        0,
        0,
        0,
        1,
        0,
        1,
        0,
        0,
        0,
        0,
        0,
        0,
        1,
        0,
        0,
        0,
        1,
        1,
        1,
        1,
        1,
        0,
        0,
        0,
        1,
        0,
        1,
        1,
        1,
        1,
        1,
        0,
        1,
        1,
        0,
        1,
        1,
        0,
        1,
        1
    ],
    "probs": [
        0.1318666636943817,
        0.8542572259902954,
        0.0904727429151535,
        0.09277532994747162,
        0.1275787502527237,
        0.11167751997709274,
        0.09026676416397095,
        0.12303778529167175,
        0.9312061667442322,
        0.08882267773151398,
        0.09705282747745514,
        0.9379273056983948,
        0.8564429879188538,
        0.08685733377933502,
        0.9140349626541138,
        0.0958503931760788,
        0.08732571452856064,
        0.08725841343402863,
        0.10234196484088898,
        0.1086980551481247,
        0.09882872551679611,
        0.9477435350418091,
        0.08589259535074234,
        0.10666301101446152,
        0.1063908189535141,
        0.18700076639652252,
        0.09207875281572342,
        0.9266841411590576,
        0.11514546722173691,
        0.9396712779998779,
        0.14391836524009705,
        0.11458534747362137,
        0.13894864916801453,
        0.08425342291593552,
        0.09006249159574509,
        0.08134927600622177,
        0.9540905952453613,
        0.18877217173576355,
        0.1565825194120407,
        0.3568742573261261,
        0.9463396072387695,
        0.9518933892250061,
        0.9524431824684143,
        0.9545251727104187,
        0.9597193002700806,
        0.44818514585494995,
        0.09715727716684341,
        0.14320343732833862,
        0.9475415349006653,
        0.08923978358507156,
        0.954595148563385,
        0.9228129982948303,
        0.9594764113426208,
        0.9420702457427979,
        0.9468671679496765,
        0.15236686170101166,
        0.9502421021461487,
        0.938783586025238,
        0.10567257553339005,
        0.9517303109169006,
        0.947821319103241,
        0.15223748981952667,
        0.9570331573486328,
        0.9527361989021301
    ]
}