{
    "best_hyperparameters": {
        "hidden_size": 64,
        "num_layers": 3,
        "bidirectional": false,
        "lr": 0.0006134166029380689,
        "weight_decay": 1.90006541617579e-05,
        "batch_size": 16,
        "dropout_fc": 0.21850614652277944
    },
    "best_validation_loss": 0.33756766282022,
    "best_validation_auc": 0.8290322580645161,
    "best_epoch": 6,
    "test_metrics": {
        "loss": 0.6590319126844406,
        "accuracy": 0.734375,
        "precision": 0.6538461538461539,
        "recall": 0.68,
        "f1_score": 0.6666666666666666,
        "auc": 0.837948717948718
    },
    "features_manifest": "..\\experiments\\exp_18\\results\\tables\\manifest_features.csv"
}