{
    "train_loss": [
        0.6936616193164479,
        0.6885718920014121,
        0.666627434166995,
        0.5368433892726898,
        0.4371643933382901,
        0.2342659363692457,
        0.23619782721454446,
        0.4486974890936505,
        0.32340419021519745,
        0.22407500445842743,
        0.2052637358958071,
        0.15402282232587988,
        0.11945775659246878,
        0.08879110555757176,
        0.23027875037355858,
        0.15762034939094025
    ],
    "val_loss": [
        0.6913578361272812,
        0.6874986588954926,
        0.6698662787675858,
        0.7855579406023026,
        0.7753846868872643,
        0.33756766282022,
        0.8928387388586998,
        1.0223116725683212,
        0.8107758834958076,
        0.7704562991857529,
        1.0199598465114832,
        1.0740991234779358,
        1.2851235382258892,
        0.9409150183200836,
        1.1982702910900116,
        1.2955199629068375
    ],
    "val_auc": [
        0.7145161290322581,
        0.7274193548387096,
        0.7645161290322581,
        0.7306451612903225,
        0.735483870967742,
        0.8290322580645161,
        0.7935483870967742,
        0.8145161290322581,
        0.7661290322580645,
        0.7693548387096775,
        0.7596774193548387,
        0.7661290322580645,
        0.7790322580645161,
        0.7903225806451613,
        0.782258064516129,
        0.7612903225806451
    ],
    "val_accuracy": [
        0.39215686274509803,
        0.6078431372549019,
        0.6862745098039216,
        0.6862745098039216,
        0.7647058823529411,
        0.8627450980392157,
        0.7843137254901961,
        0.7254901960784313,
        0.7843137254901961,
        0.7254901960784313,
        0.7843137254901961,
        0.7058823529411765,
        0.7450980392156863,
        0.6862745098039216,
        0.7450980392156863,
        0.7058823529411765
    ],
    "val_precision": [
        0.39215686274509803,
        0.5,
        0.6,
        0.8333333333333334,
        0.8333333333333334,
        0.8823529411764706,
        0.9090909090909091,
        0.875,
        0.8461538461538461,
        0.65,
        0.9090909090909091,
        0.631578947368421,
        0.8181818181818182,
        0.5714285714285714,
        0.6842105263157895,
        0.6666666666666666
    ],
    "val_recall": [
        1.0,
        0.9,
        0.6,
        0.25,
        0.5,
        0.75,
        0.5,
        0.35,
        0.55,
        0.65,
        0.5,
        0.6,
        0.45,
        0.8,
        0.65,
        0.5
    ],
    "val_f1_score": [
        0.5633802816901409,
        0.6428571428571429,
        0.6,
        0.38461538461538464,
        0.625,
        0.8108108108108109,
        0.6451612903225806,
        0.5,
        0.6666666666666666,
        0.65,
        0.6451612903225806,
        0.6153846153846154,
        0.5806451612903226,
        0.6666666666666666,
        0.6666666666666666,
        0.5714285714285714
    ]
}