{
    "labels": [
        0,
        0,
        0,
        0,
        0,
        0,
        0,
        0,
        0,
        0,
        0,
        0,
        0,
        0,
        0,
        0,
        0,
        0,
        0,
        0,
        0,
        0,
        0,
        0,
        0,
        0,
        0,
        0,
        0,
        0,
        0,
        0,
        0,
        0,
        0,
        0,
        0,
        0,
        0,
        1,
        1,
        1,
        1,
        1,
        1,
        1,
        1,
        1,
        1,
        1,
        1,
        1,
        1,
        1,
        1,
        1,
        1,
        1,
        1,
        1,
        1,
        1,
        1,
        1
    ],
    "preds": [
        1,
        1,
        0,
        0,
        0,
        0,
        0,
        0,
        0,
        0,
        0,
        0,
        0,
        0,
        0,
        0,
        0,
        0,
        0,
        0,
        0,
        0,
        0,
        0,
        0,
        0,
        0,
        0,
        0,
        0,
        0,
        0,
        1,
        1,
        0,
        0,
        1,
        1,
        0,
        0,
        1,
        1,
        1,
        1,
        1,
        0,
        0,
        1,
        1,
        0,
        1,
        1,
        1,
        1,
        1,
        0,
        1,
        1,
        1,
        1,
        1,
        0,
        1,
        1
    ],
    "probs": [
        0.931678295135498,
        0.835749626159668,
        0.02001636102795601,
        0.2188296765089035,
        0.07501590251922607,
        0.1401803195476532,
        0.016428101807832718,
        0.36777642369270325,
        0.04819006472826004,
        0.038858022540807724,
        0.1115194633603096,
        0.06254933029413223,
        0.38659289479255676,
        0.016553184017539024,
        0.15565364062786102,
        0.12286786735057831,
        0.013470740057528019,
        0.014891876839101315,
        0.04071652516722679,
        0.12478562444448471,
        0.014153298921883106,
        0.17245641350746155,
        0.016646726056933403,
        0.02417890354990959,
        0.031536657363176346,
        0.034523092210292816,
        0.2091754674911499,
        0.049919676035642624,
        0.0802823007106781,
        0.3952443599700928,
        0.2990154027938843,
        0.03885652497410774,
        0.6194159984588623,
        0.5288042426109314,
        0.031674426048994064,
        0.02470388077199459,
        0.8939863443374634,
        0.966479480266571,
        0.0946870669722557,
        0.25343626737594604,
        0.9678804278373718,
        0.9481572508811951,
        0.8009945750236511,
        0.9772360324859619,
        0.9685450196266174,
        0.030668389052152634,
        0.0477854460477829,
        0.8233579397201538,
        0.9594202041625977,
        0.039835311472415924,
        0.9618487358093262,
        0.6332803964614868,
        0.9553202390670776,
        0.952289342880249,
        0.9540428519248962,
        0.38251224160194397,
        0.8949507474899292,
        0.8490275740623474,
        0.967681884765625,
        0.9512348175048828,
        0.9301403164863586,
        0.037003934383392334,
        0.9447542428970337,
        0.9448499083518982
    ]
}