{
    "train_loss": [
        0.6922215024630228,
        0.6742732326189677,
        0.6241758863131205,
        0.5179595748583475,
        0.4525200327237447,
        0.5601972341537476,
        0.3959535559018453,
        0.41353943943977356,
        0.37961623072624207,
        0.39782793323198956,
        0.41391514738400775,
        0.322801207502683,
        0.2511540700991948,
        0.26262322068214417,
        0.25884900987148285,
        0.2294479434688886,
        0.14591010411580405,
        0.11924073845148087,
        0.08564430723587672,
        0.06682352473338445,
        0.049615843842426934,
        0.02949744478488962,
        0.01783430917809407,
        0.012513574212789536
    ],
    "val_loss": [
        0.6670445799827576,
        0.6400535106658936,
        0.588824450969696,
        0.5536261796951294,
        0.7127177119255066,
        0.6393950581550598,
        0.7590734958648682,
        0.6675708293914795,
        0.5098968744277954,
        0.4837302267551422,
        0.48678523302078247,
        0.47939443588256836,
        0.6589227914810181,
        0.3659808337688446,
        0.4484836459159851,
        0.555728018283844,
        0.47691211104393005,
        0.5033835768699646,
        0.5216740965843201,
        0.6493514776229858,
        0.7168699502944946,
        0.9214394092559814,
        0.9709556698799133,
        0.9646546840667725
    ],
    "val_auc": [
        0.7403225806451612,
        0.7548387096774194,
        0.7661290322580645,
        0.8032258064516129,
        0.6983870967741936,
        0.7967741935483871,
        0.7709677419354839,
        0.7887096774193548,
        0.8516129032258064,
        0.8387096774193549,
        0.8274193548387097,
        0.8903225806451612,
        0.8241935483870967,
        0.8983870967741936,
        0.8790322580645161,
        0.8806451612903226,
        0.9129032258064517,
        0.864516129032258,
        0.8741935483870967,
        0.8725806451612903,
        0.853225806451613,
        0.8451612903225807,
        0.8370967741935484,
        0.8403225806451613
    ],
    "val_accuracy": [
        0.6078431372549019,
        0.6078431372549019,
        0.6666666666666666,
        0.7647058823529411,
        0.6470588235294118,
        0.7843137254901961,
        0.6274509803921569,
        0.7450980392156863,
        0.7647058823529411,
        0.8235294117647058,
        0.8235294117647058,
        0.803921568627451,
        0.7450980392156863,
        0.8627450980392157,
        0.8627450980392157,
        0.8235294117647058,
        0.8431372549019608,
        0.8627450980392157,
        0.8235294117647058,
        0.803921568627451,
        0.8627450980392157,
        0.803921568627451,
        0.803921568627451,
        0.8235294117647058
    ],
    "val_precision": [
        0.0,
        0.0,
        0.8,
        0.7222222222222222,
        0.5294117647058824,
        1.0,
        0.5135135135135135,
        1.0,
        0.6538461538461539,
        1.0,
        0.9230769230769231,
        0.7083333333333334,
        1.0,
        0.8421052631578947,
        0.9333333333333333,
        1.0,
        0.75,
        0.9333333333333333,
        0.7894736842105263,
        0.75,
        0.9333333333333333,
        0.7777777777777778,
        0.7777777777777778,
        0.8235294117647058
    ],
    "val_recall": [
        0.0,
        0.0,
        0.2,
        0.65,
        0.9,
        0.45,
        0.95,
        0.35,
        0.85,
        0.55,
        0.6,
        0.85,
        0.35,
        0.8,
        0.7,
        0.55,
        0.9,
        0.7,
        0.75,
        0.75,
        0.7,
        0.7,
        0.7,
        0.7
    ],
    "val_f1_score": [
        0.0,
        0.0,
        0.32,
        0.6842105263157895,
        0.6666666666666666,
        0.6206896551724138,
        0.6666666666666666,
        0.5185185185185185,
        0.7391304347826086,
        0.7096774193548387,
        0.7272727272727273,
        0.7727272727272727,
        0.5185185185185185,
        0.8205128205128205,
        0.8,
        0.7096774193548387,
        0.8181818181818182,
        0.8,
        0.7692307692307693,
        0.75,
        0.8,
        0.7368421052631579,
        0.7368421052631579,
        0.7567567567567568
    ]
}