{
  "source_experiment": "exp_15",
  "seed": 42,
  "num_epochs": 60,
  "patience": 10,
  "model_config": {
    "hidden_size": 96,
    "num_layers": 2,
    "bidirectional": false,
    "dropout_fc": 0.36483569060863985,
    "lr": 0.0005328460672478206,
    "weight_decay": 0.0004460310306403524,
    "batch_size": 64,
    "input_size": 512
  },
  "original_test_metrics": {
    "loss": 0.5404056906700134,
    "accuracy": 0.765625,
    "precision": 0.7777777777777778,
    "recall": 0.56,
    "f1_score": 0.6511627906976745,
    "auc": 0.7743589743589744
  },
  "manifest_features": "experiments\\exp_15\\results\\tables\\manifest_features.csv"
}