{
    "labels": [
        0,
        0,
        0,
        0,
        0,
        0,
        0,
        0,
        0,
        0,
        0,
        0,
        0,
        0,
        0,
        0,
        0,
        0,
        0,
        0,
        0,
        0,
        0,
        0,
        0,
        0,
        0,
        0,
        0,
        0,
        0,
        0,
        0,
        0,
        0,
        0,
        0,
        0,
        0,
        1,
        1,
        1,
        1,
        1,
        1,
        1,
        1,
        1,
        1,
        1,
        1,
        1,
        1,
        1,
        1,
        1,
        1,
        1,
        1,
        1,
        1,
        1,
        1,
        1,
        1,
        1,
        1,
        1,
        1,
        1,
        1
    ],
    "preds": [
        1,
        0,
        0,
        0,
        0,
        0,
        0,
        0,
        0,
        0,
        0,
        1,
        0,
        0,
        0,
        0,
        0,
        0,
        0,
        0,
        0,
        0,
        0,
        0,
        0,
        0,
        0,
        0,
        0,
        0,
        0,
        0,
        1,
        0,
        0,
        0,
        1,
        0,
        0,
        1,
        1,
        1,
        1,
        1,
        1,
        1,
        1,
        1,
        0,
        1,
        0,
        0,
        1,
        1,
        1,
        1,
        0,
        1,
        1,
        0,
        1,
        1,
        1,
        0,
        1,
        0,
        1,
        1,
        1,
        1,
        1
    ],
    "probs": [
        0.6636465191841125,
        0.3683352768421173,
        0.051879290491342545,
        0.3017275333404541,
        0.056765731424093246,
        0.08868886530399323,
        0.03388842195272446,
        0.4184858798980713,
        0.03927863761782646,
        0.02832416445016861,
        0.10709893703460693,
        0.5355309247970581,
        0.1508013904094696,
        0.053344592452049255,
        0.06488587707281113,
        0.06439042836427689,
        0.0433383509516716,
        0.03599560260772705,
        0.12238939106464386,
        0.0769842118024826,
        0.033393003046512604,
        0.2168949395418167,
        0.036496181041002274,
        0.06317953020334244,
        0.04560992494225502,
        0.057180218398571014,
        0.141121506690979,
        0.04131130874156952,
        0.1661466360092163,
        0.08746321499347687,
        0.3159496784210205,
        0.06539012491703033,
        0.781968355178833,
        0.13424663245677948,
        0.035294778645038605,
        0.03943478688597679,
        0.9535856246948242,
        0.20437930524349213,
        0.045979540795087814,
        0.9877991676330566,
        0.9910879731178284,
        0.9269745349884033,
        0.990843653678894,
        0.9498322606086731,
        0.9869325757026672,
        0.9495323300361633,
        0.993296205997467,
        0.9090551137924194,
        0.05828085169196129,
        0.9885520935058594,
        0.03685019537806511,
        0.33975622057914734,
        0.7938743829727173,
        0.9752700924873352,
        0.9752851724624634,
        0.9402320981025696,
        0.15173815190792084,
        0.9732193946838379,
        0.974497377872467,
        0.15406955778598785,
        0.9906221032142639,
        0.8945907354354858,
        0.9517172574996948,
        0.13259750604629517,
        0.8592353463172913,
        0.48070842027664185,
        0.9693269729614258,
        0.9254112839698792,
        0.986194372177124,
        0.8887823820114136,
        0.9900391697883606
    ]
}