{
    "train_loss": [
        0.6802688390016556,
        0.5630690455436707,
        0.46050383150577545,
        0.35517483949661255,
        0.2802891880273819,
        0.2607826106250286,
        0.18305109813809395,
        0.17413056455552578,
        0.1993185132741928,
        0.1523441281169653,
        0.1486046463251114,
        0.06978409644216299,
        0.21734395064413548,
        0.12981186527758837
    ],
    "val_loss": [
        0.6498791575431824,
        0.7038716673851013,
        0.6840150952339172,
        0.5911548137664795,
        0.5974901914596558,
        0.6594414114952087,
        0.8314714431762695,
        0.9315636157989502,
        0.7853751182556152,
        1.0274583101272583,
        0.766385555267334,
        1.1518564224243164,
        0.8081547021865845,
        0.6345127820968628
    ],
    "val_auc": [
        0.6919354838709677,
        0.7306451612903226,
        0.7338709677419355,
        0.7806451612903227,
        0.7887096774193548,
        0.8032258064516129,
        0.8048387096774193,
        0.8032258064516129,
        0.8064516129032258,
        0.8016129032258065,
        0.8129032258064516,
        0.8096774193548386,
        0.8112903225806452,
        0.8306451612903225
    ],
    "val_accuracy": [
        0.6078431372549019,
        0.6078431372549019,
        0.6862745098039216,
        0.7254901960784313,
        0.7647058823529411,
        0.7843137254901961,
        0.6666666666666666,
        0.7254901960784313,
        0.7450980392156863,
        0.7450980392156863,
        0.7647058823529411,
        0.7450980392156863,
        0.8235294117647058,
        0.8235294117647058
    ],
    "val_precision": [
        0.0,
        0.5,
        0.5833333333333334,
        0.6363636363636364,
        0.6818181818181818,
        0.8461538461538461,
        0.8,
        0.6153846153846154,
        0.6842105263157895,
        0.8888888888888888,
        0.6818181818181818,
        0.8888888888888888,
        0.8666666666666667,
        0.7894736842105263
    ],
    "val_recall": [
        0.0,
        0.85,
        0.7,
        0.7,
        0.75,
        0.55,
        0.2,
        0.8,
        0.65,
        0.4,
        0.75,
        0.4,
        0.65,
        0.75
    ],
    "val_f1_score": [
        0.0,
        0.6296296296296297,
        0.6363636363636364,
        0.6666666666666666,
        0.7142857142857143,
        0.6666666666666666,
        0.32,
        0.6956521739130435,
        0.6666666666666666,
        0.5517241379310345,
        0.7142857142857143,
        0.5517241379310345,
        0.7428571428571429,
        0.7692307692307693
    ]
}