{
    "labels": [
        0,
        0,
        0,
        0,
        0,
        0,
        0,
        0,
        0,
        0,
        0,
        0,
        0,
        0,
        0,
        0,
        0,
        0,
        0,
        0,
        0,
        0,
        0,
        0,
        0,
        0,
        0,
        0,
        0,
        0,
        0,
        0,
        0,
        0,
        0,
        0,
        0,
        0,
        0,
        1,
        1,
        1,
        1,
        1,
        1,
        1,
        1,
        1,
        1,
        1,
        1,
        1,
        1,
        1,
        1,
        1,
        1,
        1,
        1,
        1,
        1,
        1,
        1,
        1
    ],
    "preds": [
        1,
        1,
        0,
        0,
        0,
        0,
        0,
        0,
        0,
        0,
        0,
        1,
        0,
        0,
        0,
        0,
        0,
        0,
        0,
        0,
        0,
        0,
        0,
        0,
        0,
        0,
        0,
        0,
        0,
        1,
        0,
        0,
        1,
        1,
        0,
        0,
        1,
        1,
        0,
        0,
        1,
        1,
        1,
        1,
        1,
        0,
        0,
        0,
        1,
        0,
        1,
        0,
        1,
        1,
        1,
        1,
        1,
        1,
        1,
        1,
        1,
        0,
        1,
        1
    ],
    "probs": [
        0.8829771876335144,
        0.9057603478431702,
        0.06624819338321686,
        0.22894123196601868,
        0.08318071067333221,
        0.0767219290137291,
        0.06741955131292343,
        0.2579938769340515,
        0.08004061132669449,
        0.09050862491130829,
        0.15975773334503174,
        0.8713439702987671,
        0.1554403007030487,
        0.07591523975133896,
        0.2369348704814911,
        0.10235882550477982,
        0.07609999924898148,
        0.06317807734012604,
        0.10493380576372147,
        0.13735438883304596,
        0.062264904379844666,
        0.12229602038860321,
        0.06272341310977936,
        0.1909126192331314,
        0.3291439414024353,
        0.11627452820539474,
        0.251905620098114,
        0.0813681110739708,
        0.16783884167671204,
        0.6597089171409607,
        0.11389708518981934,
        0.46590855717658997,
        0.86171555519104,
        0.7668163776397705,
        0.1757618486881256,
        0.11902502924203873,
        0.8464808464050293,
        0.8353302478790283,
        0.1605849415063858,
        0.11065715551376343,
        0.9286366701126099,
        0.9139012098312378,
        0.8816618919372559,
        0.9288502335548401,
        0.9337997436523438,
        0.11919140070676804,
        0.10153516381978989,
        0.20087192952632904,
        0.9137086272239685,
        0.06425729393959045,
        0.9131742119789124,
        0.3464752435684204,
        0.9242955446243286,
        0.8351418972015381,
        0.5002119541168213,
        0.737120509147644,
        0.829683780670166,
        0.8393126130104065,
        0.8800426721572876,
        0.9173209071159363,
        0.7129076719284058,
        0.23170781135559082,
        0.8974339962005615,
        0.8759436011314392
    ]
}