{
    "train_loss": [
        0.6867236346006393,
        0.6885804682970047,
        0.6597364544868469,
        0.5951851606369019,
        0.47674379497766495,
        0.47707613557577133,
        0.36443011835217476,
        0.3071700446307659,
        0.22432726994156837,
        0.22793661803007126,
        0.2770646195858717,
        0.2177742775529623,
        0.16739485040307045,
        0.1573375202715397,
        0.09761040797457099,
        0.0847617406398058,
        0.054852960631251335,
        0.04736528778448701,
        0.015794670907780528,
        0.060843876795843244,
        0.009663211880251765,
        0.0200603858102113,
        0.2861970830708742
    ],
    "val_loss": [
        0.6826378703117371,
        0.6606942415237427,
        0.634367048740387,
        0.5635963678359985,
        0.5674981474876404,
        0.5723538994789124,
        0.4715252220630646,
        0.4768117368221283,
        0.6335712671279907,
        0.6340537071228027,
        0.5126743912696838,
        0.5215797424316406,
        0.4212539792060852,
        0.5102261304855347,
        0.5187340378761292,
        0.5737114548683167,
        0.6550366878509521,
        0.743535041809082,
        1.0549815893173218,
        0.9860274791717529,
        0.8866218328475952,
        1.5870591402053833,
        1.1742510795593262
    ],
    "val_auc": [
        0.7133995037220844,
        0.7890818858560794,
        0.8250620347394542,
        0.8263027295285359,
        0.8374689826302729,
        0.8461538461538461,
        0.8598014888337469,
        0.8759305210918114,
        0.9156327543424319,
        0.9106699751861042,
        0.9007444168734491,
        0.8982630272952854,
        0.890818858560794,
        0.8995037220843672,
        0.9205955334987593,
        0.9181141439205955,
        0.9057071960297767,
        0.8870967741935484,
        0.879652605459057,
        0.8660049627791564,
        0.8920595533498759,
        0.8114143920595533,
        0.869727047146402
    ],
    "val_accuracy": [
        0.543859649122807,
        0.5964912280701754,
        0.7543859649122807,
        0.7719298245614035,
        0.7543859649122807,
        0.7192982456140351,
        0.8070175438596491,
        0.8070175438596491,
        0.7894736842105263,
        0.7894736842105263,
        0.8245614035087719,
        0.7543859649122807,
        0.8245614035087719,
        0.8070175438596491,
        0.8245614035087719,
        0.8421052631578947,
        0.8421052631578947,
        0.8245614035087719,
        0.7543859649122807,
        0.8070175438596491,
        0.7543859649122807,
        0.7192982456140351,
        0.7017543859649122
    ],
    "val_precision": [
        0.0,
        0.8,
        0.7,
        0.76,
        0.9285714285714286,
        0.6666666666666666,
        0.8947368421052632,
        0.9411764705882353,
        0.7058823529411765,
        0.71875,
        0.9,
        0.7,
        0.8333333333333334,
        0.7777777777777778,
        0.8333333333333334,
        0.8148148148148148,
        0.8148148148148148,
        0.8333333333333334,
        0.6764705882352942,
        0.8260869565217391,
        0.6875,
        0.9166666666666666,
        0.9090909090909091
    ],
    "val_recall": [
        0.0,
        0.15384615384615385,
        0.8076923076923077,
        0.7307692307692307,
        0.5,
        0.7692307692307693,
        0.6538461538461539,
        0.6153846153846154,
        0.9230769230769231,
        0.8846153846153846,
        0.6923076923076923,
        0.8076923076923077,
        0.7692307692307693,
        0.8076923076923077,
        0.7692307692307693,
        0.8461538461538461,
        0.8461538461538461,
        0.7692307692307693,
        0.8846153846153846,
        0.7307692307692307,
        0.8461538461538461,
        0.4230769230769231,
        0.38461538461538464
    ],
    "val_f1_score": [
        0.0,
        0.25806451612903225,
        0.75,
        0.7450980392156863,
        0.65,
        0.7142857142857143,
        0.7555555555555555,
        0.7441860465116279,
        0.8,
        0.7931034482758621,
        0.782608695652174,
        0.75,
        0.8,
        0.7924528301886793,
        0.8,
        0.8301886792452831,
        0.8301886792452831,
        0.8,
        0.7666666666666667,
        0.7755102040816326,
        0.7586206896551724,
        0.5789473684210527,
        0.5405405405405406
    ]
}