{
    "best_hyperparameters": {
        "hidden_size": 192,
        "num_layers": 3,
        "bidirectional": true,
        "lr": 0.0010824972488821841,
        "weight_decay": 2.953643001264741e-05,
        "batch_size": 64,
        "dropout_fc": 0.48952098099540997
    },
    "best_validation_loss": 0.5911548137664795,
    "best_validation_auc": 0.7806451612903227,
    "best_epoch": 4,
    "test_metrics": {
        "loss": 0.5672207474708557,
        "accuracy": 0.765625,
        "precision": 0.6923076923076923,
        "recall": 0.72,
        "f1_score": 0.7058823529411765,
        "auc": 0.803076923076923
    },
    "features_manifest": "..\\experiments\\exp_09\\results\\tables\\manifest_features.csv"
}