{
    "labels": [
        0,
        0,
        0,
        0,
        0,
        0,
        0,
        0,
        0,
        0,
        0,
        0,
        0,
        0,
        0,
        0,
        0,
        0,
        0,
        0,
        0,
        0,
        0,
        0,
        0,
        0,
        0,
        0,
        0,
        0,
        0,
        0,
        0,
        0,
        0,
        0,
        0,
        0,
        0,
        1,
        1,
        1,
        1,
        1,
        1,
        1,
        1,
        1,
        1,
        1,
        1,
        1,
        1,
        1,
        1,
        1,
        1,
        1,
        1,
        1,
        1,
        1,
        1,
        1
    ],
    "preds": [
        1,
        0,
        0,
        0,
        0,
        0,
        0,
        0,
        0,
        0,
        0,
        1,
        0,
        0,
        0,
        0,
        0,
        0,
        0,
        0,
        0,
        0,
        0,
        0,
        0,
        0,
        0,
        0,
        0,
        0,
        0,
        0,
        0,
        1,
        0,
        0,
        0,
        0,
        0,
        0,
        1,
        1,
        1,
        1,
        1,
        0,
        0,
        0,
        1,
        0,
        1,
        0,
        1,
        0,
        0,
        1,
        1,
        1,
        0,
        1,
        0,
        0,
        1,
        1
    ],
    "probs": [
        0.5408657193183899,
        0.3749520182609558,
        0.12308181822299957,
        0.3296865224838257,
        0.12250398099422455,
        0.2398359626531601,
        0.1290091723203659,
        0.3821703791618347,
        0.1283431053161621,
        0.13276779651641846,
        0.4697096347808838,
        0.5130826234817505,
        0.12685877084732056,
        0.16342905163764954,
        0.15221205353736877,
        0.16926829516887665,
        0.13147535920143127,
        0.12322746217250824,
        0.14173811674118042,
        0.3591955304145813,
        0.1327277570962906,
        0.13083037734031677,
        0.131170392036438,
        0.28910696506500244,
        0.1561560034751892,
        0.1585637629032135,
        0.33134570717811584,
        0.12789411842823029,
        0.2725866734981537,
        0.20439215004444122,
        0.33678048849105835,
        0.1854521483182907,
        0.22190497815608978,
        0.500493586063385,
        0.16929829120635986,
        0.1947232484817505,
        0.38180553913116455,
        0.2807726562023163,
        0.20435945689678192,
        0.18800725042819977,
        0.7490625977516174,
        0.6664450764656067,
        0.5967952609062195,
        0.6926352381706238,
        0.6829416155815125,
        0.13290643692016602,
        0.1265464872121811,
        0.1612386405467987,
        0.6640107035636902,
        0.13212443888187408,
        0.7119950652122498,
        0.28879106044769287,
        0.6297581195831299,
        0.4051333963871002,
        0.31606918573379517,
        0.5441159009933472,
        0.5556145310401917,
        0.5771675109863281,
        0.3677385151386261,
        0.6640321016311646,
        0.4760221540927887,
        0.3792584240436554,
        0.6008147597312927,
        0.592161238193512
    ]
}