{
    "train_loss": [
        0.6818461418151855,
        0.6764006912708282,
        0.6685984879732132,
        0.6714148223400116,
        0.6513962745666504,
        0.6060623377561569,
        0.5679685771465302,
        0.5465896874666214,
        0.4273544251918793,
        0.35564491525292397,
        0.3212481290102005,
        0.2982918471097946,
        0.26697880774736404,
        0.41488195955753326,
        0.2622344121336937,
        0.2685663774609566,
        0.207486592233181,
        0.16853857412934303,
        0.1246258495375514
    ],
    "val_loss": [
        0.6802879571914673,
        0.6755414009094238,
        0.66839200258255,
        0.6581991314888,
        0.6433172821998596,
        0.6216776371002197,
        0.6025141477584839,
        0.5824745893478394,
        0.5655035972595215,
        0.6174461245536804,
        0.5859144926071167,
        0.617235004901886,
        0.8162282705307007,
        0.6360909938812256,
        0.8371255993843079,
        0.5774272680282593,
        0.6833793520927429,
        0.6526463031768799,
        0.6801190972328186
    ],
    "val_auc": [
        0.5274193548387097,
        0.614516129032258,
        0.664516129032258,
        0.7161290322580646,
        0.7419354838709677,
        0.7451612903225807,
        0.7193548387096774,
        0.7435483870967742,
        0.7741935483870969,
        0.7516129032258065,
        0.7516129032258065,
        0.7629032258064515,
        0.732258064516129,
        0.7838709677419354,
        0.7387096774193548,
        0.7967741935483871,
        0.7870967741935484,
        0.7983870967741935,
        0.7919354838709678
    ],
    "val_accuracy": [
        0.6078431372549019,
        0.6078431372549019,
        0.6078431372549019,
        0.6078431372549019,
        0.6666666666666666,
        0.6862745098039216,
        0.7058823529411765,
        0.7058823529411765,
        0.7450980392156863,
        0.7450980392156863,
        0.7843137254901961,
        0.7843137254901961,
        0.7058823529411765,
        0.7058823529411765,
        0.7058823529411765,
        0.6862745098039216,
        0.7843137254901961,
        0.7843137254901961,
        0.6862745098039216
    ],
    "val_precision": [
        0.0,
        0.0,
        0.0,
        0.0,
        1.0,
        1.0,
        0.8571428571428571,
        0.631578947368421,
        0.7333333333333333,
        0.8888888888888888,
        0.8461538461538461,
        0.8461538461538461,
        1.0,
        0.5925925925925926,
        1.0,
        0.5833333333333334,
        1.0,
        0.8461538461538461,
        0.6
    ],
    "val_recall": [
        0.0,
        0.0,
        0.0,
        0.0,
        0.15,
        0.2,
        0.3,
        0.6,
        0.55,
        0.4,
        0.55,
        0.55,
        0.25,
        0.8,
        0.25,
        0.7,
        0.45,
        0.55,
        0.6
    ],
    "val_f1_score": [
        0.0,
        0.0,
        0.0,
        0.0,
        0.2608695652173913,
        0.3333333333333333,
        0.4444444444444444,
        0.6153846153846154,
        0.6285714285714286,
        0.5517241379310345,
        0.6666666666666666,
        0.6666666666666666,
        0.4,
        0.6808510638297872,
        0.4,
        0.6363636363636364,
        0.6206896551724138,
        0.6666666666666666,
        0.6
    ]
}