{
    "train_loss": [
        0.6952786445617676,
        0.6799717843532562,
        0.6626252979040146,
        0.6658590584993362,
        0.6328752189874649,
        0.5091017708182335,
        0.45630624145269394,
        0.41353198885917664,
        0.29013387858867645,
        0.24668874219059944,
        0.28328719548881054,
        0.22770163416862488,
        0.4685315825045109,
        0.22845300287008286,
        0.18410138227045536,
        0.20514021813869476,
        0.1468391139060259,
        0.1415795385837555,
        0.07563565671443939,
        0.08355366345494986
    ],
    "val_loss": [
        0.6846688985824585,
        0.6713730692863464,
        0.659203052520752,
        0.6366552710533142,
        0.6073073148727417,
        0.5867001414299011,
        0.7017861604690552,
        0.4947206377983093,
        0.8246573805809021,
        0.4800916314125061,
        0.6478093862533569,
        1.0570406913757324,
        0.6406569480895996,
        0.5480256080627441,
        0.7451803684234619,
        0.766538143157959,
        0.7453858852386475,
        0.7758449912071228,
        0.642337441444397,
        0.8802297115325928
    ],
    "val_auc": [
        0.6983870967741935,
        0.6838709677419355,
        0.682258064516129,
        0.7403225806451613,
        0.7451612903225806,
        0.7725806451612903,
        0.7806451612903226,
        0.864516129032258,
        0.7967741935483871,
        0.8467741935483871,
        0.832258064516129,
        0.7322580645161291,
        0.7919354838709678,
        0.8419354838709677,
        0.7145161290322581,
        0.7661290322580645,
        0.7725806451612903,
        0.8,
        0.8241935483870968,
        0.8129032258064516
    ],
    "val_accuracy": [
        0.6078431372549019,
        0.6078431372549019,
        0.6078431372549019,
        0.6078431372549019,
        0.6666666666666666,
        0.6666666666666666,
        0.7254901960784313,
        0.7647058823529411,
        0.7254901960784313,
        0.803921568627451,
        0.7450980392156863,
        0.6862745098039216,
        0.7450980392156863,
        0.7450980392156863,
        0.7058823529411765,
        0.6862745098039216,
        0.7254901960784313,
        0.7450980392156863,
        0.7647058823529411,
        0.7450980392156863
    ],
    "val_precision": [
        0.0,
        0.0,
        0.0,
        0.0,
        0.8,
        0.7142857142857143,
        0.875,
        0.6538461538461539,
        1.0,
        0.75,
        0.6521739130434783,
        0.8333333333333334,
        0.8181818181818182,
        0.6666666666666666,
        0.7777777777777778,
        0.6111111111111112,
        0.75,
        0.8888888888888888,
        0.7,
        0.7692307692307693
    ],
    "val_recall": [
        0.0,
        0.0,
        0.0,
        0.0,
        0.2,
        0.25,
        0.35,
        0.85,
        0.3,
        0.75,
        0.75,
        0.25,
        0.45,
        0.7,
        0.35,
        0.55,
        0.45,
        0.4,
        0.7,
        0.5
    ],
    "val_f1_score": [
        0.0,
        0.0,
        0.0,
        0.0,
        0.32,
        0.37037037037037035,
        0.5,
        0.7391304347826086,
        0.46153846153846156,
        0.75,
        0.6976744186046512,
        0.38461538461538464,
        0.5806451612903226,
        0.6829268292682927,
        0.4827586206896552,
        0.5789473684210527,
        0.5625,
        0.5517241379310345,
        0.7,
        0.6060606060606061
    ]
}