{
    "labels": [
        0,
        0,
        0,
        0,
        0,
        0,
        0,
        0,
        0,
        0,
        0,
        0,
        0,
        0,
        0,
        0,
        0,
        0,
        0,
        0,
        0,
        0,
        0,
        0,
        0,
        0,
        0,
        0,
        0,
        0,
        0,
        0,
        0,
        0,
        0,
        0,
        0,
        0,
        0,
        1,
        1,
        1,
        1,
        1,
        1,
        1,
        1,
        1,
        1,
        1,
        1,
        1,
        1,
        1,
        1,
        1,
        1,
        1,
        1,
        1,
        1,
        1,
        1,
        1
    ],
    "preds": [
        1,
        1,
        0,
        0,
        0,
        0,
        0,
        0,
        0,
        0,
        0,
        0,
        0,
        0,
        0,
        0,
        0,
        0,
        0,
        0,
        0,
        0,
        0,
        1,
        0,
        0,
        0,
        0,
        0,
        0,
        1,
        0,
        0,
        1,
        0,
        0,
        1,
        1,
        0,
        0,
        1,
        1,
        1,
        1,
        1,
        0,
        0,
        0,
        1,
        0,
        1,
        1,
        1,
        0,
        1,
        1,
        0,
        0,
        1,
        1,
        1,
        0,
        1,
        1
    ],
    "probs": [
        0.7314997315406799,
        0.8203725814819336,
        0.03569772467017174,
        0.0570673793554306,
        0.03664540499448776,
        0.07121012359857559,
        0.017614873126149178,
        0.053929995745420456,
        0.052205707877874374,
        0.042762428522109985,
        0.10949951410293579,
        0.10541010648012161,
        0.024797847494482994,
        0.029489245265722275,
        0.06543677300214767,
        0.05582693591713905,
        0.017108917236328125,
        0.021694403141736984,
        0.0288406815379858,
        0.0922054797410965,
        0.02049284242093563,
        0.07572724670171738,
        0.017488552257418633,
        0.7759504318237305,
        0.01733624003827572,
        0.03182724118232727,
        0.0741150751709938,
        0.0554446317255497,
        0.12578268349170685,
        0.09162908047437668,
        0.811427891254425,
        0.12824179232120514,
        0.1380503624677658,
        0.83815598487854,
        0.03083035908639431,
        0.07779701799154282,
        0.8066510558128357,
        0.8918808102607727,
        0.08230610936880112,
        0.057413630187511444,
        0.897162914276123,
        0.8164920806884766,
        0.8214203119277954,
        0.8976370096206665,
        0.8191459774971008,
        0.06466194987297058,
        0.018126634880900383,
        0.11555559933185577,
        0.8712019324302673,
        0.020337099209427834,
        0.9007766842842102,
        0.8570911884307861,
        0.825729250907898,
        0.19217073917388916,
        0.7990767359733582,
        0.7224898338317871,
        0.04141678661108017,
        0.09712227433919907,
        0.8823201656341553,
        0.8195160627365112,
        0.7411531805992126,
        0.09813399612903595,
        0.8107749223709106,
        0.79682457447052
    ]
}