{
    "best_hyperparameters": {
        "hidden_size": 128,
        "num_layers": 2,
        "bidirectional": false,
        "lr": 0.0011459171297888123,
        "weight_decay": 1.618172569307237e-05,
        "batch_size": 64,
        "dropout_fc": 0.44673534450270597
    },
    "best_validation_loss": 0.3949202597141266,
    "best_validation_auc": 0.8548387096774194,
    "best_epoch": 24,
    "test_metrics": {
        "loss": 0.4468480050563812,
        "accuracy": 0.8125,
        "precision": 0.8421052631578947,
        "recall": 0.64,
        "f1_score": 0.7272727272727273,
        "auc": 0.8266666666666667
    },
    "features_manifest": "..\\experiments\\exp_42\\results\\tables\\manifest_features.csv"
}