{
    "train_loss": [
        0.6947888135910034,
        0.679523229598999,
        0.6439213355382284,
        0.5703045527140299,
        0.45624180634816486,
        0.3319894075393677,
        0.39680570363998413,
        0.43055107196172077,
        0.3608928918838501,
        1.247920036315918,
        0.8930407961209615,
        0.5631859302520752,
        0.5809658666451772,
        0.507582018772761,
        0.4984640379746755,
        0.4655816853046417,
        0.46282321214675903,
        0.44836896657943726,
        0.5029347240924835,
        0.3327239503463109,
        0.44905486702919006,
        0.3005850811799367,
        0.279077410697937,
        0.3147964080174764,
        0.2582640101512273,
        0.3227245012919108,
        0.21717520554860434,
        0.2873103270928065,
        0.226427232225736,
        0.28759455929199856,
        0.4911162654558818,
        0.16396571199099222,
        0.16575479010740915,
        0.1454361379146576
    ],
    "val_loss": [
        0.6919134259223938,
        0.6836226582527161,
        0.6851946115493774,
        0.6376160383224487,
        0.7895901799201965,
        0.6382080912590027,
        1.065873146057129,
        0.9360634684562683,
        1.1302850246429443,
        0.9081325531005859,
        0.6287859678268433,
        0.7193859815597534,
        0.7602093815803528,
        0.5918687582015991,
        0.5590505003929138,
        0.5035761594772339,
        0.5837177634239197,
        0.5394729971885681,
        0.537761390209198,
        0.5919387340545654,
        0.7706215381622314,
        0.4475773870944977,
        0.6250230073928833,
        0.3949202597141266,
        0.5467686057090759,
        0.39638444781303406,
        0.4557524025440216,
        0.46484649181365967,
        1.0299632549285889,
        0.6363996267318726,
        0.5352648496627808,
        0.6526520848274231,
        0.5902288556098938,
        0.8429872989654541
    ],
    "val_auc": [
        0.6693548387096775,
        0.6887096774193548,
        0.6709677419354838,
        0.6887096774193548,
        0.6806451612903226,
        0.7193548387096774,
        0.6612903225806452,
        0.6790322580645161,
        0.7,
        0.7048387096774194,
        0.7241935483870967,
        0.7354838709677419,
        0.7483870967741936,
        0.7725806451612903,
        0.8048387096774193,
        0.8322580645161292,
        0.8532258064516128,
        0.7596774193548387,
        0.7870967741935485,
        0.8370967741935484,
        0.7951612903225806,
        0.8322580645161289,
        0.8596774193548388,
        0.8548387096774194,
        0.803225806451613,
        0.8709677419354839,
        0.832258064516129,
        0.8258064516129032,
        0.8161290322580647,
        0.7596774193548387,
        0.7725806451612902,
        0.817741935483871,
        0.7693548387096775,
        0.7451612903225806
    ],
    "val_accuracy": [
        0.5490196078431373,
        0.49019607843137253,
        0.5098039215686274,
        0.6470588235294118,
        0.6078431372549019,
        0.7254901960784313,
        0.6274509803921569,
        0.6666666666666666,
        0.6078431372549019,
        0.6078431372549019,
        0.6274509803921569,
        0.47058823529411764,
        0.43137254901960786,
        0.7254901960784313,
        0.7647058823529411,
        0.7843137254901961,
        0.7450980392156863,
        0.7647058823529411,
        0.7647058823529411,
        0.7843137254901961,
        0.6666666666666666,
        0.8235294117647058,
        0.7647058823529411,
        0.8431372549019608,
        0.7647058823529411,
        0.8431372549019608,
        0.8235294117647058,
        0.8235294117647058,
        0.6666666666666666,
        0.7450980392156863,
        0.7843137254901961,
        0.7450980392156863,
        0.7450980392156863,
        0.7058823529411765
    ],
    "val_precision": [
        0.46153846153846156,
        0.4166666666666667,
        0.43243243243243246,
        0.55,
        0.5,
        0.7142857142857143,
        0.5172413793103449,
        0.5882352941176471,
        0.0,
        0.0,
        1.0,
        0.4146341463414634,
        0.4,
        0.65,
        0.9,
        0.7647058823529411,
        0.64,
        1.0,
        1.0,
        0.6956521739130435,
        0.5555555555555556,
        1.0,
        0.6538461538461539,
        1.0,
        1.0,
        0.8,
        1.0,
        1.0,
        0.5454545454545454,
        1.0,
        0.8461538461538461,
        0.64,
        0.7333333333333333,
        0.6086956521739131
    ],
    "val_recall": [
        0.9,
        0.75,
        0.8,
        0.55,
        0.75,
        0.5,
        0.75,
        0.5,
        0.0,
        0.0,
        0.05,
        0.85,
        0.9,
        0.65,
        0.45,
        0.65,
        0.8,
        0.4,
        0.4,
        0.8,
        0.75,
        0.55,
        0.85,
        0.6,
        0.4,
        0.8,
        0.55,
        0.55,
        0.9,
        0.35,
        0.55,
        0.8,
        0.55,
        0.7
    ],
    "val_f1_score": [
        0.6101694915254238,
        0.5357142857142857,
        0.5614035087719298,
        0.55,
        0.6,
        0.5882352941176471,
        0.6122448979591837,
        0.5405405405405406,
        0.0,
        0.0,
        0.09523809523809523,
        0.5573770491803278,
        0.5538461538461539,
        0.65,
        0.6,
        0.7027027027027027,
        0.7111111111111111,
        0.5714285714285714,
        0.5714285714285714,
        0.7441860465116279,
        0.6382978723404256,
        0.7096774193548387,
        0.7391304347826086,
        0.75,
        0.5714285714285714,
        0.8,
        0.7096774193548387,
        0.7096774193548387,
        0.6792452830188679,
        0.5185185185185185,
        0.6666666666666666,
        0.7111111111111111,
        0.6285714285714286,
        0.6511627906976745
    ]
}