{
    "labels": [
        0,
        0,
        0,
        0,
        0,
        0,
        0,
        0,
        0,
        0,
        0,
        0,
        0,
        0,
        0,
        0,
        0,
        0,
        0,
        0,
        0,
        0,
        0,
        0,
        0,
        0,
        0,
        0,
        0,
        0,
        0,
        0,
        0,
        0,
        0,
        0,
        0,
        0,
        0,
        1,
        1,
        1,
        1,
        1,
        1,
        1,
        1,
        1,
        1,
        1,
        1,
        1,
        1,
        1,
        1,
        1,
        1,
        1,
        1,
        1,
        1,
        1,
        1,
        1
    ],
    "preds": [
        1,
        0,
        0,
        0,
        0,
        0,
        0,
        0,
        0,
        0,
        0,
        0,
        0,
        0,
        0,
        0,
        0,
        0,
        0,
        0,
        0,
        0,
        0,
        0,
        0,
        0,
        0,
        0,
        0,
        0,
        0,
        0,
        1,
        0,
        0,
        0,
        1,
        0,
        0,
        0,
        1,
        1,
        1,
        1,
        1,
        0,
        0,
        1,
        1,
        0,
        1,
        0,
        1,
        0,
        0,
        0,
        1,
        1,
        1,
        1,
        1,
        0,
        1,
        1
    ],
    "probs": [
        0.761233925819397,
        0.36125391721725464,
        0.13415217399597168,
        0.3519221544265747,
        0.14596158266067505,
        0.21137210726737976,
        0.1404765546321869,
        0.38002809882164,
        0.15656428039073944,
        0.15862047672271729,
        0.15080341696739197,
        0.22388200461864471,
        0.17276787757873535,
        0.15286530554294586,
        0.2050357460975647,
        0.17501279711723328,
        0.14730821549892426,
        0.13113562762737274,
        0.14606723189353943,
        0.23833899199962616,
        0.16475695371627808,
        0.20778508484363556,
        0.18792064487934113,
        0.14161498844623566,
        0.1797337830066681,
        0.12487861514091492,
        0.32095596194267273,
        0.15571781992912292,
        0.14348964393138885,
        0.16675634682178497,
        0.19003374874591827,
        0.14565663039684296,
        0.7963113188743591,
        0.1809653788805008,
        0.12797501683235168,
        0.19337736070156097,
        0.801651120185852,
        0.18106967210769653,
        0.17274078726768494,
        0.33294400572776794,
        0.9085891246795654,
        0.9121444225311279,
        0.7667858600616455,
        0.9687783122062683,
        0.9598321914672852,
        0.13099071383476257,
        0.144097700715065,
        0.7903958559036255,
        0.9326216578483582,
        0.15035191178321838,
        0.9537826180458069,
        0.2601984739303589,
        0.9295322299003601,
        0.18550251424312592,
        0.1886596828699112,
        0.3650263845920563,
        0.958454966545105,
        0.8305109143257141,
        0.9621607065200806,
        0.9065408706665039,
        0.747364342212677,
        0.17393825948238373,
        0.9032754302024841,
        0.8173996210098267
    ]
}