{
    "best_hyperparameters": {
        "hidden_size": 64,
        "num_layers": 3,
        "bidirectional": false,
        "lr": 0.0010434137618883289,
        "weight_decay": 1.2142122914464456e-05,
        "batch_size": 64,
        "dropout_fc": 0.41542524433495925
    },
    "best_validation_loss": 0.3042565584182739,
    "best_validation_auc": 0.9209677419354839,
    "best_epoch": 19,
    "test_metrics": {
        "loss": 0.47084805369377136,
        "accuracy": 0.796875,
        "precision": 0.875,
        "recall": 0.56,
        "f1_score": 0.6829268292682927,
        "auc": 0.8502564102564102
    },
    "features_manifest": "..\\experiments\\exp_17\\results\\tables\\manifest_features.csv"
}