{
    "train_loss": [
        0.6966693798700968,
        0.6912830869356791,
        0.6838934024175009,
        0.6766954660415649,
        0.6461953123410543,
        0.5979063113530477,
        0.5437437097231547,
        0.43311670422554016,
        0.3662565549214681,
        0.26546186208724976,
        0.38519081970055896,
        0.6707414786020914,
        0.32318998376528424,
        0.3502970139185588,
        0.3281724701325099,
        0.24824632704257965,
        0.31496191521485645,
        0.29630278547604877,
        0.32581216593583423,
        0.27274133761723834,
        0.216590349872907,
        0.24127502739429474,
        0.25621022780736286,
        0.49421143531799316,
        0.36410102744897205,
        0.9586408138275146,
        0.48537224531173706,
        0.6925991376241049,
        0.5711750388145447
    ],
    "val_loss": [
        0.7025383710861206,
        0.697655200958252,
        0.6960474252700806,
        0.6776553392410278,
        0.6564963459968567,
        0.6286437511444092,
        0.5720243453979492,
        0.5019117593765259,
        0.5239127278327942,
        0.7926613688468933,
        0.7292393445968628,
        0.46820297837257385,
        0.6122152805328369,
        0.504000186920166,
        0.6134756803512573,
        0.5132666230201721,
        0.45117297768592834,
        0.572348952293396,
        0.3042565584182739,
        0.3544212579727173,
        0.5106828212738037,
        0.5902589559555054,
        0.5909931659698486,
        0.7594066262245178,
        1.1503982543945312,
        0.5625095367431641,
        0.6791428327560425,
        0.6220600605010986,
        0.4682902991771698
    ],
    "val_auc": [
        0.7193548387096774,
        0.7354838709677419,
        0.7290322580645162,
        0.7790322580645161,
        0.7903225806451613,
        0.782258064516129,
        0.8112903225806452,
        0.8741935483870968,
        0.7983870967741936,
        0.7935483870967742,
        0.7516129032258064,
        0.8903225806451612,
        0.8306451612903225,
        0.853225806451613,
        0.8419354838709678,
        0.8516129032258065,
        0.864516129032258,
        0.8758064516129032,
        0.9209677419354839,
        0.9016129032258065,
        0.8419354838709677,
        0.8403225806451613,
        0.8112903225806452,
        0.7758064516129032,
        0.7564516129032257,
        0.8241935483870968,
        0.8064516129032258,
        0.8112903225806452,
        0.885483870967742
    ],
    "val_accuracy": [
        0.39215686274509803,
        0.39215686274509803,
        0.39215686274509803,
        0.6274509803921569,
        0.7254901960784313,
        0.7254901960784313,
        0.7450980392156863,
        0.803921568627451,
        0.7843137254901961,
        0.6862745098039216,
        0.7254901960784313,
        0.8235294117647058,
        0.803921568627451,
        0.8235294117647058,
        0.7450980392156863,
        0.7647058823529411,
        0.8235294117647058,
        0.8235294117647058,
        0.9019607843137255,
        0.8627450980392157,
        0.7843137254901961,
        0.7843137254901961,
        0.7647058823529411,
        0.6862745098039216,
        0.6078431372549019,
        0.7254901960784313,
        0.6862745098039216,
        0.7058823529411765,
        0.7647058823529411
    ],
    "val_precision": [
        0.39215686274509803,
        0.39215686274509803,
        0.39215686274509803,
        0.5172413793103449,
        0.65,
        0.65,
        0.7333333333333333,
        0.7083333333333334,
        0.8461538461538461,
        0.5714285714285714,
        1.0,
        0.9230769230769231,
        0.7083333333333334,
        1.0,
        0.64,
        0.7,
        0.8666666666666667,
        0.72,
        0.9411764705882353,
        0.8421052631578947,
        0.7647058823529411,
        0.7368421052631579,
        0.9,
        1.0,
        0.5,
        0.65,
        1.0,
        1.0,
        0.9
    ],
    "val_recall": [
        1.0,
        1.0,
        1.0,
        0.75,
        0.65,
        0.65,
        0.55,
        0.85,
        0.55,
        0.8,
        0.3,
        0.6,
        0.85,
        0.55,
        0.8,
        0.7,
        0.65,
        0.9,
        0.8,
        0.8,
        0.65,
        0.7,
        0.45,
        0.2,
        0.85,
        0.65,
        0.2,
        0.25,
        0.45
    ],
    "val_f1_score": [
        0.5633802816901409,
        0.5633802816901409,
        0.5633802816901409,
        0.6122448979591837,
        0.65,
        0.65,
        0.6285714285714286,
        0.7727272727272727,
        0.6666666666666666,
        0.6666666666666666,
        0.46153846153846156,
        0.7272727272727273,
        0.7727272727272727,
        0.7096774193548387,
        0.7111111111111111,
        0.7,
        0.7428571428571429,
        0.8,
        0.8648648648648649,
        0.8205128205128205,
        0.7027027027027027,
        0.717948717948718,
        0.6,
        0.3333333333333333,
        0.6296296296296297,
        0.65,
        0.3333333333333333,
        0.4,
        0.6
    ]
}