{
    "labels": [
        0,
        0,
        0,
        0,
        0,
        0,
        0,
        0,
        0,
        0,
        0,
        0,
        0,
        0,
        0,
        0,
        0,
        0,
        0,
        0,
        0,
        0,
        0,
        0,
        0,
        0,
        0,
        0,
        0,
        0,
        0,
        0,
        0,
        0,
        0,
        0,
        0,
        0,
        0,
        1,
        1,
        1,
        1,
        1,
        1,
        1,
        1,
        1,
        1,
        1,
        1,
        1,
        1,
        1,
        1,
        1,
        1,
        1,
        1,
        1,
        1,
        1,
        1,
        1
    ],
    "preds": [
        1,
        0,
        0,
        0,
        0,
        0,
        0,
        0,
        0,
        0,
        0,
        0,
        0,
        0,
        0,
        0,
        0,
        0,
        0,
        0,
        0,
        0,
        0,
        0,
        0,
        0,
        0,
        0,
        0,
        0,
        0,
        0,
        0,
        0,
        0,
        0,
        1,
        0,
        0,
        0,
        1,
        1,
        0,
        1,
        1,
        0,
        0,
        0,
        1,
        0,
        1,
        0,
        1,
        1,
        0,
        1,
        1,
        0,
        1,
        1,
        0,
        0,
        1,
        1
    ],
    "probs": [
        0.6408539414405823,
        0.16457565128803253,
        0.11003156006336212,
        0.15558211505413055,
        0.13456209003925323,
        0.1491386592388153,
        0.10942324250936508,
        0.158796027302742,
        0.1117028146982193,
        0.12983375787734985,
        0.1351492702960968,
        0.12608711421489716,
        0.11643195897340775,
        0.10994656383991241,
        0.13795721530914307,
        0.13686557114124298,
        0.1096159964799881,
        0.11043882369995117,
        0.12552940845489502,
        0.14076751470565796,
        0.11135649681091309,
        0.12029802054166794,
        0.10874718427658081,
        0.11175494641065598,
        0.11730381846427917,
        0.11524418741464615,
        0.15386676788330078,
        0.11214160174131393,
        0.11198266595602036,
        0.13214685022830963,
        0.11682000011205673,
        0.11264671385288239,
        0.1273505985736847,
        0.11506597697734833,
        0.12452133744955063,
        0.11207881569862366,
        0.7573064565658569,
        0.11250492185354233,
        0.13897493481636047,
        0.14263702929019928,
        0.9801409840583801,
        0.8825925588607788,
        0.15828898549079895,
        0.981764018535614,
        0.9127458333969116,
        0.18512573838233948,
        0.11511337012052536,
        0.1319543421268463,
        0.9794744253158569,
        0.11458319425582886,
        0.975990355014801,
        0.12911869585514069,
        0.8836128115653992,
        0.979142427444458,
        0.11257001757621765,
        0.7891096472740173,
        0.6999716758728027,
        0.16556164622306824,
        0.98064786195755,
        0.6567190289497375,
        0.36940568685531616,
        0.11611194908618927,
        0.8273733258247375,
        0.9346639513969421
    ]
}