{
    "train_loss": [
        0.6929395198822021,
        0.6924725770950317,
        0.6894809156656265,
        0.682033970952034,
        0.6669434756040573,
        0.6407550722360611,
        0.6073139309883118,
        0.5475111901760101,
        0.45999955385923386,
        0.36314714699983597,
        0.3110146000981331,
        0.18488075397908688,
        0.21724958159029484,
        0.1836428251117468,
        0.1347970375791192,
        0.15831066854298115,
        0.24087251722812653,
        0.17437143623828888,
        0.14892200008034706,
        0.1151440218091011,
        0.1324528455734253,
        0.08839468844234943,
        0.15445443987846375,
        0.08337151631712914,
        0.10401771403849125,
        0.07884740643203259,
        0.07032578811049461,
        0.0697884769178927,
        0.059715533163398504,
        0.050564507488161325,
        0.0495025971904397,
        0.053997269831597805,
        0.05077151581645012,
        0.049781275913119316,
        0.046767635736614466,
        0.04028335656039417,
        0.040951619390398264,
        0.04712884500622749
    ],
    "val_loss": [
        0.7024877667427063,
        0.6991055011749268,
        0.6941063404083252,
        0.6878563761711121,
        0.6770207285881042,
        0.6563520431518555,
        0.6259005069732666,
        0.5845304727554321,
        0.5729456543922424,
        0.5178350806236267,
        0.49840036034584045,
        0.5054552555084229,
        0.496748685836792,
        0.5502703189849854,
        0.7903880476951599,
        0.7039505839347839,
        0.6909900307655334,
        0.5618340373039246,
        0.7228498458862305,
        0.4764321446418762,
        0.48286184668540955,
        0.7175409197807312,
        0.6083822846412659,
        0.4169238805770874,
        0.4770798683166504,
        0.6431645154953003,
        0.6277550458908081,
        0.3773191571235657,
        0.3909505605697632,
        0.586219847202301,
        0.7095538377761841,
        0.8498290181159973,
        0.8769577741622925,
        0.8806371092796326,
        0.8463723063468933,
        0.8091182708740234,
        0.7789865136146545,
        0.7719008922576904
    ],
    "val_auc": [
        0.6951612903225807,
        0.7338709677419355,
        0.7225806451612904,
        0.7322580645161291,
        0.7290322580645161,
        0.7564516129032257,
        0.7774193548387096,
        0.796774193548387,
        0.8112903225806452,
        0.8209677419354837,
        0.8403225806451613,
        0.8338709677419355,
        0.8290322580645161,
        0.8161290322580645,
        0.8129032258064516,
        0.8064516129032258,
        0.832258064516129,
        0.8516129032258064,
        0.8435483870967742,
        0.8709677419354839,
        0.8677419354838711,
        0.8596774193548387,
        0.8709677419354838,
        0.8790322580645162,
        0.8790322580645161,
        0.8935483870967742,
        0.8951612903225806,
        0.8935483870967742,
        0.8919354838709677,
        0.8870967741935484,
        0.8725806451612903,
        0.8741935483870968,
        0.8741935483870968,
        0.8741935483870967,
        0.8741935483870967,
        0.8741935483870967,
        0.8725806451612903,
        0.8709677419354839
    ],
    "val_accuracy": [
        0.39215686274509803,
        0.39215686274509803,
        0.39215686274509803,
        0.6078431372549019,
        0.6862745098039216,
        0.6470588235294118,
        0.7058823529411765,
        0.7254901960784313,
        0.7058823529411765,
        0.7843137254901961,
        0.7843137254901961,
        0.803921568627451,
        0.8431372549019608,
        0.8235294117647058,
        0.7450980392156863,
        0.7843137254901961,
        0.7647058823529411,
        0.803921568627451,
        0.7647058823529411,
        0.8235294117647058,
        0.8235294117647058,
        0.7647058823529411,
        0.7843137254901961,
        0.8627450980392157,
        0.8235294117647058,
        0.7450980392156863,
        0.7843137254901961,
        0.9019607843137255,
        0.9019607843137255,
        0.8235294117647058,
        0.803921568627451,
        0.7843137254901961,
        0.7843137254901961,
        0.7843137254901961,
        0.7843137254901961,
        0.7843137254901961,
        0.803921568627451,
        0.803921568627451
    ],
    "val_precision": [
        0.39215686274509803,
        0.39215686274509803,
        0.39215686274509803,
        0.5,
        0.5909090909090909,
        0.5555555555555556,
        0.6470588235294118,
        0.6875,
        0.6086956521739131,
        0.9090909090909091,
        0.6956521739130435,
        0.8571428571428571,
        0.9285714285714286,
        0.8666666666666667,
        0.7058823529411765,
        0.8461538461538461,
        0.7857142857142857,
        0.8125,
        1.0,
        0.7894736842105263,
        0.8235294117647058,
        0.9,
        0.9090909090909091,
        0.782608695652174,
        0.7894736842105263,
        0.8888888888888888,
        0.9090909090909091,
        0.8947368421052632,
        0.8947368421052632,
        0.8666666666666667,
        0.9166666666666666,
        0.9090909090909091,
        0.9090909090909091,
        0.9090909090909091,
        0.9090909090909091,
        0.9090909090909091,
        0.9166666666666666,
        0.9166666666666666
    ],
    "val_recall": [
        1.0,
        1.0,
        1.0,
        0.85,
        0.65,
        0.5,
        0.55,
        0.55,
        0.7,
        0.5,
        0.8,
        0.6,
        0.65,
        0.65,
        0.6,
        0.55,
        0.55,
        0.65,
        0.4,
        0.75,
        0.7,
        0.45,
        0.5,
        0.9,
        0.75,
        0.4,
        0.5,
        0.85,
        0.85,
        0.65,
        0.55,
        0.5,
        0.5,
        0.5,
        0.5,
        0.5,
        0.55,
        0.55
    ],
    "val_f1_score": [
        0.5633802816901409,
        0.5633802816901409,
        0.5633802816901409,
        0.6296296296296297,
        0.6190476190476191,
        0.5263157894736842,
        0.5945945945945946,
        0.6111111111111112,
        0.6511627906976745,
        0.6451612903225806,
        0.7441860465116279,
        0.7058823529411765,
        0.7647058823529411,
        0.7428571428571429,
        0.6486486486486487,
        0.6666666666666666,
        0.6470588235294118,
        0.7222222222222222,
        0.5714285714285714,
        0.7692307692307693,
        0.7567567567567568,
        0.6,
        0.6451612903225806,
        0.8372093023255814,
        0.7692307692307693,
        0.5517241379310345,
        0.6451612903225806,
        0.8717948717948718,
        0.8717948717948718,
        0.7428571428571429,
        0.6875,
        0.6451612903225806,
        0.6451612903225806,
        0.6451612903225806,
        0.6451612903225806,
        0.6451612903225806,
        0.6875,
        0.6875
    ]
}