{
    "labels": [
        0,
        0,
        0,
        0,
        0,
        0,
        0,
        0,
        0,
        0,
        0,
        0,
        0,
        0,
        0,
        0,
        0,
        0,
        0,
        0,
        0,
        0,
        0,
        0,
        0,
        0,
        0,
        0,
        0,
        0,
        0,
        0,
        0,
        0,
        0,
        0,
        0,
        0,
        0,
        1,
        1,
        1,
        1,
        1,
        1,
        1,
        1,
        1,
        1,
        1,
        1,
        1,
        1,
        1,
        1,
        1,
        1,
        1,
        1,
        1,
        1,
        1,
        1,
        1
    ],
    "preds": [
        1,
        1,
        0,
        0,
        0,
        0,
        0,
        0,
        0,
        0,
        0,
        1,
        0,
        0,
        0,
        0,
        0,
        0,
        0,
        0,
        0,
        1,
        0,
        0,
        0,
        0,
        0,
        0,
        0,
        0,
        0,
        0,
        1,
        1,
        0,
        0,
        1,
        0,
        0,
        0,
        1,
        1,
        1,
        1,
        1,
        0,
        0,
        0,
        1,
        0,
        1,
        1,
        1,
        1,
        1,
        1,
        1,
        0,
        1,
        1,
        0,
        0,
        1,
        1
    ],
    "probs": [
        0.7779930233955383,
        0.9768190979957581,
        0.01213274709880352,
        0.037801388651132584,
        0.024924222379922867,
        0.02115607261657715,
        0.016030214726924896,
        0.1674846112728119,
        0.12022385746240616,
        0.013358346186578274,
        0.018877342343330383,
        0.6410894393920898,
        0.024043401703238487,
        0.015116636641323566,
        0.024415740743279457,
        0.014147737994790077,
        0.023214098066091537,
        0.025554334744811058,
        0.023466089740395546,
        0.026292214170098305,
        0.014294002205133438,
        0.8483479619026184,
        0.013691614381968975,
        0.017122279852628708,
        0.017555931583046913,
        0.02025786228477955,
        0.02149134688079357,
        0.08125201612710953,
        0.024782905355095863,
        0.07513934373855591,
        0.17435605823993683,
        0.059754662215709686,
        0.9542486667633057,
        0.8941566944122314,
        0.019557613879442215,
        0.014137745834887028,
        0.9899016618728638,
        0.2565613090991974,
        0.022819913923740387,
        0.02363612875342369,
        0.9897298812866211,
        0.9917691946029663,
        0.9830676913261414,
        0.991239607334137,
        0.9931554198265076,
        0.018873289227485657,
        0.015328073874115944,
        0.019050944596529007,
        0.988842248916626,
        0.016038022935390472,
        0.9903342127799988,
        0.929533839225769,
        0.9922566413879395,
        0.9770984649658203,
        0.9751064777374268,
        0.6595772504806519,
        0.9864435195922852,
        0.0313810296356678,
        0.9892182350158691,
        0.9911194443702698,
        0.03556276112794876,
        0.0533418133854866,
        0.9914914965629578,
        0.9744153022766113
    ]
}