{
    "train_loss": [
        0.6923915147781372,
        0.6711219350496928,
        0.6359814206759135,
        0.543376753727595,
        0.4780859053134918,
        0.4302969475587209,
        0.37979642550150555,
        0.32777713735898334,
        0.26597567399342853,
        0.2095262904961904,
        0.2932472030321757,
        0.184768944978714,
        0.1319560930132866,
        0.10436549037694931,
        0.094615471859773,
        0.07123817875981331,
        0.06262199642757575,
        0.060344621539115906,
        0.03288932330906391,
        0.03295053727924824,
        0.026467630018790562,
        0.008527901954948902,
        0.02113724670683344,
        0.02034560653070609
    ],
    "val_loss": [
        0.6777670383453369,
        0.6566123366355896,
        0.6066614389419556,
        0.563157320022583,
        0.5175990462303162,
        0.42631831765174866,
        0.6739758253097534,
        0.4027409851551056,
        0.8763333559036255,
        0.4919625222682953,
        0.7043352723121643,
        0.2875329554080963,
        0.8307836055755615,
        0.2374093383550644,
        0.4362764358520508,
        0.8231136202812195,
        0.37251392006874084,
        0.35319018363952637,
        0.527536153793335,
        0.6649677157402039,
        0.9509479403495789,
        1.2859385013580322,
        0.6738097071647644,
        0.8636767864227295
    ],
    "val_auc": [
        0.696,
        0.716,
        0.762,
        0.838,
        0.864,
        0.9159999999999999,
        0.8620000000000001,
        0.9199999999999999,
        0.836,
        0.9219999999999999,
        0.916,
        0.946,
        0.938,
        0.96,
        0.932,
        0.94,
        0.95,
        0.944,
        0.9239999999999999,
        0.896,
        0.894,
        0.8919999999999999,
        0.9,
        0.896
    ],
    "val_accuracy": [
        0.5555555555555556,
        0.6444444444444445,
        0.6222222222222222,
        0.7333333333333333,
        0.7111111111111111,
        0.8,
        0.6888888888888889,
        0.7777777777777778,
        0.6666666666666666,
        0.7777777777777778,
        0.7111111111111111,
        0.9111111111111111,
        0.7111111111111111,
        0.9111111111111111,
        0.8666666666666667,
        0.7111111111111111,
        0.8888888888888888,
        0.8888888888888888,
        0.8666666666666667,
        0.8444444444444444,
        0.8,
        0.7777777777777778,
        0.8888888888888888,
        0.8
    ],
    "val_precision": [
        0.0,
        1.0,
        0.5882352941176471,
        0.6333333333333333,
        0.7058823529411765,
        0.9230769230769231,
        0.5882352941176471,
        1.0,
        0.5757575757575758,
        1.0,
        0.6129032258064516,
        0.9,
        0.6129032258064516,
        0.9444444444444444,
        0.7916666666666666,
        0.6129032258064516,
        0.8571428571428571,
        0.8571428571428571,
        0.7916666666666666,
        0.782608695652174,
        0.72,
        0.6923076923076923,
        0.8571428571428571,
        0.7037037037037037
    ],
    "val_recall": [
        0.0,
        0.2,
        0.5,
        0.95,
        0.6,
        0.6,
        1.0,
        0.5,
        0.95,
        0.5,
        0.95,
        0.9,
        0.95,
        0.85,
        0.95,
        0.95,
        0.9,
        0.9,
        0.95,
        0.9,
        0.9,
        0.9,
        0.9,
        0.95
    ],
    "val_f1_score": [
        0.0,
        0.3333333333333333,
        0.5405405405405406,
        0.76,
        0.6486486486486487,
        0.7272727272727273,
        0.7407407407407407,
        0.6666666666666666,
        0.7169811320754716,
        0.6666666666666666,
        0.7450980392156863,
        0.9,
        0.7450980392156863,
        0.8947368421052632,
        0.8636363636363636,
        0.7450980392156863,
        0.8780487804878049,
        0.8780487804878049,
        0.8636363636363636,
        0.8372093023255814,
        0.8,
        0.782608695652174,
        0.8780487804878049,
        0.8085106382978723
    ]
}