{
    "best_hyperparameters": {
        "hidden_size": 256,
        "num_layers": 2,
        "bidirectional": true,
        "lr": 0.000691743258623808,
        "weight_decay": 0.00039072814588819195,
        "batch_size": 64,
        "dropout_fc": 0.4285234391148839
    },
    "best_validation_loss": 0.2374093383550644,
    "best_validation_auc": 0.96,
    "best_epoch": 14,
    "test_metrics": {
        "loss": 0.6369901895523071,
        "accuracy": 0.7678571428571429,
        "precision": 0.875,
        "recall": 0.56,
        "f1_score": 0.6829268292682927,
        "auc": 0.8670967741935484
    },
    "features_used": "..\\experiments\\exp_06\\processed_data\\features"
}