{
    "train_loss": [
        0.6897085309028625,
        0.6677298347155253,
        0.6047363877296448,
        0.4968934754530589,
        0.4069974919160207,
        0.44235355655352276,
        0.2701576848824819,
        0.23312699298063913,
        0.19709494709968567,
        0.14298096547524133,
        0.1259204794963201,
        0.31583508600791294,
        0.2114765594402949,
        0.13776280482610068,
        0.12569773197174072,
        0.07955186193188031,
        0.06577057143052419,
        0.04563942551612854,
        0.05186513625085354
    ],
    "val_loss": [
        0.6765240430831909,
        0.6488831639289856,
        0.609962522983551,
        0.5961533784866333,
        0.7984147667884827,
        0.5919171571731567,
        0.5051750540733337,
        0.4732292890548706,
        0.41808417439460754,
        0.8572197556495667,
        1.2071771621704102,
        0.9518845677375793,
        0.6874004006385803,
        0.8849977254867554,
        0.6645039319992065,
        0.7036252617835999,
        0.7114163637161255,
        0.9287962317466736,
        1.0373622179031372
    ],
    "val_auc": [
        0.6741935483870969,
        0.6983870967741935,
        0.7403225806451612,
        0.7548387096774194,
        0.7903225806451613,
        0.8370967741935483,
        0.8403225806451613,
        0.8451612903225807,
        0.8629032258064516,
        0.7983870967741935,
        0.7532258064516129,
        0.8225806451612903,
        0.7677419354838709,
        0.7564516129032258,
        0.8096774193548387,
        0.7951612903225806,
        0.8483870967741935,
        0.8016129032258065,
        0.8112903225806452
    ],
    "val_accuracy": [
        0.6078431372549019,
        0.6666666666666666,
        0.6862745098039216,
        0.7254901960784313,
        0.7254901960784313,
        0.7254901960784313,
        0.8235294117647058,
        0.8235294117647058,
        0.8431372549019608,
        0.7450980392156863,
        0.6274509803921569,
        0.7450980392156863,
        0.7843137254901961,
        0.6862745098039216,
        0.7647058823529411,
        0.803921568627451,
        0.7647058823529411,
        0.7843137254901961,
        0.7647058823529411
    ],
    "val_precision": [
        0.0,
        0.6666666666666666,
        0.5666666666666667,
        0.6363636363636364,
        1.0,
        0.625,
        0.9230769230769231,
        0.9230769230769231,
        0.9285714285714286,
        1.0,
        0.5185185185185185,
        0.8181818181818182,
        0.7647058823529411,
        0.75,
        0.7,
        0.8125,
        0.7222222222222222,
        0.9090909090909091,
        0.7222222222222222
    ],
    "val_recall": [
        0.0,
        0.3,
        0.85,
        0.7,
        0.3,
        0.75,
        0.6,
        0.6,
        0.65,
        0.35,
        0.7,
        0.45,
        0.65,
        0.3,
        0.7,
        0.65,
        0.65,
        0.5,
        0.65
    ],
    "val_f1_score": [
        0.0,
        0.41379310344827586,
        0.68,
        0.6666666666666666,
        0.46153846153846156,
        0.6818181818181818,
        0.7272727272727273,
        0.7272727272727273,
        0.7647058823529411,
        0.5185185185185185,
        0.5957446808510638,
        0.5806451612903226,
        0.7027027027027027,
        0.42857142857142855,
        0.7,
        0.7222222222222222,
        0.6842105263157895,
        0.6451612903225806,
        0.6842105263157895
    ]
}