{
    "best_hyperparameters": {
        "hidden_size": 128,
        "num_layers": 3,
        "bidirectional": true,
        "lr": 0.0011077379757459076,
        "weight_decay": 0.00021116499423985588,
        "batch_size": 64,
        "dropout_fc": 0.4520527355290505
    },
    "best_validation_loss": 0.41808417439460754,
    "best_validation_auc": 0.8629032258064516,
    "best_epoch": 9,
    "test_metrics": {
        "loss": 0.5041711330413818,
        "accuracy": 0.8125,
        "precision": 0.782608695652174,
        "recall": 0.72,
        "f1_score": 0.75,
        "auc": 0.8502564102564103
    },
    "features_manifest": "..\\experiments\\exp_06\\results\\tables\\manifest_features.csv"
}