{
    "labels": [
        0,
        0,
        0,
        0,
        0,
        0,
        0,
        0,
        0,
        0,
        0,
        0,
        0,
        0,
        0,
        0,
        0,
        0,
        0,
        0,
        0,
        0,
        0,
        0,
        0,
        0,
        0,
        0,
        0,
        0,
        0,
        1,
        1,
        1,
        1,
        1,
        1,
        1,
        1,
        1,
        1,
        1,
        1,
        1,
        1,
        1,
        1,
        1,
        1,
        1,
        1,
        1,
        1,
        1,
        1,
        1
    ],
    "preds": [
        0,
        1,
        0,
        0,
        0,
        0,
        0,
        0,
        0,
        0,
        0,
        0,
        0,
        0,
        0,
        0,
        0,
        0,
        0,
        0,
        0,
        0,
        0,
        0,
        0,
        0,
        0,
        0,
        0,
        1,
        0,
        0,
        1,
        1,
        0,
        1,
        1,
        1,
        1,
        1,
        0,
        0,
        1,
        0,
        1,
        0,
        1,
        0,
        0,
        1,
        0,
        0,
        1,
        1,
        1,
        0
    ],
    "probs": [
        0.07325751334428787,
        0.9852876663208008,
        0.027856318280100822,
        0.14123283326625824,
        0.06626133620738983,
        0.06751799583435059,
        0.060713399201631546,
        0.051014017313718796,
        0.36218973994255066,
        0.022289074957370758,
        0.11494605988264084,
        0.0796528086066246,
        0.08257455378770828,
        0.07298292964696884,
        0.07105744630098343,
        0.48274528980255127,
        0.05700505152344704,
        0.08206590265035629,
        0.07445497810840607,
        0.027789359912276268,
        0.0911366268992424,
        0.06338810175657272,
        0.08616110682487488,
        0.0291890986263752,
        0.03785072639584541,
        0.07365792989730835,
        0.10471345484256744,
        0.01063644140958786,
        0.06534098088741302,
        0.9732617139816284,
        0.06103983521461487,
        0.1461709886789322,
        0.919173002243042,
        0.9742789268493652,
        0.17568126320838928,
        0.9907723665237427,
        0.9953489899635315,
        0.9748850464820862,
        0.9656404256820679,
        0.6639039516448975,
        0.09038086980581284,
        0.2076427936553955,
        0.9891414642333984,
        0.08896462619304657,
        0.9729306697845459,
        0.007169071119278669,
        0.9547402858734131,
        0.3928038477897644,
        0.24449943006038666,
        0.9980432987213135,
        0.16713356971740723,
        0.0912630632519722,
        0.9774858951568604,
        0.9880195260047913,
        0.9943404197692871,
        0.07366683334112167
    ]
}