{
    "labels": [
        0,
        0,
        0,
        0,
        0,
        0,
        0,
        0,
        0,
        0,
        0,
        0,
        0,
        0,
        0,
        0,
        0,
        0,
        0,
        0,
        0,
        0,
        0,
        0,
        0,
        0,
        0,
        0,
        0,
        0,
        0,
        0,
        0,
        0,
        0,
        0,
        0,
        0,
        0,
        1,
        1,
        1,
        1,
        1,
        1,
        1,
        1,
        1,
        1,
        1,
        1,
        1,
        1,
        1,
        1,
        1,
        1,
        1,
        1,
        1,
        1,
        1,
        1,
        1
    ],
    "preds": [
        1,
        1,
        0,
        0,
        0,
        0,
        0,
        0,
        0,
        0,
        0,
        0,
        0,
        0,
        0,
        0,
        0,
        0,
        0,
        0,
        0,
        0,
        0,
        0,
        1,
        0,
        0,
        0,
        0,
        0,
        0,
        0,
        0,
        0,
        0,
        0,
        1,
        1,
        0,
        0,
        1,
        1,
        1,
        1,
        1,
        0,
        0,
        0,
        1,
        0,
        1,
        0,
        1,
        1,
        1,
        1,
        1,
        1,
        1,
        1,
        1,
        0,
        1,
        1
    ],
    "probs": [
        0.8965314626693726,
        0.5939385890960693,
        0.029709776863455772,
        0.16117548942565918,
        0.049787793308496475,
        0.10232504457235336,
        0.025808291509747505,
        0.17990587651729584,
        0.044638391584157944,
        0.07004453241825104,
        0.07666324079036713,
        0.05624663084745407,
        0.03352692723274231,
        0.025531617924571037,
        0.11924301832914352,
        0.389371395111084,
        0.06563739478588104,
        0.02422013320028782,
        0.06821254640817642,
        0.08823992311954498,
        0.03582550957798958,
        0.03292238339781761,
        0.019507912918925285,
        0.031067902222275734,
        0.7924408316612244,
        0.028865598142147064,
        0.16366441547870636,
        0.045474160462617874,
        0.03607075661420822,
        0.024076510220766068,
        0.2721948027610779,
        0.10463889688253403,
        0.3867264986038208,
        0.16104409098625183,
        0.05252895876765251,
        0.024000590667128563,
        0.8100956082344055,
        0.9364339113235474,
        0.07656493782997131,
        0.109554223716259,
        0.987480103969574,
        0.9716980457305908,
        0.9176264405250549,
        0.9885121583938599,
        0.9762035608291626,
        0.0912279263138771,
        0.0402216874063015,
        0.1507435441017151,
        0.9848029613494873,
        0.028321875259280205,
        0.9863986372947693,
        0.06587328761816025,
        0.9628335237503052,
        0.6053940653800964,
        0.8876532316207886,
        0.5247912406921387,
        0.9691538214683533,
        0.9090651869773865,
        0.9862841367721558,
        0.9742621779441833,
        0.7256003618240356,
        0.2233937531709671,
        0.9523928761482239,
        0.8927202224731445
    ]
}