{
  "source_experiment": "exp_20",
  "seed": 42,
  "num_epochs": 60,
  "patience": 10,
  "model_config": {
    "hidden_size": 96,
    "num_layers": 2,
    "bidirectional": false,
    "dropout_fc": 0.383962312864866,
    "lr": 0.0009661154041668621,
    "weight_decay": 0.0001866474603851246,
    "batch_size": 64,
    "input_size": 512
  },
  "original_test_metrics": {
    "loss": 0.5405531525611877,
    "accuracy": 0.75,
    "precision": 0.7142857142857143,
    "recall": 0.6,
    "f1_score": 0.6521739130434783,
    "auc": 0.7979487179487179
  },
  "manifest_features": "experiments\\exp_20\\results\\tables\\manifest_features.csv"
}