{
    "train_loss": [
        0.6853390534718832,
        0.641625722249349,
        0.5628897746404012,
        0.48144251108169556,
        0.3591400384902954,
        0.22283140321572623,
        0.15050188700358072,
        0.21430250257253647,
        0.16639221956332526,
        0.14687797178824744,
        0.15900059541066489,
        0.11731121813257535,
        0.23151310036579767,
        0.312809390326341,
        0.1759082575639089,
        0.11352288350462914,
        0.13865933070580164,
        0.05461333443721136
    ],
    "val_loss": [
        0.6406077146530151,
        0.5634117722511292,
        0.5840108394622803,
        0.4149431884288788,
        0.34294119477272034,
        0.37909454107284546,
        0.5931558609008789,
        0.12871164083480835,
        0.4327617287635803,
        0.7707191109657288,
        0.3774322271347046,
        0.6983490586280823,
        0.558895468711853,
        0.29405125975608826,
        0.6318554282188416,
        0.2897450029850006,
        0.31735071539878845,
        0.4224419593811035
    ],
    "val_auc": [
        0.8607843137254902,
        0.892156862745098,
        0.8941176470588235,
        0.9,
        0.9294117647058824,
        0.9450980392156862,
        0.9529411764705882,
        0.9901960784313726,
        0.9568627450980393,
        0.9509803921568627,
        0.9529411764705882,
        0.9470588235294117,
        0.9666666666666666,
        0.9509803921568627,
        0.9411764705882353,
        0.9529411764705882,
        0.9568627450980393,
        0.9568627450980391
    ],
    "val_accuracy": [
        0.6382978723404256,
        0.7872340425531915,
        0.6808510638297872,
        0.8297872340425532,
        0.851063829787234,
        0.8723404255319149,
        0.8297872340425532,
        0.9574468085106383,
        0.851063829787234,
        0.8085106382978723,
        0.8297872340425532,
        0.8297872340425532,
        0.8085106382978723,
        0.9148936170212766,
        0.8085106382978723,
        0.8723404255319149,
        0.8723404255319149,
        0.8723404255319149
    ],
    "val_precision": [
        0.0,
        0.7333333333333333,
        0.5333333333333333,
        0.8461538461538461,
        0.8571428571428571,
        1.0,
        1.0,
        1.0,
        0.7083333333333334,
        1.0,
        0.6956521739130435,
        1.0,
        0.6538461538461539,
        1.0,
        1.0,
        0.7619047619047619,
        0.7619047619047619,
        1.0
    ],
    "val_recall": [
        0.0,
        0.6470588235294118,
        0.9411764705882353,
        0.6470588235294118,
        0.7058823529411765,
        0.6470588235294118,
        0.5294117647058824,
        0.8823529411764706,
        1.0,
        0.47058823529411764,
        0.9411764705882353,
        0.5294117647058824,
        1.0,
        0.7647058823529411,
        0.47058823529411764,
        0.9411764705882353,
        0.9411764705882353,
        0.6470588235294118
    ],
    "val_f1_score": [
        0.0,
        0.6875,
        0.6808510638297872,
        0.7333333333333333,
        0.7741935483870968,
        0.7857142857142857,
        0.6923076923076923,
        0.9375,
        0.8292682926829268,
        0.64,
        0.8,
        0.6923076923076923,
        0.7906976744186046,
        0.8666666666666667,
        0.64,
        0.8421052631578947,
        0.8421052631578947,
        0.7857142857142857
    ]
}