{
    "labels": [
        0,
        0,
        0,
        0,
        0,
        0,
        0,
        0,
        0,
        0,
        0,
        0,
        0,
        0,
        0,
        0,
        0,
        0,
        0,
        0,
        0,
        0,
        0,
        0,
        0,
        0,
        0,
        0,
        0,
        0,
        0,
        0,
        0,
        0,
        0,
        0,
        0,
        0,
        0,
        1,
        1,
        1,
        1,
        1,
        1,
        1,
        1,
        1,
        1,
        1,
        1,
        1,
        1,
        1,
        1,
        1,
        1,
        1,
        1,
        1,
        1,
        1,
        1,
        1
    ],
    "preds": [
        1,
        1,
        0,
        0,
        0,
        0,
        0,
        0,
        0,
        0,
        0,
        0,
        0,
        0,
        0,
        0,
        0,
        0,
        0,
        0,
        0,
        1,
        0,
        0,
        0,
        0,
        0,
        0,
        0,
        0,
        0,
        0,
        1,
        0,
        0,
        0,
        1,
        1,
        0,
        0,
        1,
        1,
        1,
        1,
        1,
        0,
        0,
        0,
        1,
        0,
        1,
        0,
        1,
        1,
        1,
        1,
        1,
        1,
        1,
        1,
        1,
        0,
        1,
        1
    ],
    "probs": [
        0.9807525277137756,
        0.9689174294471741,
        0.003071136074140668,
        0.00934708584100008,
        0.004204800818115473,
        0.002997217234224081,
        0.0031470798421651125,
        0.042787156999111176,
        0.0030463109724223614,
        0.0033638393506407738,
        0.007171417586505413,
        0.47263428568840027,
        0.005813146475702524,
        0.0023916251957416534,
        0.00883570034056902,
        0.004338866099715233,
        0.0031711282208561897,
        0.0022827705834060907,
        0.004649060312658548,
        0.008601577021181583,
        0.002755225170403719,
        0.7755144238471985,
        0.0025471707340329885,
        0.003705002833157778,
        0.0071782199665904045,
        0.004447511397302151,
        0.008368442766368389,
        0.0030026822350919247,
        0.008370948024094105,
        0.005633199587464333,
        0.47578904032707214,
        0.01557700615376234,
        0.9291990995407104,
        0.015038390643894672,
        0.004307503346353769,
        0.0024362527765333652,
        0.9639721512794495,
        0.8829174041748047,
        0.008646857924759388,
        0.012698927894234657,
        0.9873974919319153,
        0.986416220664978,
        0.9786821007728577,
        0.9886966943740845,
        0.9895304441452026,
        0.0038979295641183853,
        0.005888826213777065,
        0.0891675278544426,
        0.9843536615371704,
        0.002798536093905568,
        0.9843596816062927,
        0.062149446457624435,
        0.986971914768219,
        0.9580139517784119,
        0.9727038741111755,
        0.9766611456871033,
        0.9711542725563049,
        0.9397075772285461,
        0.9844696521759033,
        0.9870529770851135,
        0.865328848361969,
        0.23355302214622498,
        0.9877090454101562,
        0.9756255745887756
    ]
}