{
    "best_hyperparameters": {
        "hidden_size": 192,
        "num_layers": 2,
        "bidirectional": true,
        "lr": 0.0009453033727510058,
        "weight_decay": 0.0001390545869110832,
        "batch_size": 64,
        "dropout_fc": 0.27303754781145073
    },
    "best_validation_loss": 0.12871164083480835,
    "best_validation_auc": 0.9901960784313726,
    "best_epoch": 8,
    "test_metrics": {
        "loss": 0.7283963561058044,
        "accuracy": 0.796875,
        "precision": 0.75,
        "recall": 0.72,
        "f1_score": 0.7346938775510204,
        "auc": 0.8666666666666667
    },
    "features_manifest": "..\\experiments\\exp_71\\results\\tables\\manifest_features.csv"
}