{
  "source_experiment": "exp_31",
  "seed": 42,
  "num_epochs": 60,
  "patience": 10,
  "model_config": {
    "hidden_size": 256,
    "num_layers": 2,
    "bidirectional": false,
    "dropout_fc": 0.4931916224841358,
    "lr": 0.0005616447880517189,
    "weight_decay": 0.00019298826820903948,
    "batch_size": 64,
    "input_size": 512
  },
  "original_test_metrics": {
    "loss": 0.5653563141822815,
    "accuracy": 0.8125,
    "precision": 0.7407407407407407,
    "recall": 0.8,
    "f1_score": 0.7692307692307693,
    "auc": 0.8594871794871795
  },
  "manifest_features": "experiments\\exp_31\\results\\tables\\manifest_features.csv"
}