{
    "labels": [
        0,
        0,
        0,
        0,
        0,
        0,
        0,
        0,
        0,
        0,
        0,
        0,
        0,
        0,
        0,
        0,
        0,
        0,
        0,
        0,
        0,
        0,
        0,
        0,
        0,
        0,
        0,
        0,
        0,
        0,
        0,
        0,
        0,
        0,
        0,
        0,
        0,
        0,
        0,
        1,
        1,
        1,
        1,
        1,
        1,
        1,
        1,
        1,
        1,
        1,
        1,
        1,
        1,
        1,
        1,
        1,
        1,
        1,
        1,
        1,
        1,
        1,
        1,
        1
    ],
    "preds": [
        1,
        1,
        0,
        0,
        0,
        0,
        0,
        0,
        0,
        0,
        0,
        0,
        0,
        0,
        0,
        0,
        0,
        0,
        0,
        0,
        0,
        0,
        0,
        0,
        0,
        0,
        0,
        0,
        0,
        0,
        0,
        0,
        1,
        0,
        0,
        0,
        1,
        1,
        0,
        0,
        1,
        1,
        1,
        1,
        1,
        0,
        0,
        0,
        1,
        0,
        1,
        1,
        1,
        1,
        1,
        1,
        1,
        1,
        1,
        1,
        1,
        0,
        1,
        1
    ],
    "probs": [
        0.6230487823486328,
        0.7844825983047485,
        0.03759945183992386,
        0.07976830750703812,
        0.055175185203552246,
        0.058490607887506485,
        0.048627741634845734,
        0.13603396713733673,
        0.07920815050601959,
        0.03777303174138069,
        0.14540286362171173,
        0.4557431936264038,
        0.34035682678222656,
        0.029576759785413742,
        0.2765152156352997,
        0.06721065938472748,
        0.039014097303152084,
        0.026623383164405823,
        0.03876197710633278,
        0.11700987070798874,
        0.0399155430495739,
        0.13956768810749054,
        0.03443191945552826,
        0.08927234262228012,
        0.12146563082933426,
        0.0571163073182106,
        0.0486629344522953,
        0.07410728931427002,
        0.07643095403909683,
        0.23557528853416443,
        0.38364818692207336,
        0.09758608788251877,
        0.7916963696479797,
        0.40381014347076416,
        0.06287949532270432,
        0.042393092066049576,
        0.5261114835739136,
        0.8716700077056885,
        0.11544566601514816,
        0.18401476740837097,
        0.9819803237915039,
        0.9833391904830933,
        0.936514675617218,
        0.9894405007362366,
        0.9929976463317871,
        0.02772563323378563,
        0.0785645917057991,
        0.3822041451931,
        0.9761223196983337,
        0.043523021042346954,
        0.9665007591247559,
        0.5992851853370667,
        0.9875948429107666,
        0.8807649612426758,
        0.9161927700042725,
        0.6003620624542236,
        0.7923097610473633,
        0.695654571056366,
        0.9869828224182129,
        0.9688619375228882,
        0.9354690313339233,
        0.19526709616184235,
        0.9893674254417419,
        0.924593985080719
    ]
}