{
    "train_loss": [
        0.6959599653879801,
        0.6559861302375793,
        0.5820064345995585,
        0.5128266215324402,
        0.43261127670605976,
        0.4068234364191691,
        0.37085814277331036,
        0.3001644213994344,
        0.32035093506177265,
        0.24035717050234476,
        0.24241134027640024,
        0.21650233368078867,
        0.1802499145269394,
        0.20478489995002747,
        0.18054609497388205,
        0.1285447577635447,
        0.08760321388641994,
        0.0922309085726738,
        0.0736196090777715,
        0.07934571926792462,
        0.06078629599263271
    ],
    "val_loss": [
        0.6843293309211731,
        0.6399041414260864,
        0.644018292427063,
        0.5735281109809875,
        0.5852076411247253,
        0.561637282371521,
        0.6123617887496948,
        0.5317478179931641,
        0.49992379546165466,
        0.46538156270980835,
        0.41073721647262573,
        0.5567770600318909,
        0.46199503540992737,
        0.5953152179718018,
        0.45643526315689087,
        0.47399115562438965,
        0.6148437857627869,
        0.6050100922584534,
        0.8067324757575989,
        0.6716874241828918,
        0.8540037274360657
    ],
    "val_auc": [
        0.6806451612903226,
        0.7064516129032259,
        0.7209677419354839,
        0.7629032258064516,
        0.7693548387096775,
        0.7758064516129032,
        0.7854838709677419,
        0.8306451612903225,
        0.8209677419354838,
        0.8403225806451613,
        0.8516129032258064,
        0.8419354838709677,
        0.8516129032258064,
        0.8451612903225807,
        0.8435483870967743,
        0.8629032258064516,
        0.8693548387096774,
        0.8564516129032259,
        0.8693548387096774,
        0.8467741935483871,
        0.8564516129032258
    ],
    "val_accuracy": [
        0.5882352941176471,
        0.6078431372549019,
        0.6274509803921569,
        0.6862745098039216,
        0.7647058823529411,
        0.6862745098039216,
        0.7450980392156863,
        0.7450980392156863,
        0.8431372549019608,
        0.8235294117647058,
        0.8823529411764706,
        0.803921568627451,
        0.8627450980392157,
        0.803921568627451,
        0.8431372549019608,
        0.803921568627451,
        0.803921568627451,
        0.8431372549019608,
        0.803921568627451,
        0.8235294117647058,
        0.803921568627451
    ],
    "val_precision": [
        0.4838709677419355,
        0.0,
        0.5161290322580645,
        0.7,
        1.0,
        0.5833333333333334,
        1.0,
        0.6521739130434783,
        1.0,
        1.0,
        0.9375,
        1.0,
        0.8421052631578947,
        1.0,
        0.8,
        0.8571428571428571,
        1.0,
        0.8,
        1.0,
        0.7391304347826086,
        1.0
    ],
    "val_recall": [
        0.75,
        0.0,
        0.8,
        0.35,
        0.4,
        0.7,
        0.35,
        0.75,
        0.6,
        0.55,
        0.75,
        0.5,
        0.8,
        0.5,
        0.8,
        0.6,
        0.5,
        0.8,
        0.5,
        0.85,
        0.5
    ],
    "val_f1_score": [
        0.5882352941176471,
        0.0,
        0.6274509803921569,
        0.4666666666666667,
        0.5714285714285714,
        0.6363636363636364,
        0.5185185185185185,
        0.6976744186046512,
        0.75,
        0.7096774193548387,
        0.8333333333333334,
        0.6666666666666666,
        0.8205128205128205,
        0.6666666666666666,
        0.8,
        0.7058823529411765,
        0.6666666666666666,
        0.8,
        0.6666666666666666,
        0.7906976744186046,
        0.6666666666666666
    ]
}