{
    "train_loss": [
        0.6910618543624878,
        0.6875082651774088,
        0.6824900905291239,
        0.6740132371584574,
        0.6646023392677307,
        0.6493342121442159,
        0.6260112722714742,
        0.5927120049794515,
        0.5482800205548605,
        0.49007414778073627,
        0.4105791449546814,
        0.32892978688081104,
        0.266294002532959,
        0.20130695899327597,
        0.15109603106975555,
        0.12211497128009796,
        0.09313541278243065,
        0.08743199085195859,
        0.07377148047089577,
        0.20923573772112528,
        0.17565855383872986,
        0.2157429326325655,
        0.09500773251056671,
        0.11522231002648671,
        0.08878445252776146,
        0.059931946297486625,
        0.04238696830968062,
        0.05329837650060654,
        0.04584668887158235,
        0.04221962454418341,
        0.04559379878143469,
        0.03720937017351389,
        0.036329119155804314,
        0.0329786321769158
    ],
    "val_loss": [
        0.6834474802017212,
        0.6808954477310181,
        0.676784098148346,
        0.6724681854248047,
        0.6651756763458252,
        0.6529617309570312,
        0.6387933492660522,
        0.6176501512527466,
        0.5891980528831482,
        0.5668718218803406,
        0.533832848072052,
        0.48729875683784485,
        0.46740850806236267,
        0.4857484698295593,
        0.4769723415374756,
        0.5318048596382141,
        0.49895817041397095,
        0.5234758853912354,
        0.9320356845855713,
        0.9652978181838989,
        0.5035837888717651,
        0.4236612617969513,
        0.961510181427002,
        0.3846500813961029,
        0.6064837574958801,
        0.4222876727581024,
        0.40701109170913696,
        0.4888194501399994,
        0.49011674523353577,
        0.4608877897262573,
        0.46951034665107727,
        0.5362061262130737,
        0.5687726140022278,
        0.5870825052261353
    ],
    "val_auc": [
        0.567741935483871,
        0.6403225806451613,
        0.6967741935483871,
        0.7048387096774194,
        0.7209677419354839,
        0.7370967741935484,
        0.7435483870967742,
        0.7629032258064515,
        0.7693548387096774,
        0.7725806451612903,
        0.7967741935483871,
        0.8225806451612903,
        0.8274193548387097,
        0.8451612903225807,
        0.8419354838709676,
        0.864516129032258,
        0.8758064516129032,
        0.8806451612903226,
        0.85,
        0.8758064516129033,
        0.8661290322580645,
        0.8838709677419355,
        0.8790322580645161,
        0.8951612903225806,
        0.8693548387096773,
        0.8822580645161291,
        0.8919354838709677,
        0.8951612903225806,
        0.8919354838709677,
        0.8822580645161291,
        0.870967741935484,
        0.8612903225806452,
        0.8596774193548387,
        0.8612903225806452
    ],
    "val_accuracy": [
        0.6078431372549019,
        0.6078431372549019,
        0.6078431372549019,
        0.6274509803921569,
        0.6470588235294118,
        0.6470588235294118,
        0.6666666666666666,
        0.6862745098039216,
        0.7058823529411765,
        0.7254901960784313,
        0.7450980392156863,
        0.7843137254901961,
        0.8235294117647058,
        0.8235294117647058,
        0.8235294117647058,
        0.8235294117647058,
        0.8431372549019608,
        0.8431372549019608,
        0.6666666666666666,
        0.7254901960784313,
        0.8431372549019608,
        0.8823529411764706,
        0.7254901960784313,
        0.9215686274509803,
        0.7647058823529411,
        0.8627450980392157,
        0.8823529411764706,
        0.8431372549019608,
        0.8627450980392157,
        0.8627450980392157,
        0.9019607843137255,
        0.8627450980392157,
        0.8627450980392157,
        0.8627450980392157
    ],
    "val_precision": [
        0.0,
        0.0,
        0.0,
        1.0,
        0.6666666666666666,
        0.6666666666666666,
        0.6363636363636364,
        0.6666666666666666,
        0.6923076923076923,
        0.6875,
        0.7333333333333333,
        0.8,
        0.9230769230769231,
        0.9230769230769231,
        0.7894736842105263,
        0.9230769230769231,
        0.9285714285714286,
        0.9285714285714286,
        0.5483870967741935,
        1.0,
        0.7727272727272727,
        0.9375,
        1.0,
        0.9444444444444444,
        0.6538461538461539,
        0.8095238095238095,
        0.9375,
        1.0,
        1.0,
        0.9333333333333333,
        0.9411764705882353,
        0.8421052631578947,
        0.8421052631578947,
        0.8421052631578947
    ],
    "val_recall": [
        0.0,
        0.0,
        0.0,
        0.05,
        0.2,
        0.2,
        0.35,
        0.4,
        0.45,
        0.55,
        0.55,
        0.6,
        0.6,
        0.6,
        0.75,
        0.6,
        0.65,
        0.65,
        0.85,
        0.3,
        0.85,
        0.75,
        0.3,
        0.85,
        0.85,
        0.85,
        0.75,
        0.6,
        0.65,
        0.7,
        0.8,
        0.8,
        0.8,
        0.8
    ],
    "val_f1_score": [
        0.0,
        0.0,
        0.0,
        0.09523809523809523,
        0.3076923076923077,
        0.3076923076923077,
        0.45161290322580644,
        0.5,
        0.5454545454545454,
        0.6111111111111112,
        0.6285714285714286,
        0.6857142857142857,
        0.7272727272727273,
        0.7272727272727273,
        0.7692307692307693,
        0.7272727272727273,
        0.7647058823529411,
        0.7647058823529411,
        0.6666666666666666,
        0.46153846153846156,
        0.8095238095238095,
        0.8333333333333334,
        0.46153846153846156,
        0.8947368421052632,
        0.7391304347826086,
        0.8292682926829268,
        0.8333333333333334,
        0.75,
        0.7878787878787878,
        0.8,
        0.8648648648648649,
        0.8205128205128205,
        0.8205128205128205,
        0.8205128205128205
    ]
}