{
    "labels": [
        0,
        0,
        0,
        0,
        0,
        0,
        0,
        0,
        0,
        0,
        0,
        0,
        0,
        0,
        0,
        0,
        0,
        0,
        0,
        0,
        0,
        0,
        0,
        0,
        0,
        0,
        0,
        0,
        0,
        0,
        0,
        0,
        0,
        0,
        0,
        0,
        0,
        0,
        0,
        1,
        1,
        1,
        1,
        1,
        1,
        1,
        1,
        1,
        1,
        1,
        1,
        1,
        1,
        1,
        1,
        1,
        1,
        1,
        1,
        1,
        1,
        1,
        1,
        1
    ],
    "preds": [
        1,
        1,
        0,
        0,
        0,
        0,
        0,
        0,
        0,
        0,
        0,
        1,
        1,
        0,
        0,
        0,
        0,
        0,
        0,
        0,
        0,
        1,
        0,
        0,
        0,
        0,
        0,
        0,
        0,
        0,
        1,
        0,
        0,
        1,
        0,
        0,
        1,
        0,
        0,
        0,
        1,
        1,
        1,
        1,
        1,
        0,
        0,
        0,
        1,
        0,
        1,
        0,
        1,
        1,
        1,
        1,
        1,
        0,
        1,
        1,
        1,
        0,
        1,
        1
    ],
    "probs": [
        0.973699152469635,
        0.9849018454551697,
        0.01345869991928339,
        0.023962754756212234,
        0.014927552081644535,
        0.019686566665768623,
        0.014844495803117752,
        0.06620056927204132,
        0.014948207885026932,
        0.014577941037714481,
        0.06843549013137817,
        0.9579167366027832,
        0.9142392873764038,
        0.012633719481527805,
        0.017264436930418015,
        0.01646953634917736,
        0.01847335509955883,
        0.02236298844218254,
        0.13265933096408844,
        0.022223463281989098,
        0.01651814952492714,
        0.8770521283149719,
        0.016357174143195152,
        0.02043582685291767,
        0.01694244146347046,
        0.02229662984609604,
        0.01833464950323105,
        0.01542259007692337,
        0.02083652652800083,
        0.2869752049446106,
        0.9815726280212402,
        0.019513988867402077,
        0.01638745330274105,
        0.8622599244117737,
        0.017530076205730438,
        0.023684168234467506,
        0.9838343858718872,
        0.026037441566586494,
        0.022829856723546982,
        0.03015720099210739,
        0.9891650080680847,
        0.9461761713027954,
        0.9895955920219421,
        0.9902743697166443,
        0.9904645681381226,
        0.016721464693546295,
        0.014582477509975433,
        0.017894385382533073,
        0.8528949022293091,
        0.019173970445990562,
        0.9870676398277283,
        0.06068962439894676,
        0.9892260432243347,
        0.9896917939186096,
        0.6629233956336975,
        0.9773483276367188,
        0.9825924634933472,
        0.4481639862060547,
        0.9899471402168274,
        0.6969574689865112,
        0.740321695804596,
        0.01891305111348629,
        0.9897146821022034,
        0.9879292249679565
    ]
}