{
    "train_loss": [
        0.6926751732826233,
        0.669126570224762,
        0.6025089820226034,
        0.5015777051448822,
        0.4065425892670949,
        0.3401581645011902,
        0.3004387269417445,
        0.2525126834710439,
        0.20114087561766306,
        0.1772048349181811,
        0.13580101976792017,
        0.10629541302720706,
        0.8845973064502081,
        0.7947777112325033,
        0.40214803814888,
        0.3912546634674072,
        0.3562689224878947,
        0.28043927748998004,
        0.21743864814440408
    ],
    "val_loss": [
        0.6782402396202087,
        0.6482639908790588,
        0.5694305896759033,
        0.5376287698745728,
        0.46255171298980713,
        0.407760888338089,
        0.6590309739112854,
        0.6694403886795044,
        0.2563752233982086,
        0.5607192516326904,
        0.4651270806789398,
        2.4371302127838135,
        1.450268030166626,
        0.5110078454017639,
        0.8197951912879944,
        0.4620806574821472,
        0.40275880694389343,
        0.685646653175354,
        0.7428568601608276
    ],
    "val_auc": [
        0.782,
        0.792,
        0.822,
        0.828,
        0.874,
        0.8919999999999999,
        0.884,
        0.9079999999999999,
        0.9520000000000001,
        0.9440000000000001,
        0.9,
        0.8800000000000001,
        0.8300000000000001,
        0.9039999999999999,
        0.91,
        0.91,
        0.9159999999999999,
        0.892,
        0.884
    ],
    "val_accuracy": [
        0.5555555555555556,
        0.6222222222222222,
        0.7333333333333333,
        0.7111111111111111,
        0.7333333333333333,
        0.8,
        0.7333333333333333,
        0.7333333333333333,
        0.8888888888888888,
        0.7555555555555555,
        0.8666666666666667,
        0.5333333333333333,
        0.6,
        0.6888888888888889,
        0.5777777777777777,
        0.7777777777777778,
        0.8666666666666667,
        0.7333333333333333,
        0.7555555555555555
    ],
    "val_precision": [
        0.0,
        1.0,
        0.7222222222222222,
        0.64,
        0.7222222222222222,
        0.7619047619047619,
        0.6428571428571429,
        0.6333333333333333,
        0.9411764705882353,
        0.6666666666666666,
        1.0,
        0.4878048780487805,
        1.0,
        0.6071428571428571,
        0.5128205128205128,
        0.7083333333333334,
        0.8888888888888888,
        0.6333333333333333,
        0.6551724137931034
    ],
    "val_recall": [
        0.0,
        0.15,
        0.65,
        0.8,
        0.65,
        0.8,
        0.9,
        0.95,
        0.8,
        0.9,
        0.7,
        1.0,
        0.1,
        0.85,
        1.0,
        0.85,
        0.8,
        0.95,
        0.95
    ],
    "val_f1_score": [
        0.0,
        0.2608695652173913,
        0.6842105263157895,
        0.7111111111111111,
        0.6842105263157895,
        0.7804878048780488,
        0.75,
        0.76,
        0.8648648648648649,
        0.7659574468085106,
        0.8235294117647058,
        0.6557377049180327,
        0.18181818181818182,
        0.7083333333333334,
        0.6779661016949152,
        0.7727272727272727,
        0.8421052631578947,
        0.76,
        0.7755102040816326
    ]
}