{
    "labels": [
        0,
        0,
        0,
        0,
        0,
        0,
        0,
        0,
        0,
        0,
        0,
        0,
        0,
        0,
        0,
        0,
        0,
        0,
        0,
        0,
        0,
        0,
        0,
        0,
        0,
        0,
        0,
        0,
        0,
        0,
        0,
        1,
        1,
        1,
        1,
        1,
        1,
        1,
        1,
        1,
        1,
        1,
        1,
        1,
        1,
        1,
        1,
        1,
        1,
        1,
        1,
        1,
        1,
        1,
        1,
        1
    ],
    "preds": [
        0,
        1,
        0,
        0,
        0,
        0,
        0,
        0,
        0,
        0,
        0,
        0,
        0,
        0,
        0,
        0,
        0,
        0,
        0,
        0,
        0,
        0,
        0,
        0,
        0,
        0,
        0,
        0,
        0,
        0,
        0,
        1,
        1,
        0,
        1,
        1,
        1,
        0,
        0,
        1,
        0,
        1,
        1,
        1,
        1,
        0,
        1,
        0,
        0,
        1,
        0,
        0,
        1,
        1,
        1,
        0
    ],
    "probs": [
        0.05621413141489029,
        0.9731183648109436,
        0.07220233976840973,
        0.06129062920808792,
        0.04697050899267197,
        0.037483543157577515,
        0.07083702087402344,
        0.19266341626644135,
        0.2794033885002136,
        0.05852891877293587,
        0.059739697724580765,
        0.11570747941732407,
        0.0482172928750515,
        0.03955206274986267,
        0.12268391996622086,
        0.3349447548389435,
        0.04302981123328209,
        0.053992338478565216,
        0.03864810988306999,
        0.04569554701447487,
        0.05772009864449501,
        0.2062535285949707,
        0.05524558573961258,
        0.06095738336443901,
        0.047654859721660614,
        0.04931625723838806,
        0.11460227519273758,
        0.031473442912101746,
        0.04685228317975998,
        0.262189120054245,
        0.04132195934653282,
        0.8302745223045349,
        0.961893618106842,
        0.1615222990512848,
        0.660418689250946,
        0.9878528118133545,
        0.9827994704246521,
        0.15562333166599274,
        0.2407149225473404,
        0.9613986611366272,
        0.2199321985244751,
        0.84774249792099,
        0.97505784034729,
        0.5676486492156982,
        0.9511103630065918,
        0.040260642766952515,
        0.96204674243927,
        0.17871378362178802,
        0.15511639416217804,
        0.9860548377037048,
        0.057535070925951004,
        0.07800791412591934,
        0.9788953065872192,
        0.9847456216812134,
        0.9819973111152649,
        0.07203719764947891
    ]
}