{
    "best_hyperparameters": {
        "hidden_size": 64,
        "num_layers": 2,
        "bidirectional": false,
        "lr": 0.0005807582117002926,
        "weight_decay": 1.6231565484564547e-05,
        "batch_size": 64,
        "dropout_fc": 0.42128948442639275
    },
    "best_validation_loss": 0.3846500813961029,
    "best_validation_auc": 0.8951612903225806,
    "best_epoch": 24,
    "test_metrics": {
        "loss": 0.8684695959091187,
        "accuracy": 0.75,
        "precision": 0.68,
        "recall": 0.68,
        "f1_score": 0.68,
        "auc": 0.7856410256410257
    },
    "features_manifest": "..\\experiments\\exp_05\\results\\tables\\manifest_features.csv"
}