{
    "train_loss": [
        0.6790513594945272,
        0.5786332488059998,
        0.4244468112786611,
        0.35058412949244183,
        0.299897958834966,
        0.270177702109019,
        0.23884844283262888,
        0.2153813342253367,
        0.22136984765529633,
        0.18618830293416977,
        0.13277849555015564,
        0.10212804997960727,
        0.09797971695661545,
        0.07167764504750569,
        0.05246460189421972,
        0.028930967052777607,
        0.01549109568198522,
        0.008224375856419405,
        0.005271874989072482,
        0.002063375470849375,
        0.0015328302591418226,
        0.0010568569996394217,
        0.0008263356285169721,
        0.000710943112305055,
        0.0005978696669141451,
        0.00041153848481674987,
        0.0004115620977245271,
        0.0003223863313905895,
        0.0003154439085240786,
        0.0002752278184440608,
        0.00023710363893769681,
        0.00020839628511263678,
        0.00021838471002411097
    ],
    "val_loss": [
        0.614636242389679,
        0.5139468908309937,
        0.676533043384552,
        0.4788435399532318,
        0.4244178831577301,
        0.409591406583786,
        0.4166025221347809,
        0.3919338583946228,
        0.34802350401878357,
        0.27832597494125366,
        0.2380019873380661,
        0.21044212579727173,
        0.197040855884552,
        0.18571920692920685,
        0.25674358010292053,
        0.2954985499382019,
        0.3018285632133484,
        0.4044002890586853,
        0.3542490601539612,
        0.2682233452796936,
        0.13123251497745514,
        0.12467687577009201,
        0.11953793466091156,
        0.16426117718219757,
        0.19712670147418976,
        0.22569915652275085,
        0.2328634113073349,
        0.238839790225029,
        0.24323204159736633,
        0.24625305831432343,
        0.23720669746398926,
        0.24716004729270935,
        0.25782182812690735
    ],
    "val_auc": [
        0.8520833333333333,
        0.8979166666666667,
        0.93125,
        0.9083333333333333,
        0.9729166666666668,
        0.9520833333333333,
        0.9750000000000001,
        0.9541666666666667,
        0.975,
        0.9583333333333333,
        0.9708333333333333,
        0.9625,
        0.9750000000000001,
        0.9729166666666668,
        0.9666666666666668,
        0.9729166666666667,
        0.9520833333333334,
        0.9479166666666667,
        0.9708333333333333,
        0.9729166666666667,
        0.9875,
        0.9875,
        0.9854166666666667,
        0.9854166666666667,
        0.9854166666666667,
        0.9854166666666667,
        0.9833333333333334,
        0.9833333333333334,
        0.9812500000000001,
        0.9812500000000001,
        0.9812500000000001,
        0.9791666666666667,
        0.9770833333333334
    ],
    "val_accuracy": [
        0.782608695652174,
        0.8043478260869565,
        0.6304347826086957,
        0.8260869565217391,
        0.782608695652174,
        0.8260869565217391,
        0.7608695652173914,
        0.8478260869565217,
        0.8043478260869565,
        0.8913043478260869,
        0.9130434782608695,
        0.9130434782608695,
        0.9130434782608695,
        0.8913043478260869,
        0.9347826086956522,
        0.8478260869565217,
        0.9347826086956522,
        0.9347826086956522,
        0.9347826086956522,
        0.9130434782608695,
        0.9347826086956522,
        0.9347826086956522,
        0.9130434782608695,
        0.9130434782608695,
        0.9130434782608695,
        0.9347826086956522,
        0.9347826086956522,
        0.9347826086956522,
        0.9347826086956522,
        0.9347826086956522,
        0.9347826086956522,
        0.9130434782608695,
        0.9130434782608695
    ],
    "val_precision": [
        1.0,
        0.7058823529411765,
        0.48484848484848486,
        1.0,
        0.6153846153846154,
        1.0,
        0.6,
        1.0,
        0.6521739130434783,
        1.0,
        0.8333333333333334,
        0.875,
        0.875,
        0.8235294117647058,
        1.0,
        0.7142857142857143,
        1.0,
        1.0,
        1.0,
        0.9285714285714286,
        0.8823529411764706,
        0.8823529411764706,
        0.875,
        0.875,
        0.9285714285714286,
        1.0,
        1.0,
        1.0,
        1.0,
        1.0,
        1.0,
        0.9285714285714286,
        0.9285714285714286
    ],
    "val_recall": [
        0.375,
        0.75,
        1.0,
        0.5,
        1.0,
        0.5,
        0.9375,
        0.5625,
        0.9375,
        0.6875,
        0.9375,
        0.875,
        0.875,
        0.875,
        0.8125,
        0.9375,
        0.8125,
        0.8125,
        0.8125,
        0.8125,
        0.9375,
        0.9375,
        0.875,
        0.875,
        0.8125,
        0.8125,
        0.8125,
        0.8125,
        0.8125,
        0.8125,
        0.8125,
        0.8125,
        0.8125
    ],
    "val_f1_score": [
        0.5454545454545454,
        0.7272727272727273,
        0.6530612244897959,
        0.6666666666666666,
        0.7619047619047619,
        0.6666666666666666,
        0.7317073170731707,
        0.72,
        0.7692307692307693,
        0.8148148148148148,
        0.8823529411764706,
        0.875,
        0.875,
        0.8484848484848485,
        0.896551724137931,
        0.8108108108108109,
        0.896551724137931,
        0.896551724137931,
        0.896551724137931,
        0.8666666666666667,
        0.9090909090909091,
        0.9090909090909091,
        0.875,
        0.875,
        0.8666666666666667,
        0.896551724137931,
        0.896551724137931,
        0.896551724137931,
        0.896551724137931,
        0.896551724137931,
        0.896551724137931,
        0.8666666666666667,
        0.8666666666666667
    ]
}