{
    "labels": [
        0,
        0,
        0,
        0,
        0,
        0,
        0,
        0,
        0,
        0,
        0,
        0,
        0,
        0,
        0,
        0,
        0,
        0,
        0,
        0,
        0,
        0,
        0,
        0,
        0,
        0,
        0,
        0,
        0,
        0,
        0,
        0,
        0,
        0,
        0,
        0,
        0,
        0,
        0,
        1,
        1,
        1,
        1,
        1,
        1,
        1,
        1,
        1,
        1,
        1,
        1,
        1,
        1,
        1,
        1,
        1,
        1,
        1,
        1,
        1,
        1,
        1,
        1,
        1
    ],
    "preds": [
        1,
        1,
        0,
        0,
        0,
        0,
        0,
        0,
        0,
        0,
        0,
        1,
        0,
        0,
        0,
        0,
        0,
        0,
        0,
        0,
        0,
        1,
        0,
        0,
        0,
        0,
        0,
        0,
        0,
        0,
        1,
        0,
        1,
        1,
        0,
        0,
        1,
        0,
        0,
        0,
        1,
        1,
        1,
        1,
        1,
        0,
        0,
        1,
        1,
        0,
        1,
        1,
        1,
        1,
        1,
        1,
        1,
        1,
        1,
        1,
        1,
        0,
        1,
        1
    ],
    "probs": [
        0.9963186979293823,
        0.995790421962738,
        0.00013064515951555222,
        0.00044407337554730475,
        0.00012373013305477798,
        0.00032882587402127683,
        5.107365359435789e-05,
        0.0027134919073432684,
        0.0001690987846814096,
        0.0001106895724660717,
        0.002122658072039485,
        0.9985151886940002,
        0.0001152910990640521,
        7.092660962371156e-05,
        0.00041701114969328046,
        0.0003782653948292136,
        4.752448876388371e-05,
        9.574503201292828e-05,
        0.0005211147363297641,
        0.0001475175522500649,
        0.00013599975500255823,
        0.9835258722305298,
        8.434551273239776e-05,
        0.00012899517605546862,
        7.861243648221716e-05,
        0.0002325617242604494,
        0.0003363601572345942,
        0.00019170601444784552,
        0.0001187402885989286,
        0.0001659654953982681,
        0.9946485161781311,
        0.0002599243598524481,
        0.999489426612854,
        0.9767503142356873,
        8.717775926925242e-05,
        0.00011413490574341267,
        0.9913771152496338,
        0.0014403234235942364,
        0.0036808622535318136,
        0.0007341728778555989,
        0.9997933506965637,
        0.999536395072937,
        0.9965500831604004,
        0.9998173117637634,
        0.9999328851699829,
        5.948909165454097e-05,
        0.00010672613279893994,
        0.6701841354370117,
        0.9995877146720886,
        0.00018812539929058403,
        0.9998956918716431,
        0.8641065359115601,
        0.9998593330383301,
        0.9994999170303345,
        0.9996147155761719,
        0.9993498921394348,
        0.9887102246284485,
        0.9823973178863525,
        0.9998668432235718,
        0.9993762373924255,
        0.9997184872627258,
        0.40749773383140564,
        0.9997655749320984,
        0.9995521903038025
    ]
}