clip_id,mean_loss,max_loss,conf_error,error_freq,cls,split,video_id,rule_high_loss,rule_conf_error,rule_error_freq,n_rules_triggered,decision
Robbery_137,1.69962373273126,2.68752121925354,1.0,0.2413793103448276,Robbery,val,Robbery_137,True,True,False,2,filter
Robbery_069,1.5907051809902848,2.3188326358795166,1.0,0.2413793103448276,Robbery,val,Robbery_069,True,True,False,2,filter
Robbery_146,1.402434710670134,2.5561604499816895,1.0,0.2413793103448276,Robbery,val,Robbery_146,True,True,False,2,filter
Robbery_007,1.3603101284082593,2.5694074630737305,1.0,0.2413793103448276,Robbery,val,Robbery_007,True,True,False,2,filter
Robbery_085,1.2857647068027793,2.6189355850219727,1.0,0.2413793103448276,Robbery,val,Robbery_085,True,True,False,2,filter
Normal_948,1.207423765083839,3.7019617557525635,1.0,0.2413793103448276,Normal,val,Normal_948,True,True,False,2,filter
Normal_177,1.1016568703384235,3.5392398834228516,1.0,0.2413793103448276,Normal,val,Normal_177,True,True,False,2,filter
