{
    "train_loss": [
        0.6950027048587799,
        0.6722776889801025,
        0.6374240964651108,
        0.6221318989992142,
        0.5355679467320442,
        0.5111962854862213,
        0.39271601289510727,
        0.47292038053274155,
        0.497272752225399,
        0.4927082136273384,
        0.5118883848190308,
        0.4867890700697899,
        0.39816810190677643,
        0.36162184923887253,
        0.372564397752285,
        0.25656140968203545,
        0.20636073872447014,
        0.16403763834387064,
        0.11582230217754841,
        0.1837223321199417,
        0.1056569255888462,
        0.08612491190433502,
        0.07655515801161528,
        0.06774331978522241,
        0.07227343902923167,
        0.05765844834968448
    ],
    "val_loss": [
        0.6654163599014282,
        0.6490750908851624,
        0.6279296875,
        0.6035270690917969,
        0.6087543964385986,
        0.6009610295295715,
        0.6542642712593079,
        0.6317424774169922,
        0.765138566493988,
        0.7066980004310608,
        0.6532476544380188,
        0.6576107740402222,
        0.5839648842811584,
        0.750127911567688,
        0.5885791778564453,
        0.5464795231819153,
        0.6714770197868347,
        0.591640293598175,
        0.9965487718582153,
        0.8268904089927673,
        0.7435319423675537,
        0.7703090310096741,
        0.9045921564102173,
        0.9409642815589905,
        0.9362279176712036,
        0.9079686403274536
    ],
    "val_auc": [
        0.6967741935483871,
        0.7,
        0.7129032258064516,
        0.7370967741935484,
        0.7564516129032258,
        0.7887096774193548,
        0.8354838709677419,
        0.7806451612903226,
        0.8016129032258065,
        0.635483870967742,
        0.7758064516129032,
        0.782258064516129,
        0.7741935483870968,
        0.7725806451612903,
        0.8096774193548387,
        0.8387096774193549,
        0.8161290322580645,
        0.8516129032258064,
        0.8016129032258064,
        0.8290322580645162,
        0.8338709677419355,
        0.8112903225806452,
        0.814516129032258,
        0.8129032258064517,
        0.8241935483870968,
        0.8274193548387097
    ],
    "val_accuracy": [
        0.6078431372549019,
        0.6078431372549019,
        0.6078431372549019,
        0.6078431372549019,
        0.6862745098039216,
        0.7647058823529411,
        0.8235294117647058,
        0.7450980392156863,
        0.803921568627451,
        0.5686274509803921,
        0.7058823529411765,
        0.7450980392156863,
        0.7254901960784313,
        0.7647058823529411,
        0.7843137254901961,
        0.7843137254901961,
        0.803921568627451,
        0.8235294117647058,
        0.7647058823529411,
        0.803921568627451,
        0.803921568627451,
        0.803921568627451,
        0.803921568627451,
        0.803921568627451,
        0.7843137254901961,
        0.7843137254901961
    ],
    "val_precision": [
        0.0,
        0.0,
        0.0,
        0.0,
        1.0,
        0.7222222222222222,
        0.8666666666666667,
        0.6521739130434783,
        0.9166666666666666,
        0.47368421052631576,
        0.8571428571428571,
        0.8888888888888888,
        0.6363636363636364,
        0.9,
        0.8461538461538461,
        0.8461538461538461,
        0.9166666666666666,
        0.8666666666666667,
        0.9,
        0.9166666666666666,
        0.9166666666666666,
        0.9166666666666666,
        0.9166666666666666,
        0.9166666666666666,
        0.8461538461538461,
        0.8461538461538461
    ],
    "val_recall": [
        0.0,
        0.0,
        0.0,
        0.0,
        0.2,
        0.65,
        0.65,
        0.75,
        0.55,
        0.9,
        0.3,
        0.4,
        0.7,
        0.45,
        0.55,
        0.55,
        0.55,
        0.65,
        0.45,
        0.55,
        0.55,
        0.55,
        0.55,
        0.55,
        0.55,
        0.55
    ],
    "val_f1_score": [
        0.0,
        0.0,
        0.0,
        0.0,
        0.3333333333333333,
        0.6842105263157895,
        0.7428571428571429,
        0.6976744186046512,
        0.6875,
        0.6206896551724138,
        0.4444444444444444,
        0.5517241379310345,
        0.6666666666666666,
        0.6,
        0.6666666666666666,
        0.6666666666666666,
        0.6875,
        0.7428571428571429,
        0.6,
        0.6875,
        0.6875,
        0.6875,
        0.6875,
        0.6875,
        0.6666666666666666,
        0.6666666666666666
    ]
}