{
    "labels": [
        0,
        0,
        0,
        0,
        0,
        0,
        0,
        0,
        0,
        0,
        0,
        0,
        0,
        0,
        0,
        0,
        0,
        0,
        0,
        0,
        0,
        0,
        0,
        0,
        0,
        0,
        0,
        0,
        0,
        0,
        0,
        0,
        0,
        0,
        0,
        0,
        0,
        0,
        0,
        1,
        1,
        1,
        1,
        1,
        1,
        1,
        1,
        1,
        1,
        1,
        1,
        1,
        1,
        1,
        1,
        1,
        1,
        1,
        1,
        1,
        1,
        1,
        1,
        1
    ],
    "preds": [
        1,
        1,
        0,
        0,
        0,
        0,
        0,
        0,
        0,
        0,
        0,
        0,
        0,
        0,
        0,
        0,
        0,
        0,
        0,
        0,
        0,
        0,
        0,
        0,
        0,
        0,
        0,
        0,
        0,
        0,
        0,
        0,
        1,
        1,
        0,
        0,
        1,
        1,
        0,
        0,
        1,
        1,
        1,
        1,
        1,
        0,
        0,
        0,
        1,
        0,
        1,
        0,
        1,
        1,
        0,
        1,
        1,
        1,
        1,
        1,
        1,
        0,
        1,
        1
    ],
    "probs": [
        0.6605083346366882,
        0.6838595271110535,
        0.012872547842562199,
        0.3133164644241333,
        0.029360385611653328,
        0.06385298073291779,
        0.013850080780684948,
        0.3127480745315552,
        0.018656620755791664,
        0.0406951941549778,
        0.07378233224153519,
        0.025410916656255722,
        0.017476186156272888,
        0.014117985963821411,
        0.18547001481056213,
        0.05737222731113434,
        0.020695749670267105,
        0.011801352724432945,
        0.04484940692782402,
        0.1335342526435852,
        0.013270976953208447,
        0.015391700901091099,
        0.010311556048691273,
        0.02390231005847454,
        0.030018087476491928,
        0.020312076434493065,
        0.3408234417438507,
        0.02267402783036232,
        0.030234050005674362,
        0.026658104732632637,
        0.020721225067973137,
        0.04184392839670181,
        0.7321615815162659,
        0.8054507970809937,
        0.04323294013738632,
        0.0144265815615654,
        0.5559189915657043,
        0.8461863994598389,
        0.12070198357105255,
        0.14292261004447937,
        0.8432479500770569,
        0.7683814764022827,
        0.6684701442718506,
        0.9246810078620911,
        0.8221722841262817,
        0.01342419907450676,
        0.02009270340204239,
        0.45044487714767456,
        0.8439563512802124,
        0.021468758583068848,
        0.9001885652542114,
        0.441270649433136,
        0.7829060554504395,
        0.9039115309715271,
        0.4908512234687805,
        0.514818549156189,
        0.6898365616798401,
        0.6374598145484924,
        0.8112750053405762,
        0.7610439658164978,
        0.5238698124885559,
        0.20202188193798065,
        0.726864218711853,
        0.7634807229042053
    ]
}