{
  "source_experiment": "exp_25",
  "seed": 42,
  "num_epochs": 60,
  "patience": 10,
  "model_config": {
    "hidden_size": 96,
    "num_layers": 2,
    "bidirectional": true,
    "dropout_fc": 0.35632300542900136,
    "lr": 0.0014236177202267212,
    "weight_decay": 0.00019602624637799358,
    "batch_size": 64,
    "input_size": 512
  },
  "original_test_metrics": {
    "loss": 0.5287684202194214,
    "accuracy": 0.828125,
    "precision": 0.85,
    "recall": 0.68,
    "f1_score": 0.7555555555555555,
    "auc": 0.8276923076923077
  },
  "manifest_features": "experiments\\exp_25\\results\\tables\\manifest_features.csv"
}