{
  "source_experiment": "exp_18",
  "seed": 42,
  "num_epochs": 60,
  "patience": 10,
  "model_config": {
    "hidden_size": 64,
    "num_layers": 3,
    "bidirectional": false,
    "dropout_fc": 0.21850614652277944,
    "lr": 0.0006134166029380689,
    "weight_decay": 1.90006541617579e-05,
    "batch_size": 16,
    "input_size": 512
  },
  "original_test_metrics": {
    "loss": 0.6590319126844406,
    "accuracy": 0.734375,
    "precision": 0.6538461538461539,
    "recall": 0.68,
    "f1_score": 0.6666666666666666,
    "auc": 0.837948717948718
  },
  "manifest_features": "experiments\\exp_18\\results\\tables\\manifest_features.csv"
}