{
    "labels": [
        0,
        0,
        0,
        0,
        0,
        0,
        0,
        0,
        0,
        0,
        0,
        0,
        0,
        0,
        0,
        0,
        0,
        0,
        0,
        0,
        0,
        0,
        0,
        0,
        0,
        0,
        0,
        0,
        0,
        0,
        0,
        0,
        0,
        0,
        0,
        0,
        0,
        0,
        0,
        1,
        1,
        1,
        1,
        1,
        1,
        1,
        1,
        1,
        1,
        1,
        1,
        1,
        1,
        1,
        1,
        1,
        1,
        1,
        1,
        1,
        1,
        1,
        1,
        1
    ],
    "preds": [
        1,
        1,
        0,
        0,
        0,
        0,
        0,
        0,
        0,
        0,
        0,
        0,
        0,
        0,
        0,
        0,
        0,
        0,
        0,
        0,
        0,
        0,
        0,
        0,
        0,
        0,
        0,
        0,
        0,
        0,
        0,
        0,
        1,
        0,
        0,
        0,
        1,
        0,
        0,
        1,
        1,
        1,
        1,
        1,
        1,
        0,
        0,
        0,
        1,
        0,
        1,
        1,
        1,
        1,
        1,
        1,
        0,
        1,
        1,
        1,
        1,
        0,
        1,
        1
    ],
    "probs": [
        0.8577418327331543,
        0.948399007320404,
        0.006789395119994879,
        0.03225206211209297,
        0.006372824776917696,
        0.008338947780430317,
        0.008622543886303902,
        0.0217108353972435,
        0.00901604350656271,
        0.005741619039326906,
        0.15771880745887756,
        0.11838912218809128,
        0.017948416993021965,
        0.013056712225079536,
        0.011838440783321857,
        0.012252137064933777,
        0.007949454709887505,
        0.004473061300814152,
        0.015072599053382874,
        0.029437391087412834,
        0.012912345118820667,
        0.019238902255892754,
        0.00591372000053525,
        0.040028005838394165,
        0.07502797991037369,
        0.007331931497901678,
        0.09344403445720673,
        0.008813678286969662,
        0.013240228407084942,
        0.0587540827691555,
        0.1724817454814911,
        0.029758062213659286,
        0.9273318648338318,
        0.22051429748535156,
        0.12457112967967987,
        0.007985428906977177,
        0.7631142735481262,
        0.10277979075908661,
        0.015445203520357609,
        0.8931163549423218,
        0.9653781652450562,
        0.9514819979667664,
        0.9165650010108948,
        0.9711949229240417,
        0.9688600301742554,
        0.007704314775764942,
        0.007115410175174475,
        0.12664364278316498,
        0.9371322393417358,
        0.010279797948896885,
        0.9618330001831055,
        0.6524601578712463,
        0.9646561145782471,
        0.6118486523628235,
        0.936385452747345,
        0.8896186947822571,
        0.4554971754550934,
        0.9360238909721375,
        0.9646875858306885,
        0.9653202891349792,
        0.7960881590843201,
        0.056866854429244995,
        0.9596685767173767,
        0.9643760919570923
    ]
}