{
    "best_hyperparameters": {
        "hidden_size": 96,
        "num_layers": 2,
        "bidirectional": true,
        "lr": 0.0007791552699749975,
        "weight_decay": 1.4453752665646362e-05,
        "batch_size": 64,
        "dropout_fc": 0.36978218384479683
    },
    "best_validation_loss": 0.16423068940639496,
    "best_validation_auc": 0.9838709677419355,
    "best_epoch": 7,
    "test_metrics": {
        "loss": 0.511006236076355,
        "accuracy": 0.84375,
        "precision": 0.8260869565217391,
        "recall": 0.76,
        "f1_score": 0.7916666666666666,
        "auc": 0.8584615384615385
    },
    "features_manifest": "..\\experiments\\exp_77\\results\\tables\\manifest_features.csv"
}