{
    "train_loss": [
        0.6799508035182953,
        0.6545634865760803,
        0.5942601412534714,
        0.5031995177268982,
        0.3953363075852394,
        0.26189859956502914,
        0.21185002103447914,
        0.17350454069674015,
        0.1813372429460287,
        0.11346598900854588,
        0.10634273290634155,
        0.06003136280924082,
        0.07583094807341695,
        0.038236621767282486,
        0.027305837022140622,
        0.02645245660096407,
        0.03771115595009178
    ],
    "val_loss": [
        0.6312355995178223,
        0.6001378297805786,
        0.5098113417625427,
        0.4238784909248352,
        0.34260696172714233,
        0.21582071483135223,
        0.16423068940639496,
        0.46355152130126953,
        0.3149850070476532,
        0.43261024355888367,
        0.24504046142101288,
        0.1849435418844223,
        0.18799234926700592,
        0.49788278341293335,
        0.42663338780403137,
        0.4670507311820984,
        0.37661096453666687
    ],
    "val_auc": [
        0.8502304147465438,
        0.880184331797235,
        0.8940092165898618,
        0.9032258064516129,
        0.9400921658986175,
        0.9723502304147466,
        0.9838709677419355,
        0.9769585253456221,
        0.9769585253456221,
        0.9723502304147466,
        0.9815668202764978,
        0.9838709677419355,
        0.9838709677419355,
        0.9654377880184332,
        0.9493087557603687,
        0.9377880184331797,
        0.9608294930875576
    ],
    "val_accuracy": [
        0.6888888888888889,
        0.8222222222222222,
        0.8,
        0.8444444444444444,
        0.8444444444444444,
        0.9111111111111111,
        0.9333333333333333,
        0.8222222222222222,
        0.9111111111111111,
        0.8,
        0.9333333333333333,
        0.9111111111111111,
        0.9111111111111111,
        0.8888888888888888,
        0.8888888888888888,
        0.8666666666666667,
        0.9111111111111111
    ],
    "val_precision": [
        0.0,
        0.7142857142857143,
        0.7272727272727273,
        0.7692307692307693,
        0.7058823529411765,
        0.9166666666666666,
        0.8235294117647058,
        0.6363636363636364,
        1.0,
        0.6086956521739131,
        1.0,
        0.8571428571428571,
        0.8571428571428571,
        1.0,
        0.8,
        0.7857142857142857,
        0.8571428571428571
    ],
    "val_recall": [
        0.0,
        0.7142857142857143,
        0.5714285714285714,
        0.7142857142857143,
        0.8571428571428571,
        0.7857142857142857,
        1.0,
        1.0,
        0.7142857142857143,
        1.0,
        0.7857142857142857,
        0.8571428571428571,
        0.8571428571428571,
        0.6428571428571429,
        0.8571428571428571,
        0.7857142857142857,
        0.8571428571428571
    ],
    "val_f1_score": [
        0.0,
        0.7142857142857143,
        0.64,
        0.7407407407407407,
        0.7741935483870968,
        0.8461538461538461,
        0.9032258064516129,
        0.7777777777777778,
        0.8333333333333334,
        0.7567567567567568,
        0.88,
        0.8571428571428571,
        0.8571428571428571,
        0.782608695652174,
        0.8275862068965517,
        0.7857142857142857,
        0.8571428571428571
    ]
}