{
    "train_loss": [
        0.6818933635950089,
        0.6564644575119019,
        0.5474952161312103,
        0.451769083738327,
        0.5693487748503685,
        0.29982082545757294,
        0.24657172337174416,
        0.2519480213522911,
        0.2024051956832409,
        0.12314714957028627,
        0.16479263082146645,
        0.20434393547475338,
        0.21969581581652164,
        0.2856711149215698,
        0.1377170067280531,
        0.1456128004938364,
        0.09922402631491423,
        0.0800419682636857,
        0.1077991146594286,
        0.0916217565536499,
        0.07225084630772471,
        0.18484639562666416,
        0.10477858735248446,
        0.16955560818314552,
        0.1514244470745325,
        0.1666971556842327
    ],
    "val_loss": [
        0.6593387126922607,
        0.6172581911087036,
        0.5799165964126587,
        0.7512069940567017,
        0.7088678479194641,
        0.5041860342025757,
        0.5606175661087036,
        0.5374399423599243,
        0.5330101847648621,
        0.717747151851654,
        0.8502097129821777,
        0.6867884993553162,
        0.9421331882476807,
        0.5614159107208252,
        0.5715426802635193,
        0.37456172704696655,
        0.5660706758499146,
        0.4230388104915619,
        0.6987379789352417,
        0.5655421018600464,
        0.7468830347061157,
        0.6904595494270325,
        0.8294636011123657,
        0.8842885494232178,
        0.8356330990791321,
        0.5532643795013428
    ],
    "val_auc": [
        0.7258064516129032,
        0.75,
        0.767741935483871,
        0.5741935483870968,
        0.8112903225806452,
        0.8354838709677419,
        0.8193548387096774,
        0.8419354838709677,
        0.8580645161290322,
        0.8048387096774194,
        0.8209677419354838,
        0.846774193548387,
        0.8306451612903225,
        0.8629032258064516,
        0.8693548387096773,
        0.8903225806451612,
        0.8854838709677418,
        0.9080645161290323,
        0.8709677419354839,
        0.8725806451612903,
        0.8758064516129032,
        0.8516129032258065,
        0.8564516129032258,
        0.8435483870967743,
        0.8354838709677419,
        0.8548387096774194
    ],
    "val_accuracy": [
        0.6078431372549019,
        0.6666666666666666,
        0.7647058823529411,
        0.5490196078431373,
        0.803921568627451,
        0.7450980392156863,
        0.803921568627451,
        0.803921568627451,
        0.8235294117647058,
        0.803921568627451,
        0.7647058823529411,
        0.7647058823529411,
        0.7450980392156863,
        0.7843137254901961,
        0.803921568627451,
        0.8823529411764706,
        0.803921568627451,
        0.8823529411764706,
        0.8235294117647058,
        0.8627450980392157,
        0.8235294117647058,
        0.8431372549019608,
        0.7647058823529411,
        0.6862745098039216,
        0.7843137254901961,
        0.8235294117647058
    ],
    "val_precision": [
        0.0,
        1.0,
        0.7857142857142857,
        0.4594594594594595,
        1.0,
        0.7058823529411765,
        1.0,
        1.0,
        0.7619047619047619,
        1.0,
        0.6538461538461539,
        0.75,
        1.0,
        0.68,
        1.0,
        0.8888888888888888,
        0.9166666666666666,
        0.8888888888888888,
        1.0,
        0.9333333333333333,
        1.0,
        0.8,
        0.9,
        0.5625,
        1.0,
        0.8235294117647058
    ],
    "val_recall": [
        0.0,
        0.15,
        0.55,
        0.85,
        0.5,
        0.6,
        0.5,
        0.5,
        0.8,
        0.5,
        0.85,
        0.6,
        0.35,
        0.85,
        0.5,
        0.8,
        0.55,
        0.8,
        0.55,
        0.7,
        0.55,
        0.8,
        0.45,
        0.9,
        0.45,
        0.7
    ],
    "val_f1_score": [
        0.0,
        0.2608695652173913,
        0.6470588235294118,
        0.5964912280701754,
        0.6666666666666666,
        0.6486486486486487,
        0.6666666666666666,
        0.6666666666666666,
        0.7804878048780488,
        0.6666666666666666,
        0.7391304347826086,
        0.6666666666666666,
        0.5185185185185185,
        0.7555555555555555,
        0.6666666666666666,
        0.8421052631578947,
        0.6875,
        0.8421052631578947,
        0.7096774193548387,
        0.8,
        0.7096774193548387,
        0.8,
        0.6,
        0.6923076923076923,
        0.6206896551724138,
        0.7567567567567568
    ]
}