{
    "labels": [
        0,
        0,
        0,
        0,
        0,
        0,
        0,
        0,
        0,
        0,
        0,
        0,
        0,
        0,
        0,
        0,
        0,
        0,
        0,
        0,
        0,
        0,
        0,
        0,
        0,
        0,
        0,
        0,
        0,
        0,
        0,
        0,
        0,
        0,
        0,
        0,
        0,
        0,
        0,
        1,
        1,
        1,
        1,
        1,
        1,
        1,
        1,
        1,
        1,
        1,
        1,
        1,
        1,
        1,
        1,
        1,
        1,
        1,
        1,
        1,
        1,
        1,
        1,
        1
    ],
    "preds": [
        1,
        1,
        0,
        0,
        0,
        0,
        0,
        0,
        0,
        0,
        0,
        1,
        0,
        0,
        0,
        0,
        0,
        0,
        0,
        0,
        0,
        0,
        0,
        0,
        0,
        0,
        0,
        0,
        0,
        0,
        0,
        0,
        1,
        1,
        0,
        0,
        1,
        1,
        0,
        0,
        1,
        1,
        1,
        1,
        1,
        0,
        0,
        1,
        1,
        0,
        1,
        1,
        1,
        1,
        1,
        1,
        1,
        1,
        1,
        1,
        1,
        0,
        1,
        1
    ],
    "probs": [
        0.8080117702484131,
        0.8871229290962219,
        0.03480681777000427,
        0.1982617974281311,
        0.043365780264139175,
        0.038252610713243484,
        0.016803300008177757,
        0.26568514108657837,
        0.026688089594244957,
        0.12410308420658112,
        0.047244757413864136,
        0.8699537515640259,
        0.02156095951795578,
        0.013501704670488834,
        0.2355116307735443,
        0.05034623667597771,
        0.021590111777186394,
        0.02061498910188675,
        0.03880074620246887,
        0.1442272812128067,
        0.015470059588551521,
        0.07962219417095184,
        0.01284883078187704,
        0.019316203892230988,
        0.013876469805836678,
        0.04824593663215637,
        0.09240857511758804,
        0.027212968096137047,
        0.02406959980726242,
        0.056291114538908005,
        0.06961806863546371,
        0.03823753446340561,
        0.7418834567070007,
        0.9733986258506775,
        0.020483214408159256,
        0.021669385954737663,
        0.8724568486213684,
        0.985129714012146,
        0.13733229041099548,
        0.09349913895130157,
        0.9865677356719971,
        0.9623941779136658,
        0.9013171195983887,
        0.9899167418479919,
        0.9843686819076538,
        0.025915710255503654,
        0.024849070236086845,
        0.5881024599075317,
        0.9867161512374878,
        0.07306282967329025,
        0.9833198189735413,
        0.9328009486198425,
        0.9771395325660706,
        0.9849173426628113,
        0.9797217845916748,
        0.9383461475372314,
        0.9705451130867004,
        0.637505054473877,
        0.9814716577529907,
        0.9546747803688049,
        0.9569509625434875,
        0.05140812695026398,
        0.9634279012680054,
        0.9710529446601868
    ]
}