{
    "best_hyperparameters": {
        "hidden_size": 256,
        "num_layers": 2,
        "bidirectional": false,
        "lr": 0.0005616447880517189,
        "weight_decay": 0.00019298826820903948,
        "batch_size": 64,
        "dropout_fc": 0.4931916224841358
    },
    "best_validation_loss": 0.37456172704696655,
    "best_validation_auc": 0.8903225806451612,
    "best_epoch": 16,
    "test_metrics": {
        "loss": 0.5653563141822815,
        "accuracy": 0.8125,
        "precision": 0.7407407407407407,
        "recall": 0.8,
        "f1_score": 0.7692307692307693,
        "auc": 0.8594871794871795
    },
    "features_manifest": "..\\experiments\\exp_31\\results\\tables\\manifest_features.csv"
}