{
    "train_loss": [
        0.689115047454834,
        0.6154137849807739,
        0.4844751755396525,
        0.41900866230328876,
        0.3654975692431132,
        0.29073231915632886,
        0.26775363584359485,
        0.2092240552107493,
        0.13351338356733322,
        0.10440053294102351,
        0.07421642821282148,
        0.020313548545042675,
        0.008078601987411579,
        0.005704577158515652,
        0.006211566137305151,
        0.007928695413284004
    ],
    "val_loss": [
        0.6520437598228455,
        0.576408863067627,
        0.5694804191589355,
        0.6387392282485962,
        0.707506000995636,
        0.5214537382125854,
        0.5853350162506104,
        0.558193027973175,
        0.6282585263252258,
        0.7708581686019897,
        0.7968336939811707,
        0.9680843353271484,
        0.9093788266181946,
        1.1896077394485474,
        1.1235437393188477,
        1.947844386100769
    ],
    "val_auc": [
        0.782258064516129,
        0.7709677419354839,
        0.7693548387096774,
        0.7903225806451614,
        0.7983870967741936,
        0.7935483870967741,
        0.8129032258064516,
        0.832258064516129,
        0.7983870967741936,
        0.8112903225806452,
        0.7951612903225806,
        0.7983870967741935,
        0.8016129032258064,
        0.8048387096774194,
        0.7999999999999999,
        0.7951612903225806
    ],
    "val_accuracy": [
        0.6078431372549019,
        0.7843137254901961,
        0.7254901960784313,
        0.6862745098039216,
        0.6862745098039216,
        0.803921568627451,
        0.803921568627451,
        0.8235294117647058,
        0.803921568627451,
        0.7843137254901961,
        0.8235294117647058,
        0.803921568627451,
        0.803921568627451,
        0.803921568627451,
        0.8235294117647058,
        0.7450980392156863
    ],
    "val_precision": [
        0.0,
        0.9090909090909091,
        0.6666666666666666,
        0.5769230769230769,
        0.8333333333333334,
        0.75,
        0.9166666666666666,
        0.9230769230769231,
        0.8125,
        0.9090909090909091,
        0.9230769230769231,
        1.0,
        0.8571428571428571,
        1.0,
        0.8235294117647058,
        1.0
    ],
    "val_recall": [
        0.0,
        0.5,
        0.6,
        0.75,
        0.25,
        0.75,
        0.55,
        0.6,
        0.65,
        0.5,
        0.6,
        0.5,
        0.6,
        0.5,
        0.7,
        0.35
    ],
    "val_f1_score": [
        0.0,
        0.6451612903225806,
        0.631578947368421,
        0.6521739130434783,
        0.38461538461538464,
        0.75,
        0.6875,
        0.7272727272727273,
        0.7222222222222222,
        0.6451612903225806,
        0.7272727272727273,
        0.6666666666666666,
        0.7058823529411765,
        0.6666666666666666,
        0.7567567567567568,
        0.5185185185185185
    ]
}