{
    "labels": [
        0,
        0,
        0,
        0,
        0,
        0,
        0,
        0,
        0,
        0,
        0,
        0,
        0,
        0,
        0,
        0,
        0,
        0,
        0,
        0,
        0,
        0,
        0,
        0,
        0,
        0,
        0,
        0,
        0,
        0,
        0,
        0,
        0,
        0,
        0,
        0,
        0,
        0,
        0,
        1,
        1,
        1,
        1,
        1,
        1,
        1,
        1,
        1,
        1,
        1,
        1,
        1,
        1,
        1,
        1,
        1,
        1,
        1,
        1,
        1,
        1,
        1,
        1,
        1
    ],
    "preds": [
        1,
        1,
        0,
        0,
        0,
        0,
        0,
        0,
        0,
        0,
        0,
        1,
        0,
        0,
        0,
        0,
        0,
        0,
        0,
        0,
        0,
        0,
        0,
        0,
        0,
        0,
        0,
        0,
        0,
        0,
        1,
        1,
        1,
        0,
        0,
        0,
        1,
        1,
        0,
        0,
        1,
        1,
        1,
        1,
        1,
        0,
        0,
        1,
        1,
        0,
        1,
        1,
        1,
        1,
        1,
        1,
        1,
        1,
        0,
        1,
        1,
        0,
        1,
        1
    ],
    "probs": [
        0.828524112701416,
        0.8462799787521362,
        0.054280638694763184,
        0.07457002252340317,
        0.07446926087141037,
        0.08286933600902557,
        0.14243347942829132,
        0.11261748522520065,
        0.07167291641235352,
        0.048783279955387115,
        0.15734218060970306,
        0.8063424825668335,
        0.22354282438755035,
        0.07023563981056213,
        0.4656107425689697,
        0.10378895699977875,
        0.058081597089767456,
        0.030039507895708084,
        0.14120393991470337,
        0.09470729529857635,
        0.06113444268703461,
        0.44323092699050903,
        0.06131048873066902,
        0.18041226267814636,
        0.16025280952453613,
        0.24854230880737305,
        0.29587048292160034,
        0.07294830679893494,
        0.2590615153312683,
        0.15786957740783691,
        0.6326170563697815,
        0.7546059489250183,
        0.812070906162262,
        0.16300514340400696,
        0.15349823236465454,
        0.19066932797431946,
        0.8067329525947571,
        0.8836961984634399,
        0.4031063914299011,
        0.2608436644077301,
        0.9316892623901367,
        0.9141808152198792,
        0.8830775618553162,
        0.9418065547943115,
        0.9409247040748596,
        0.14415088295936584,
        0.13442933559417725,
        0.6472523808479309,
        0.8188173174858093,
        0.03635403886437416,
        0.9262691140174866,
        0.7412678599357605,
        0.9230298399925232,
        0.5811315774917603,
        0.7369276285171509,
        0.6130980253219604,
        0.843482255935669,
        0.5852225422859192,
        0.1331944614648819,
        0.9263245463371277,
        0.8965921998023987,
        0.11756791174411774,
        0.9290095567703247,
        0.8506748676300049
    ]
}