{
    "best_hyperparameters": {
        "hidden_size": 192,
        "num_layers": 2,
        "bidirectional": false,
        "lr": 0.0014874250687395756,
        "weight_decay": 0.00048310176912118405,
        "batch_size": 64,
        "dropout_fc": 0.30289531425438015
    },
    "best_validation_loss": 0.42831218242645264,
    "best_validation_auc": 0.884,
    "best_epoch": 9,
    "test_metrics": {
        "loss": 0.5324857831001282,
        "accuracy": 0.7678571428571429,
        "precision": 0.9285714285714286,
        "recall": 0.52,
        "f1_score": 0.6666666666666666,
        "auc": 0.849032258064516
    },
    "features_used": "..\\experiments\\exp_07\\processed_data\\features"
}