{
    "best_hyperparameters": {
        "hidden_size": 192,
        "num_layers": 2,
        "bidirectional": true,
        "lr": 0.0010988391857061563,
        "weight_decay": 1.567198583924933e-05,
        "batch_size": 64,
        "dropout_fc": 0.21208219763539932
    },
    "best_validation_loss": 0.5214537382125854,
    "best_validation_auc": 0.7935483870967741,
    "best_epoch": 6,
    "test_metrics": {
        "loss": 0.5544058084487915,
        "accuracy": 0.78125,
        "precision": 0.7037037037037037,
        "recall": 0.76,
        "f1_score": 0.7307692307692307,
        "auc": 0.798974358974359
    },
    "features_manifest": "..\\experiments\\exp_07\\results\\tables\\manifest_features.csv"
}