{
    "train_loss": [
        0.6892451445261637,
        0.6529682079950968,
        0.5869324803352356,
        0.466552992661794,
        0.43355051676432294,
        0.35290054480234784,
        0.2758575528860092,
        0.18972498178482056,
        0.4587189853191376,
        0.249584232767423,
        0.1901673525571823,
        0.232767624159654,
        0.22342674682537714,
        0.1719183474779129,
        0.214763971666495,
        0.17513463149468103,
        0.12370575219392776,
        0.05807299166917801,
        0.05802834406495094
    ],
    "val_loss": [
        0.6840791702270508,
        0.6465440988540649,
        0.618600070476532,
        0.7307451963424683,
        0.7109289765357971,
        0.49511775374412537,
        0.4729483723640442,
        1.6827762126922607,
        0.42831218242645264,
        0.7619084119796753,
        0.4726704955101013,
        1.210341453552246,
        0.5815272927284241,
        0.9326924681663513,
        0.5574095249176025,
        0.7138020396232605,
        0.7899900674819946,
        0.6099703907966614,
        1.2205451726913452
    ],
    "val_auc": [
        0.634,
        0.724,
        0.748,
        0.776,
        0.802,
        0.842,
        0.86,
        0.904,
        0.884,
        0.86,
        0.866,
        0.824,
        0.83,
        0.858,
        0.87,
        0.89,
        0.888,
        0.876,
        0.866
    ],
    "val_accuracy": [
        0.5777777777777777,
        0.6222222222222222,
        0.6666666666666666,
        0.6222222222222222,
        0.6,
        0.7555555555555555,
        0.7777777777777778,
        0.6444444444444445,
        0.7777777777777778,
        0.6222222222222222,
        0.7777777777777778,
        0.6,
        0.7111111111111111,
        0.6444444444444445,
        0.7333333333333333,
        0.7111111111111111,
        0.6888888888888889,
        0.7777777777777778,
        0.6888888888888889
    ],
    "val_precision": [
        0.5384615384615384,
        0.7142857142857143,
        0.6470588235294118,
        0.5454545454545454,
        0.53125,
        0.7647058823529411,
        0.7272727272727273,
        0.5555555555555556,
        0.9166666666666666,
        0.5428571428571428,
        0.9166666666666666,
        0.5277777777777778,
        0.7333333333333333,
        0.5588235294117647,
        0.9,
        0.6129032258064516,
        0.6,
        0.7777777777777778,
        0.59375
    ],
    "val_recall": [
        0.35,
        0.25,
        0.55,
        0.9,
        0.85,
        0.65,
        0.8,
        1.0,
        0.55,
        0.95,
        0.55,
        0.95,
        0.55,
        0.95,
        0.45,
        0.95,
        0.9,
        0.7,
        0.95
    ],
    "val_f1_score": [
        0.42424242424242425,
        0.37037037037037035,
        0.5945945945945946,
        0.6792452830188679,
        0.6538461538461539,
        0.7027027027027027,
        0.7619047619047619,
        0.7142857142857143,
        0.6875,
        0.6909090909090909,
        0.6875,
        0.6785714285714286,
        0.6285714285714286,
        0.7037037037037037,
        0.6,
        0.7450980392156863,
        0.72,
        0.7368421052631579,
        0.7307692307692307
    ]
}