{
    "labels": [
        0,
        0,
        0,
        0,
        0,
        0,
        0,
        0,
        0,
        0,
        0,
        0,
        0,
        0,
        0,
        0,
        0,
        0,
        0,
        0,
        0,
        0,
        0,
        0,
        0,
        0,
        0,
        0,
        0,
        0,
        0,
        1,
        1,
        1,
        1,
        1,
        1,
        1,
        1,
        1,
        1,
        1,
        1,
        1,
        1,
        1,
        1,
        1,
        1,
        1,
        1,
        1,
        1,
        1,
        1,
        1
    ],
    "preds": [
        0,
        1,
        0,
        0,
        0,
        0,
        0,
        0,
        0,
        0,
        0,
        0,
        0,
        0,
        0,
        0,
        0,
        0,
        0,
        0,
        0,
        0,
        0,
        0,
        0,
        0,
        0,
        0,
        0,
        0,
        0,
        1,
        1,
        0,
        0,
        1,
        1,
        1,
        0,
        1,
        0,
        1,
        1,
        0,
        1,
        0,
        1,
        0,
        0,
        1,
        0,
        0,
        1,
        1,
        0,
        0
    ],
    "probs": [
        0.02742842026054859,
        0.6361374855041504,
        0.18293365836143494,
        0.06743621081113815,
        0.06028374284505844,
        0.054726988077163696,
        0.11260244250297546,
        0.11354120820760727,
        0.33222028613090515,
        0.04642359912395477,
        0.04828893765807152,
        0.24341905117034912,
        0.04999851807951927,
        0.05634959414601326,
        0.12927031517028809,
        0.27006369829177856,
        0.03495830297470093,
        0.07012393325567245,
        0.036590076982975006,
        0.05892713740468025,
        0.12628181278705597,
        0.042096253484487534,
        0.07698612660169601,
        0.04739001765847206,
        0.0683312863111496,
        0.21069848537445068,
        0.24333053827285767,
        0.039039839059114456,
        0.25287625193595886,
        0.1353803426027298,
        0.05272815376520157,
        0.7210935354232788,
        0.7111945748329163,
        0.21378611028194427,
        0.4574919044971466,
        0.6994742751121521,
        0.872800886631012,
        0.8089010715484619,
        0.19573406875133514,
        0.9718827605247498,
        0.1092897355556488,
        0.5542746186256409,
        0.9734752774238586,
        0.2004377841949463,
        0.514613926410675,
        0.02733636274933815,
        0.8658031821250916,
        0.05537491664290428,
        0.3057483434677124,
        0.9503077864646912,
        0.09732601046562195,
        0.3946397602558136,
        0.7642312049865723,
        0.9527034163475037,
        0.23628374934196472,
        0.16122497618198395
    ]
}